-- MySQL dump 10.13  Distrib 8.0.29, for Linux (x86_64)
--
-- Host: localhost    Database: quiz
-- ------------------------------------------------------
-- Server version	8.0.30-0ubuntu0.22.04.1

/*!40101 SET @OLD_CHARACTER_SET_CLIENT=@@CHARACTER_SET_CLIENT */;
/*!40101 SET @OLD_CHARACTER_SET_RESULTS=@@CHARACTER_SET_RESULTS */;
/*!40101 SET @OLD_COLLATION_CONNECTION=@@COLLATION_CONNECTION */;
/*!50503 SET NAMES utf8 */;
/*!40103 SET @OLD_TIME_ZONE=@@TIME_ZONE */;
/*!40103 SET TIME_ZONE='+00:00' */;
/*!40014 SET @OLD_UNIQUE_CHECKS=@@UNIQUE_CHECKS, UNIQUE_CHECKS=0 */;
/*!40014 SET @OLD_FOREIGN_KEY_CHECKS=@@FOREIGN_KEY_CHECKS, FOREIGN_KEY_CHECKS=0 */;
/*!40101 SET @OLD_SQL_MODE=@@SQL_MODE, SQL_MODE='NO_AUTO_VALUE_ON_ZERO' */;
/*!40111 SET @OLD_SQL_NOTES=@@SQL_NOTES, SQL_NOTES=0 */;

--
-- Table structure for table `cathi`
--

DROP TABLE IF EXISTS `cathi`;
/*!40101 SET @saved_cs_client     = @@character_set_client */;
/*!50503 SET character_set_client = utf8mb4 */;
CREATE TABLE `cathi` (
  `macathi` int NOT NULL AUTO_INCREMENT,
  `ngaythi` date NOT NULL,
  `tencathi` varchar(255) CHARACTER SET utf8mb3 COLLATE utf8mb3_general_ci NOT NULL,
  `tietbaodanh` smallint NOT NULL,
  `dahuy` tinyint(1) DEFAULT '0',
  `dathi` tinyint(1) DEFAULT '0',
  `thoigianlambai` smallint NOT NULL,
  `loaikythi` varchar(50) CHARACTER SET utf8mb3 COLLATE utf8mb3_general_ci NOT NULL,
  `magv` char(10) CHARACTER SET utf8mb3 COLLATE utf8mb3_general_ci NOT NULL,
  PRIMARY KEY (`macathi`),
  KEY `FKm23eo9mt7uradsvgfoswjjnmw` (`magv`),
  CONSTRAINT `FKm23eo9mt7uradsvgfoswjjnmw` FOREIGN KEY (`magv`) REFERENCES `nguoidung` (`manguoidung`)
) ENGINE=InnoDB AUTO_INCREMENT=12 DEFAULT CHARSET=utf8mb4 COLLATE=utf8mb4_0900_ai_ci;
/*!40101 SET character_set_client = @saved_cs_client */;

--
-- Dumping data for table `cathi`
--

LOCK TABLES `cathi` WRITE;
/*!40000 ALTER TABLE `cathi` DISABLE KEYS */;
INSERT INTO `cathi` VALUES (1,'2022-12-03','2022-2023-1-Lập trình với Python-2-Giữa kỳ-1',7,0,0,60,'Giữa kỳ','N18DCCN220'),(2,'2022-12-02','2022-2023-1-Lập trình với Python-1-Cuối kỳ-1',1,0,0,60,'Cuối kỳ','N18DCCN220'),(3,'2022-12-30','2022-2023-1-Lập trình với Python-2-Giữa kỳ-2',7,0,0,60,'Giữa kỳ','N18DCCN220'),(5,'2022-12-06','2022-2023-2-Cấu trúc dữ liệu và giải thuật-1-Cuối kỳ-1',1,0,0,60,'Cuối kỳ','N18DCCN220'),(6,'2022-12-04','2022-2023-2-Cấu trúc dữ liệu và giải thuật-1-Cuối kỳ-1',3,0,0,100,'Cuối kỳ','N18DCCN220'),(7,'2022-12-04','2022-2023-1-Lập trình với Python-1-Cuối kỳ-1',3,0,0,60,'Cuối kỳ','N18DCCN220'),(8,'2022-12-04','2022-2023-1-Lập trình với Python-1-Giữa kỳ-1',3,0,0,45,'Giữa kỳ','GV-20238'),(9,'2022-12-04','2022-2023-1-Lập trình với Python-2-Cuối kỳ-1',3,0,0,55,'Cuối kỳ','N18DCCN220'),(10,'2022-12-04','2022-2023-1-Lập trình với Python-2-Cuối kỳ-2',1,0,0,55,'Cuối kỳ','N18DCCN220'),(11,'2022-12-11','2022-2023-1-Lập trình với Python-1-Giữa kỳ-2',3,0,0,10,'Giữa kỳ','N18DCCN220');
/*!40000 ALTER TABLE `cathi` ENABLE KEYS */;
UNLOCK TABLES;

--
-- Table structure for table `cauhoi`
--

DROP TABLE IF EXISTS `cauhoi`;
/*!40101 SET @saved_cs_client     = @@character_set_client */;
/*!50503 SET character_set_client = utf8mb4 */;
CREATE TABLE `cauhoi` (
  `macauhoi` int NOT NULL AUTO_INCREMENT,
  `noidungcauhoi` text NOT NULL,
  `hinhanh` varchar(255) DEFAULT NULL,
  `dokho` int NOT NULL,
  `loaicauhoi` varchar(20) NOT NULL,
  `machuong` int NOT NULL,
  `magv` char(10) CHARACTER SET utf8mb3 COLLATE utf8mb3_general_ci NOT NULL,
  `consudung` tinyint(1) DEFAULT '1',
  PRIMARY KEY (`macauhoi`),
  KEY `FKb8olih69bysaqfrdj1evm2kxf` (`magv`),
  KEY `FKioeim97nhyiym023hj6nsai7x` (`machuong`),
  CONSTRAINT `FKb8olih69bysaqfrdj1evm2kxf` FOREIGN KEY (`magv`) REFERENCES `nguoidung` (`manguoidung`),
  CONSTRAINT `FKioeim97nhyiym023hj6nsai7x` FOREIGN KEY (`machuong`) REFERENCES `chuong` (`machuong`)
) ENGINE=InnoDB AUTO_INCREMENT=48 DEFAULT CHARSET=utf8mb4 COLLATE=utf8mb4_0900_ai_ci;
/*!40101 SET character_set_client = @saved_cs_client */;

--
-- Dumping data for table `cauhoi`
--

LOCK TABLES `cauhoi` WRITE;
/*!40000 ALTER TABLE `cauhoi` DISABLE KEYS */;
INSERT INTO `cauhoi` VALUES (1,'Giả sử trong một nhóm 6 người mỗi cặp hai người hoặc là bạn, hoặc là thù của nhau. Khi đó',NULL,2,'Một đáp án',1,'N18DCCN220',1),(2,'Số các các chỉnh hợp không lặp chập k của n là:',NULL,0,'Một đáp án',1,'N18DCCN220',1),(3,'Số các các hoán vị của tập n phần tử là:',NULL,0,'Một đáp án',1,'N18DCCN220',1),(4,'Số các tổ hợp chập k của tập n phần tử là:',NULL,0,'Một đáp án',1,'N18DCCN220',1),(5,'Để chứng minh “một số nguyên dương n là lẻ khi và chỉ khi 5n+6 là lẻ”, ta dùng phương pháp chứng minh nào?',NULL,0,'Một đáp án',1,'N18DCCN220',1),(6,'Để chứng minh √2  là số vô tỷ, ta dùng phương pháp chứng minh nào? ',NULL,0,'Một đáp án',2,'N18DCCN220',1),(7,'Cho hàm Boole: f(a, b, c, d) = a.b + b.d + d.c . Dạng tối thiểu của hàm f là:',NULL,0,'Một đáp án',2,'N18DCCN220',1),(8,'Một giải thuật đệ qui được thực hiện thông qua hai bước:',NULL,0,'Một đáp án',2,'N18DCCN220',1),(9,'Khi thiết kế thuật toán đệ quy thì ta cần xác định các yêu cầu sau:',NULL,0,'Một đáp án',2,'N18DCCN220',0),(10,'Cho biết số phần tử của A1 + A2 + A3 nếu mỗi tập có 100 phần tử và các tập hợp là đôi một rời nhau?',NULL,0,'Một đáp án',3,'N18DCCN220',1),(11,'Cho biết số phần tử của A1 + A2 + A3 nếu mỗi tập có 100 phần tử và nếu có 50 phần tử chung của mỗi cặp 2 tập và có 10 phần tử chung của cả 3 tập? ',NULL,1,'Một đáp án',1,'N18DCCN220',1),(12,'Giả sử trong một nhóm 6 người mỗi cặp hai người hoặc là bạn, hoặc là thù của nhau. Khi đó:',NULL,1,'Một đáp án',1,'N18DCCN220',1),(13,'Số hàm từ tập có k phần tử vào tập có n phần tử.',NULL,1,'Một đáp án',1,'N18DCCN220',1),(14,'Hoán vị nào dưới đây là hoán vị kế tiếp của hoán vị 2 1 3 4 5 6 7 8 9.',NULL,1,'Một đáp án',2,'N18DCCN220',1),(15,'Cho n, r là các số nguyên không âm sao cho  . Khi đó:',NULL,1,'Một đáp án',2,'N18DCCN220',1),(16,'Thuật toán được định nghĩa:',NULL,1,'Một đáp án',3,'N18DCCN220',1),(17,'Khi xây dựng một thuật toán cần chú ý đến các đặc trưng sau đây:',NULL,1,'Một đáp án',3,'N18DCCN220',1),(18,'Các phương pháp thường dùng để biểu diễn thuật toán trước khi viết chương trình là:',NULL,1,'Một đáp án',3,'N18DCCN220',1),(19,'Liệt kê là phương pháp:',NULL,1,'Một đáp án',3,'N18DCCN220',1),(20,'Một thuật toán liệt kê phải đảm bảo:',NULL,1,'Một đáp án',3,'N18DCCN220',1),(21,'Định nghĩa bằng đệ qui là phương pháp:',NULL,1,'Một đáp án',3,'N18DCCN220',1),(22,'Nội dung chính của thuật toán quay lui là:',NULL,1,'Một đáp án',3,'N18DCCN220',1),(23,'Thuật toán được qọi là đệ quy nếu:',NULL,1,'Một đáp án',3,'N18DCCN220',1),(24,'Cấu trúc của chương trình con đệ quy gồm:',NULL,1,'Một đáp án',4,'N18DCCN220',1),(25,'Nội dung của nguyên lý bù trừ phát biểu trên hai tập hợp hữu hạn A, B:',NULL,1,'Một đáp án',4,'N18DCCN220',1),(26,'Nội dung của nguyên lý cộng phát biểu trên hai tập hợp hữu hạn A, B:',NULL,1,'Một đáp án',4,'N18DCCN220',1),(27,'Nội dung của nguyên lý nhân phát biểu trên hai tập hợp hữu hạn A, B:',NULL,2,'Một đáp án',3,'N18DCCN220',1),(28,'Các hoán vị của n phần tử:',NULL,2,'Một đáp án',4,'N18DCCN220',1),(29,'Chỉnh hợp không lặp chập k của n phần tử:',NULL,2,'Một đáp án',4,'N18DCCN220',1),(31,'Một tổ hợp chập k của n phần tử:',NULL,2,'Một đáp án',4,'N18DCCN220',1),(32,'Số các các chỉnh hợp lặp chập k của n là:',NULL,2,'Một đáp án',4,'N18DCCN220',1),(33,'Nội dung câu hỏi đáp án điền',NULL,2,'Đáp án điền',4,'N18DCCN220',1),(34,'Nội dung câu hỏi nhiều đáp án ',NULL,1,'Nhiều đáp án',4,'N18DCCN220',1),(35,'Một chỉnh hợp lặp chập k của n phần tử:',NULL,2,'Một đáp án',4,'N18DCCN220',1),(41,'Câu hỏi khó',NULL,2,'Nhiều đáp án',40,'N18DCCN220',1),(42,'Câu hỏi khó khó',NULL,2,'Nhiều đáp án',49,'N18DCCN220',1),(44,'câu hỏi chương 1 môn test',NULL,0,'Một đáp án',48,'N18DCCN220',0),(45,'Cau hoi dien khuyet',NULL,1,'Đáp án điền',48,'N18DCCN220',0);
/*!40000 ALTER TABLE `cauhoi` ENABLE KEYS */;
UNLOCK TABLES;

--
-- Table structure for table `chitietthi`
--

DROP TABLE IF EXISTS `chitietthi`;
/*!40101 SET @saved_cs_client     = @@character_set_client */;
/*!50503 SET character_set_client = utf8mb4 */;
CREATE TABLE `chitietthi` (
  `id` int NOT NULL AUTO_INCREMENT,
  `cautraloi` varchar(255) DEFAULT NULL,
  `macauhoi` int DEFAULT NULL,
  `macathi` int DEFAULT NULL,
  `maltc` int DEFAULT NULL,
  `masv` char(10) CHARACTER SET utf8mb3 COLLATE utf8mb3_general_ci DEFAULT NULL,
  `lanthi` smallint DEFAULT NULL,
  PRIMARY KEY (`id`),
  KEY `FKis9fqky9i75ugcq291vqcbbvj` (`macauhoi`),
  KEY `FKj5ylioe69918r1bllg6sj4sfc` (`macathi`,`maltc`,`masv`,`lanthi`),
  CONSTRAINT `FKis9fqky9i75ugcq291vqcbbvj` FOREIGN KEY (`macauhoi`) REFERENCES `cauhoi` (`macauhoi`),
  CONSTRAINT `FKj5ylioe69918r1bllg6sj4sfc` FOREIGN KEY (`macathi`, `maltc`, `masv`, `lanthi`) REFERENCES `thi` (`macathi`, `maltc`, `masv`, `lanthi`)
) ENGINE=InnoDB AUTO_INCREMENT=3585 DEFAULT CHARSET=utf8mb4 COLLATE=utf8mb4_0900_ai_ci;
/*!40101 SET character_set_client = @saved_cs_client */;

--
-- Dumping data for table `chitietthi`
--

LOCK TABLES `chitietthi` WRITE;
/*!40000 ALTER TABLE `chitietthi` DISABLE KEYS */;
INSERT INTO `chitietthi` VALUES (1,'C',1,1,13,'N20DCCN156',1),(2,'A',2,1,13,'N20DCCN156',1),(3,'A',3,1,13,'N20DCCN156',1),(4,'A',5,1,13,'N20DCCN156',1),(5,'A',6,1,13,'N20DCCN156',1),(6,'A',9,1,13,'N20DCCN156',1),(7,'A',11,1,13,'N20DCCN156',1),(8,'B',13,1,13,'N20DCCN156',1),(9,'A',15,1,13,'N20DCCN156',1),(10,'A',17,1,13,'N20DCCN156',1),(11,'A',20,1,13,'N20DCCN156',1),(12,'A',21,1,13,'N20DCCN156',1),(13,'A',22,1,13,'N20DCCN156',1),(14,'A',23,1,13,'N20DCCN156',1),(15,'A',25,1,13,'N20DCCN156',1),(16,'A',27,1,13,'N20DCCN156',1),(17,'A',29,1,13,'N20DCCN156',1),(18,'A',31,1,13,'N20DCCN156',1),(19,'A',32,1,13,'N20DCCN156',1),(20,'A',33,1,13,'N20DCCN156',1),(21,NULL,1,1,13,'N20DCCN139',1),(22,NULL,2,1,13,'N20DCCN139',1),(23,NULL,3,1,13,'N20DCCN139',1),(24,NULL,5,1,13,'N20DCCN139',1),(25,NULL,6,1,13,'N20DCCN139',1),(26,NULL,9,1,13,'N20DCCN139',1),(27,NULL,11,1,13,'N20DCCN139',1),(28,NULL,13,1,13,'N20DCCN139',1),(29,NULL,15,1,13,'N20DCCN139',1),(30,NULL,17,1,13,'N20DCCN139',1),(31,NULL,20,1,13,'N20DCCN139',1),(32,NULL,21,1,13,'N20DCCN139',1),(33,NULL,22,1,13,'N20DCCN139',1),(34,NULL,23,1,13,'N20DCCN139',1),(35,NULL,25,1,13,'N20DCCN139',1),(36,NULL,27,1,13,'N20DCCN139',1),(37,NULL,29,1,13,'N20DCCN139',1),(38,NULL,31,1,13,'N20DCCN139',1),(39,NULL,32,1,13,'N20DCCN139',1),(40,NULL,33,1,13,'N20DCCN139',1),(41,NULL,1,1,13,'N20DCCN115',1),(42,NULL,2,1,13,'N20DCCN115',1),(43,NULL,3,1,13,'N20DCCN115',1),(44,NULL,5,1,13,'N20DCCN115',1),(45,NULL,6,1,13,'N20DCCN115',1),(46,NULL,9,1,13,'N20DCCN115',1),(47,NULL,11,1,13,'N20DCCN115',1),(48,NULL,13,1,13,'N20DCCN115',1),(49,NULL,15,1,13,'N20DCCN115',1),(50,NULL,17,1,13,'N20DCCN115',1),(51,NULL,20,1,13,'N20DCCN115',1),(52,NULL,21,1,13,'N20DCCN115',1),(53,NULL,22,1,13,'N20DCCN115',1),(54,NULL,23,1,13,'N20DCCN115',1),(55,NULL,25,1,13,'N20DCCN115',1),(56,NULL,27,1,13,'N20DCCN115',1),(57,NULL,29,1,13,'N20DCCN115',1),(58,NULL,31,1,13,'N20DCCN115',1),(59,NULL,32,1,13,'N20DCCN115',1),(60,NULL,33,1,13,'N20DCCN115',1),(61,NULL,1,1,13,'N19DCCN176',1),(62,NULL,2,1,13,'N19DCCN176',1),(63,NULL,3,1,13,'N19DCCN176',1),(64,NULL,5,1,13,'N19DCCN176',1),(65,NULL,6,1,13,'N19DCCN176',1),(66,NULL,9,1,13,'N19DCCN176',1),(67,NULL,11,1,13,'N19DCCN176',1),(68,NULL,13,1,13,'N19DCCN176',1),(69,NULL,15,1,13,'N19DCCN176',1),(70,NULL,17,1,13,'N19DCCN176',1),(71,NULL,20,1,13,'N19DCCN176',1),(72,NULL,21,1,13,'N19DCCN176',1),(73,NULL,22,1,13,'N19DCCN176',1),(74,NULL,23,1,13,'N19DCCN176',1),(75,NULL,25,1,13,'N19DCCN176',1),(76,NULL,27,1,13,'N19DCCN176',1),(77,NULL,29,1,13,'N19DCCN176',1),(78,NULL,31,1,13,'N19DCCN176',1),(79,NULL,32,1,13,'N19DCCN176',1),(80,NULL,33,1,13,'N19DCCN176',1),(81,NULL,1,1,13,'N20DCCN141',1),(82,NULL,2,1,13,'N20DCCN141',1),(83,NULL,3,1,13,'N20DCCN141',1),(84,NULL,5,1,13,'N20DCCN141',1),(85,NULL,6,1,13,'N20DCCN141',1),(86,NULL,9,1,13,'N20DCCN141',1),(87,NULL,11,1,13,'N20DCCN141',1),(88,NULL,13,1,13,'N20DCCN141',1),(89,NULL,15,1,13,'N20DCCN141',1),(90,NULL,17,1,13,'N20DCCN141',1),(91,NULL,20,1,13,'N20DCCN141',1),(92,NULL,21,1,13,'N20DCCN141',1),(93,NULL,22,1,13,'N20DCCN141',1),(94,NULL,23,1,13,'N20DCCN141',1),(95,NULL,25,1,13,'N20DCCN141',1),(96,NULL,27,1,13,'N20DCCN141',1),(97,NULL,29,1,13,'N20DCCN141',1),(98,NULL,31,1,13,'N20DCCN141',1),(99,NULL,32,1,13,'N20DCCN141',1),(100,NULL,33,1,13,'N20DCCN141',1),(101,NULL,1,1,13,'N20DCCN094',1),(102,NULL,2,1,13,'N20DCCN094',1),(103,NULL,3,1,13,'N20DCCN094',1),(104,NULL,5,1,13,'N20DCCN094',1),(105,NULL,6,1,13,'N20DCCN094',1),(106,NULL,9,1,13,'N20DCCN094',1),(107,NULL,11,1,13,'N20DCCN094',1),(108,NULL,13,1,13,'N20DCCN094',1),(109,NULL,15,1,13,'N20DCCN094',1),(110,NULL,17,1,13,'N20DCCN094',1),(111,NULL,20,1,13,'N20DCCN094',1),(112,NULL,21,1,13,'N20DCCN094',1),(113,NULL,22,1,13,'N20DCCN094',1),(114,NULL,23,1,13,'N20DCCN094',1),(115,NULL,25,1,13,'N20DCCN094',1),(116,NULL,27,1,13,'N20DCCN094',1),(117,NULL,29,1,13,'N20DCCN094',1),(118,NULL,31,1,13,'N20DCCN094',1),(119,NULL,32,1,13,'N20DCCN094',1),(120,NULL,33,1,13,'N20DCCN094',1),(121,'A',1,1,13,'N20DCCN110',1),(122,'C',2,1,13,'N20DCCN110',1),(123,'D',3,1,13,'N20DCCN110',1),(124,'A',5,1,13,'N20DCCN110',1),(125,NULL,6,1,13,'N20DCCN110',1),(126,NULL,9,1,13,'N20DCCN110',1),(127,NULL,11,1,13,'N20DCCN110',1),(128,NULL,13,1,13,'N20DCCN110',1),(129,'C',15,1,13,'N20DCCN110',1),(130,'A',17,1,13,'N20DCCN110',1),(131,'B',20,1,13,'N20DCCN110',1),(132,'B',21,1,13,'N20DCCN110',1),(133,NULL,22,1,13,'N20DCCN110',1),(134,NULL,23,1,13,'N20DCCN110',1),(135,NULL,25,1,13,'N20DCCN110',1),(136,NULL,27,1,13,'N20DCCN110',1),(137,'A',29,1,13,'N20DCCN110',1),(138,'C',31,1,13,'N20DCCN110',1),(139,'B',32,1,13,'N20DCCN110',1),(140,NULL,33,1,13,'N20DCCN110',1),(141,NULL,1,1,13,'N20DCCN121',1),(142,NULL,2,1,13,'N20DCCN121',1),(143,NULL,3,1,13,'N20DCCN121',1),(144,NULL,5,1,13,'N20DCCN121',1),(145,NULL,6,1,13,'N20DCCN121',1),(146,NULL,9,1,13,'N20DCCN121',1),(147,NULL,11,1,13,'N20DCCN121',1),(148,NULL,13,1,13,'N20DCCN121',1),(149,NULL,15,1,13,'N20DCCN121',1),(150,NULL,17,1,13,'N20DCCN121',1),(151,NULL,20,1,13,'N20DCCN121',1),(152,NULL,21,1,13,'N20DCCN121',1),(153,NULL,22,1,13,'N20DCCN121',1),(154,NULL,23,1,13,'N20DCCN121',1),(155,NULL,25,1,13,'N20DCCN121',1),(156,NULL,27,1,13,'N20DCCN121',1),(157,NULL,29,1,13,'N20DCCN121',1),(158,NULL,31,1,13,'N20DCCN121',1),(159,NULL,32,1,13,'N20DCCN121',1),(160,NULL,33,1,13,'N20DCCN121',1),(161,NULL,1,1,13,'N20DCCN105',1),(162,NULL,2,1,13,'N20DCCN105',1),(163,NULL,3,1,13,'N20DCCN105',1),(164,NULL,5,1,13,'N20DCCN105',1),(165,NULL,6,1,13,'N20DCCN105',1),(166,NULL,9,1,13,'N20DCCN105',1),(167,NULL,11,1,13,'N20DCCN105',1),(168,NULL,13,1,13,'N20DCCN105',1),(169,NULL,15,1,13,'N20DCCN105',1),(170,NULL,17,1,13,'N20DCCN105',1),(171,NULL,20,1,13,'N20DCCN105',1),(172,NULL,21,1,13,'N20DCCN105',1),(173,NULL,22,1,13,'N20DCCN105',1),(174,NULL,23,1,13,'N20DCCN105',1),(175,NULL,25,1,13,'N20DCCN105',1),(176,NULL,27,1,13,'N20DCCN105',1),(177,NULL,29,1,13,'N20DCCN105',1),(178,NULL,31,1,13,'N20DCCN105',1),(179,NULL,32,1,13,'N20DCCN105',1),(180,'câu trả lơi đáp án điền',33,1,13,'N20DCCN105',1),(181,NULL,1,1,13,'N20DCCN149',1),(182,NULL,2,1,13,'N20DCCN149',1),(183,NULL,3,1,13,'N20DCCN149',1),(184,NULL,5,1,13,'N20DCCN149',1),(185,NULL,6,1,13,'N20DCCN149',1),(186,NULL,9,1,13,'N20DCCN149',1),(187,NULL,11,1,13,'N20DCCN149',1),(188,NULL,13,1,13,'N20DCCN149',1),(189,NULL,15,1,13,'N20DCCN149',1),(190,NULL,17,1,13,'N20DCCN149',1),(191,NULL,20,1,13,'N20DCCN149',1),(192,NULL,21,1,13,'N20DCCN149',1),(193,NULL,22,1,13,'N20DCCN149',1),(194,NULL,23,1,13,'N20DCCN149',1),(195,NULL,25,1,13,'N20DCCN149',1),(196,NULL,27,1,13,'N20DCCN149',1),(197,NULL,29,1,13,'N20DCCN149',1),(198,NULL,31,1,13,'N20DCCN149',1),(199,NULL,32,1,13,'N20DCCN149',1),(200,NULL,33,1,13,'N20DCCN149',1),(201,NULL,34,1,13,'N20DCCN105',1),(202,NULL,1,2,12,'N20DCCN068',1),(203,NULL,2,2,12,'N20DCCN068',1),(204,NULL,3,2,12,'N20DCCN068',1),(205,NULL,5,2,12,'N20DCCN068',1),(206,NULL,6,2,12,'N20DCCN068',1),(207,NULL,9,2,12,'N20DCCN068',1),(208,NULL,11,2,12,'N20DCCN068',1),(209,NULL,13,2,12,'N20DCCN068',1),(210,NULL,15,2,12,'N20DCCN068',1),(211,NULL,17,2,12,'N20DCCN068',1),(212,NULL,20,2,12,'N20DCCN068',1),(213,NULL,21,2,12,'N20DCCN068',1),(214,NULL,22,2,12,'N20DCCN068',1),(215,NULL,23,2,12,'N20DCCN068',1),(216,NULL,25,2,12,'N20DCCN068',1),(217,NULL,27,2,12,'N20DCCN068',1),(218,NULL,29,2,12,'N20DCCN068',1),(219,NULL,31,2,12,'N20DCCN068',1),(220,NULL,32,2,12,'N20DCCN068',1),(221,NULL,33,2,12,'N20DCCN068',1),(222,NULL,1,2,12,'N19DCCN158',1),(223,NULL,2,2,12,'N19DCCN158',1),(224,NULL,3,2,12,'N19DCCN158',1),(225,NULL,5,2,12,'N19DCCN158',1),(226,NULL,6,2,12,'N19DCCN158',1),(227,NULL,9,2,12,'N19DCCN158',1),(228,NULL,11,2,12,'N19DCCN158',1),(229,NULL,13,2,12,'N19DCCN158',1),(230,NULL,15,2,12,'N19DCCN158',1),(231,NULL,17,2,12,'N19DCCN158',1),(232,NULL,20,2,12,'N19DCCN158',1),(233,NULL,21,2,12,'N19DCCN158',1),(234,NULL,22,2,12,'N19DCCN158',1),(235,NULL,23,2,12,'N19DCCN158',1),(236,NULL,25,2,12,'N19DCCN158',1),(237,NULL,27,2,12,'N19DCCN158',1),(238,NULL,29,2,12,'N19DCCN158',1),(239,NULL,31,2,12,'N19DCCN158',1),(240,NULL,32,2,12,'N19DCCN158',1),(241,NULL,33,2,12,'N19DCCN158',1),(242,NULL,1,2,12,'N20DCCN002',1),(243,NULL,2,2,12,'N20DCCN002',1),(244,NULL,3,2,12,'N20DCCN002',1),(245,NULL,5,2,12,'N20DCCN002',1),(246,NULL,6,2,12,'N20DCCN002',1),(247,NULL,9,2,12,'N20DCCN002',1),(248,NULL,11,2,12,'N20DCCN002',1),(249,NULL,13,2,12,'N20DCCN002',1),(250,NULL,15,2,12,'N20DCCN002',1),(251,NULL,17,2,12,'N20DCCN002',1),(252,NULL,20,2,12,'N20DCCN002',1),(253,NULL,21,2,12,'N20DCCN002',1),(254,NULL,22,2,12,'N20DCCN002',1),(255,NULL,23,2,12,'N20DCCN002',1),(256,NULL,25,2,12,'N20DCCN002',1),(257,NULL,27,2,12,'N20DCCN002',1),(258,NULL,29,2,12,'N20DCCN002',1),(259,NULL,31,2,12,'N20DCCN002',1),(260,NULL,32,2,12,'N20DCCN002',1),(261,NULL,33,2,12,'N20DCCN002',1),(262,NULL,1,2,12,'N20DCCN010',1),(263,NULL,2,2,12,'N20DCCN010',1),(264,NULL,3,2,12,'N20DCCN010',1),(265,NULL,5,2,12,'N20DCCN010',1),(266,NULL,6,2,12,'N20DCCN010',1),(267,NULL,9,2,12,'N20DCCN010',1),(268,NULL,11,2,12,'N20DCCN010',1),(269,NULL,13,2,12,'N20DCCN010',1),(270,NULL,15,2,12,'N20DCCN010',1),(271,NULL,17,2,12,'N20DCCN010',1),(272,NULL,20,2,12,'N20DCCN010',1),(273,NULL,21,2,12,'N20DCCN010',1),(274,NULL,22,2,12,'N20DCCN010',1),(275,NULL,23,2,12,'N20DCCN010',1),(276,NULL,25,2,12,'N20DCCN010',1),(277,NULL,27,2,12,'N20DCCN010',1),(278,NULL,29,2,12,'N20DCCN010',1),(279,NULL,31,2,12,'N20DCCN010',1),(280,NULL,32,2,12,'N20DCCN010',1),(281,NULL,33,2,12,'N20DCCN010',1),(282,NULL,1,2,12,'N20DCCN016',1),(283,NULL,2,2,12,'N20DCCN016',1),(284,NULL,3,2,12,'N20DCCN016',1),(285,NULL,5,2,12,'N20DCCN016',1),(286,NULL,6,2,12,'N20DCCN016',1),(287,NULL,9,2,12,'N20DCCN016',1),(288,NULL,11,2,12,'N20DCCN016',1),(289,NULL,13,2,12,'N20DCCN016',1),(290,NULL,15,2,12,'N20DCCN016',1),(291,NULL,17,2,12,'N20DCCN016',1),(292,NULL,20,2,12,'N20DCCN016',1),(293,NULL,21,2,12,'N20DCCN016',1),(294,NULL,22,2,12,'N20DCCN016',1),(295,NULL,23,2,12,'N20DCCN016',1),(296,NULL,25,2,12,'N20DCCN016',1),(297,NULL,27,2,12,'N20DCCN016',1),(298,NULL,29,2,12,'N20DCCN016',1),(299,NULL,31,2,12,'N20DCCN016',1),(300,NULL,32,2,12,'N20DCCN016',1),(301,NULL,33,2,12,'N20DCCN016',1),(302,NULL,1,2,12,'N20DCCN063',1),(303,NULL,2,2,12,'N20DCCN063',1),(304,NULL,3,2,12,'N20DCCN063',1),(305,NULL,5,2,12,'N20DCCN063',1),(306,NULL,6,2,12,'N20DCCN063',1),(307,NULL,9,2,12,'N20DCCN063',1),(308,NULL,11,2,12,'N20DCCN063',1),(309,NULL,13,2,12,'N20DCCN063',1),(310,NULL,15,2,12,'N20DCCN063',1),(311,NULL,17,2,12,'N20DCCN063',1),(312,NULL,20,2,12,'N20DCCN063',1),(313,NULL,21,2,12,'N20DCCN063',1),(314,NULL,22,2,12,'N20DCCN063',1),(315,NULL,23,2,12,'N20DCCN063',1),(316,NULL,25,2,12,'N20DCCN063',1),(317,NULL,27,2,12,'N20DCCN063',1),(318,NULL,29,2,12,'N20DCCN063',1),(319,NULL,31,2,12,'N20DCCN063',1),(320,NULL,32,2,12,'N20DCCN063',1),(321,NULL,33,2,12,'N20DCCN063',1),(322,NULL,1,2,12,'N20DCCN024',1),(323,NULL,2,2,12,'N20DCCN024',1),(324,NULL,3,2,12,'N20DCCN024',1),(325,NULL,5,2,12,'N20DCCN024',1),(326,NULL,6,2,12,'N20DCCN024',1),(327,NULL,9,2,12,'N20DCCN024',1),(328,NULL,11,2,12,'N20DCCN024',1),(329,NULL,13,2,12,'N20DCCN024',1),(330,NULL,15,2,12,'N20DCCN024',1),(331,NULL,17,2,12,'N20DCCN024',1),(332,NULL,20,2,12,'N20DCCN024',1),(333,NULL,21,2,12,'N20DCCN024',1),(334,NULL,22,2,12,'N20DCCN024',1),(335,NULL,23,2,12,'N20DCCN024',1),(336,NULL,25,2,12,'N20DCCN024',1),(337,NULL,27,2,12,'N20DCCN024',1),(338,NULL,29,2,12,'N20DCCN024',1),(339,NULL,31,2,12,'N20DCCN024',1),(340,NULL,32,2,12,'N20DCCN024',1),(341,NULL,33,2,12,'N20DCCN024',1),(342,NULL,1,2,12,'N20DCCN003',1),(343,NULL,2,2,12,'N20DCCN003',1),(344,NULL,3,2,12,'N20DCCN003',1),(345,NULL,5,2,12,'N20DCCN003',1),(346,NULL,6,2,12,'N20DCCN003',1),(347,NULL,9,2,12,'N20DCCN003',1),(348,NULL,11,2,12,'N20DCCN003',1),(349,NULL,13,2,12,'N20DCCN003',1),(350,NULL,15,2,12,'N20DCCN003',1),(351,NULL,17,2,12,'N20DCCN003',1),(352,NULL,20,2,12,'N20DCCN003',1),(353,NULL,21,2,12,'N20DCCN003',1),(354,NULL,22,2,12,'N20DCCN003',1),(355,NULL,23,2,12,'N20DCCN003',1),(356,NULL,25,2,12,'N20DCCN003',1),(357,NULL,27,2,12,'N20DCCN003',1),(358,NULL,29,2,12,'N20DCCN003',1),(359,NULL,31,2,12,'N20DCCN003',1),(360,NULL,32,2,12,'N20DCCN003',1),(361,NULL,33,2,12,'N20DCCN003',1),(362,NULL,1,2,12,'N20DCCN014',1),(363,NULL,2,2,12,'N20DCCN014',1),(364,NULL,3,2,12,'N20DCCN014',1),(365,NULL,5,2,12,'N20DCCN014',1),(366,NULL,6,2,12,'N20DCCN014',1),(367,NULL,9,2,12,'N20DCCN014',1),(368,NULL,11,2,12,'N20DCCN014',1),(369,NULL,13,2,12,'N20DCCN014',1),(370,NULL,15,2,12,'N20DCCN014',1),(371,NULL,17,2,12,'N20DCCN014',1),(372,NULL,20,2,12,'N20DCCN014',1),(373,NULL,21,2,12,'N20DCCN014',1),(374,NULL,22,2,12,'N20DCCN014',1),(375,NULL,23,2,12,'N20DCCN014',1),(376,NULL,25,2,12,'N20DCCN014',1),(377,NULL,27,2,12,'N20DCCN014',1),(378,NULL,29,2,12,'N20DCCN014',1),(379,NULL,31,2,12,'N20DCCN014',1),(380,NULL,32,2,12,'N20DCCN014',1),(381,NULL,33,2,12,'N20DCCN014',1),(382,NULL,1,2,12,'N20DCCN018',1),(383,NULL,2,2,12,'N20DCCN018',1),(384,NULL,3,2,12,'N20DCCN018',1),(385,NULL,5,2,12,'N20DCCN018',1),(386,NULL,6,2,12,'N20DCCN018',1),(387,NULL,9,2,12,'N20DCCN018',1),(388,NULL,11,2,12,'N20DCCN018',1),(389,NULL,13,2,12,'N20DCCN018',1),(390,NULL,15,2,12,'N20DCCN018',1),(391,NULL,17,2,12,'N20DCCN018',1),(392,NULL,20,2,12,'N20DCCN018',1),(393,NULL,21,2,12,'N20DCCN018',1),(394,NULL,22,2,12,'N20DCCN018',1),(395,NULL,23,2,12,'N20DCCN018',1),(396,NULL,25,2,12,'N20DCCN018',1),(397,NULL,27,2,12,'N20DCCN018',1),(398,NULL,29,2,12,'N20DCCN018',1),(399,NULL,31,2,12,'N20DCCN018',1),(400,NULL,32,2,12,'N20DCCN018',1),(401,NULL,33,2,12,'N20DCCN018',1),(402,NULL,1,2,12,'N20DCCN047',1),(403,NULL,2,2,12,'N20DCCN047',1),(404,NULL,3,2,12,'N20DCCN047',1),(405,NULL,5,2,12,'N20DCCN047',1),(406,NULL,6,2,12,'N20DCCN047',1),(407,NULL,9,2,12,'N20DCCN047',1),(408,NULL,11,2,12,'N20DCCN047',1),(409,NULL,13,2,12,'N20DCCN047',1),(410,NULL,15,2,12,'N20DCCN047',1),(411,NULL,17,2,12,'N20DCCN047',1),(412,NULL,20,2,12,'N20DCCN047',1),(413,NULL,21,2,12,'N20DCCN047',1),(414,NULL,22,2,12,'N20DCCN047',1),(415,NULL,23,2,12,'N20DCCN047',1),(416,NULL,25,2,12,'N20DCCN047',1),(417,NULL,27,2,12,'N20DCCN047',1),(418,NULL,29,2,12,'N20DCCN047',1),(419,NULL,31,2,12,'N20DCCN047',1),(420,NULL,32,2,12,'N20DCCN047',1),(421,NULL,33,2,12,'N20DCCN047',1),(422,NULL,1,2,12,'N20DCCN049',1),(423,NULL,2,2,12,'N20DCCN049',1),(424,NULL,3,2,12,'N20DCCN049',1),(425,NULL,5,2,12,'N20DCCN049',1),(426,NULL,6,2,12,'N20DCCN049',1),(427,NULL,9,2,12,'N20DCCN049',1),(428,NULL,11,2,12,'N20DCCN049',1),(429,NULL,13,2,12,'N20DCCN049',1),(430,NULL,15,2,12,'N20DCCN049',1),(431,NULL,17,2,12,'N20DCCN049',1),(432,NULL,20,2,12,'N20DCCN049',1),(433,NULL,21,2,12,'N20DCCN049',1),(434,NULL,22,2,12,'N20DCCN049',1),(435,NULL,23,2,12,'N20DCCN049',1),(436,NULL,25,2,12,'N20DCCN049',1),(437,NULL,27,2,12,'N20DCCN049',1),(438,NULL,29,2,12,'N20DCCN049',1),(439,NULL,31,2,12,'N20DCCN049',1),(440,NULL,32,2,12,'N20DCCN049',1),(441,NULL,33,2,12,'N20DCCN049',1),(442,NULL,1,2,12,'N20DCCN028',1),(443,NULL,2,2,12,'N20DCCN028',1),(444,NULL,3,2,12,'N20DCCN028',1),(445,NULL,5,2,12,'N20DCCN028',1),(446,NULL,6,2,12,'N20DCCN028',1),(447,NULL,9,2,12,'N20DCCN028',1),(448,NULL,11,2,12,'N20DCCN028',1),(449,NULL,13,2,12,'N20DCCN028',1),(450,NULL,15,2,12,'N20DCCN028',1),(451,NULL,17,2,12,'N20DCCN028',1),(452,NULL,20,2,12,'N20DCCN028',1),(453,NULL,21,2,12,'N20DCCN028',1),(454,NULL,22,2,12,'N20DCCN028',1),(455,NULL,23,2,12,'N20DCCN028',1),(456,NULL,25,2,12,'N20DCCN028',1),(457,NULL,27,2,12,'N20DCCN028',1),(458,NULL,29,2,12,'N20DCCN028',1),(459,NULL,31,2,12,'N20DCCN028',1),(460,NULL,32,2,12,'N20DCCN028',1),(461,NULL,33,2,12,'N20DCCN028',1),(462,NULL,1,2,12,'N18DCCN117',1),(463,NULL,2,2,12,'N18DCCN117',1),(464,NULL,3,2,12,'N18DCCN117',1),(465,NULL,5,2,12,'N18DCCN117',1),(466,NULL,6,2,12,'N18DCCN117',1),(467,NULL,9,2,12,'N18DCCN117',1),(468,NULL,11,2,12,'N18DCCN117',1),(469,NULL,13,2,12,'N18DCCN117',1),(470,NULL,15,2,12,'N18DCCN117',1),(471,NULL,17,2,12,'N18DCCN117',1),(472,NULL,20,2,12,'N18DCCN117',1),(473,NULL,21,2,12,'N18DCCN117',1),(474,NULL,22,2,12,'N18DCCN117',1),(475,NULL,23,2,12,'N18DCCN117',1),(476,NULL,25,2,12,'N18DCCN117',1),(477,NULL,27,2,12,'N18DCCN117',1),(478,NULL,29,2,12,'N18DCCN117',1),(479,NULL,31,2,12,'N18DCCN117',1),(480,NULL,32,2,12,'N18DCCN117',1),(481,NULL,33,2,12,'N18DCCN117',1),(482,NULL,1,2,12,'N20DCCN038',1),(483,NULL,2,2,12,'N20DCCN038',1),(484,NULL,3,2,12,'N20DCCN038',1),(485,NULL,5,2,12,'N20DCCN038',1),(486,NULL,6,2,12,'N20DCCN038',1),(487,NULL,9,2,12,'N20DCCN038',1),(488,NULL,11,2,12,'N20DCCN038',1),(489,NULL,13,2,12,'N20DCCN038',1),(490,NULL,15,2,12,'N20DCCN038',1),(491,NULL,17,2,12,'N20DCCN038',1),(492,NULL,20,2,12,'N20DCCN038',1),(493,NULL,21,2,12,'N20DCCN038',1),(494,NULL,22,2,12,'N20DCCN038',1),(495,NULL,23,2,12,'N20DCCN038',1),(496,NULL,25,2,12,'N20DCCN038',1),(497,NULL,27,2,12,'N20DCCN038',1),(498,NULL,29,2,12,'N20DCCN038',1),(499,NULL,31,2,12,'N20DCCN038',1),(500,NULL,32,2,12,'N20DCCN038',1),(501,NULL,33,2,12,'N20DCCN038',1),(502,NULL,1,2,12,'N20DCCN055',1),(503,NULL,2,2,12,'N20DCCN055',1),(504,NULL,3,2,12,'N20DCCN055',1),(505,NULL,5,2,12,'N20DCCN055',1),(506,NULL,6,2,12,'N20DCCN055',1),(507,NULL,9,2,12,'N20DCCN055',1),(508,NULL,11,2,12,'N20DCCN055',1),(509,NULL,13,2,12,'N20DCCN055',1),(510,NULL,15,2,12,'N20DCCN055',1),(511,NULL,17,2,12,'N20DCCN055',1),(512,NULL,20,2,12,'N20DCCN055',1),(513,NULL,21,2,12,'N20DCCN055',1),(514,NULL,22,2,12,'N20DCCN055',1),(515,NULL,23,2,12,'N20DCCN055',1),(516,NULL,25,2,12,'N20DCCN055',1),(517,NULL,27,2,12,'N20DCCN055',1),(518,NULL,29,2,12,'N20DCCN055',1),(519,NULL,31,2,12,'N20DCCN055',1),(520,NULL,32,2,12,'N20DCCN055',1),(521,NULL,33,2,12,'N20DCCN055',1),(522,NULL,1,2,12,'N20DCCN064',1),(523,NULL,2,2,12,'N20DCCN064',1),(524,NULL,3,2,12,'N20DCCN064',1),(525,NULL,5,2,12,'N20DCCN064',1),(526,NULL,6,2,12,'N20DCCN064',1),(527,NULL,9,2,12,'N20DCCN064',1),(528,NULL,11,2,12,'N20DCCN064',1),(529,NULL,13,2,12,'N20DCCN064',1),(530,NULL,15,2,12,'N20DCCN064',1),(531,NULL,17,2,12,'N20DCCN064',1),(532,NULL,20,2,12,'N20DCCN064',1),(533,NULL,21,2,12,'N20DCCN064',1),(534,NULL,22,2,12,'N20DCCN064',1),(535,NULL,23,2,12,'N20DCCN064',1),(536,NULL,25,2,12,'N20DCCN064',1),(537,NULL,27,2,12,'N20DCCN064',1),(538,NULL,29,2,12,'N20DCCN064',1),(539,NULL,31,2,12,'N20DCCN064',1),(540,NULL,32,2,12,'N20DCCN064',1),(541,NULL,33,2,12,'N20DCCN064',1),(542,NULL,1,2,12,'N20DCCN069',1),(543,NULL,2,2,12,'N20DCCN069',1),(544,NULL,3,2,12,'N20DCCN069',1),(545,NULL,5,2,12,'N20DCCN069',1),(546,NULL,6,2,12,'N20DCCN069',1),(547,NULL,9,2,12,'N20DCCN069',1),(548,NULL,11,2,12,'N20DCCN069',1),(549,NULL,13,2,12,'N20DCCN069',1),(550,NULL,15,2,12,'N20DCCN069',1),(551,NULL,17,2,12,'N20DCCN069',1),(552,NULL,20,2,12,'N20DCCN069',1),(553,NULL,21,2,12,'N20DCCN069',1),(554,NULL,22,2,12,'N20DCCN069',1),(555,NULL,23,2,12,'N20DCCN069',1),(556,NULL,25,2,12,'N20DCCN069',1),(557,NULL,27,2,12,'N20DCCN069',1),(558,NULL,29,2,12,'N20DCCN069',1),(559,NULL,31,2,12,'N20DCCN069',1),(560,NULL,32,2,12,'N20DCCN069',1),(561,NULL,33,2,12,'N20DCCN069',1),(562,NULL,1,2,12,'N20DCCN081',1),(563,NULL,2,2,12,'N20DCCN081',1),(564,NULL,3,2,12,'N20DCCN081',1),(565,NULL,5,2,12,'N20DCCN081',1),(566,NULL,6,2,12,'N20DCCN081',1),(567,NULL,9,2,12,'N20DCCN081',1),(568,NULL,11,2,12,'N20DCCN081',1),(569,NULL,13,2,12,'N20DCCN081',1),(570,NULL,15,2,12,'N20DCCN081',1),(571,NULL,17,2,12,'N20DCCN081',1),(572,NULL,20,2,12,'N20DCCN081',1),(573,NULL,21,2,12,'N20DCCN081',1),(574,NULL,22,2,12,'N20DCCN081',1),(575,NULL,23,2,12,'N20DCCN081',1),(576,NULL,25,2,12,'N20DCCN081',1),(577,NULL,27,2,12,'N20DCCN081',1),(578,NULL,29,2,12,'N20DCCN081',1),(579,NULL,31,2,12,'N20DCCN081',1),(580,NULL,32,2,12,'N20DCCN081',1),(581,NULL,33,2,12,'N20DCCN081',1),(582,NULL,1,2,12,'N20DCCN058',1),(583,NULL,2,2,12,'N20DCCN058',1),(584,NULL,3,2,12,'N20DCCN058',1),(585,NULL,5,2,12,'N20DCCN058',1),(586,NULL,6,2,12,'N20DCCN058',1),(587,NULL,9,2,12,'N20DCCN058',1),(588,NULL,11,2,12,'N20DCCN058',1),(589,NULL,13,2,12,'N20DCCN058',1),(590,NULL,15,2,12,'N20DCCN058',1),(591,NULL,17,2,12,'N20DCCN058',1),(592,NULL,20,2,12,'N20DCCN058',1),(593,NULL,21,2,12,'N20DCCN058',1),(594,NULL,22,2,12,'N20DCCN058',1),(595,NULL,23,2,12,'N20DCCN058',1),(596,NULL,25,2,12,'N20DCCN058',1),(597,NULL,27,2,12,'N20DCCN058',1),(598,NULL,29,2,12,'N20DCCN058',1),(599,NULL,31,2,12,'N20DCCN058',1),(600,NULL,32,2,12,'N20DCCN058',1),(601,NULL,33,2,12,'N20DCCN058',1),(602,NULL,24,3,13,'N19DCCN195',1),(603,NULL,25,3,13,'N19DCCN195',1),(604,NULL,26,3,13,'N19DCCN195',1),(605,NULL,28,3,13,'N19DCCN195',1),(606,NULL,29,3,13,'N19DCCN195',1),(607,NULL,31,3,13,'N19DCCN195',1),(608,NULL,32,3,13,'N19DCCN195',1),(609,NULL,33,3,13,'N19DCCN195',1),(610,NULL,34,3,13,'N19DCCN195',1),(611,NULL,35,3,13,'N19DCCN195',1),(612,NULL,24,3,13,'N20DCCN090',1),(613,NULL,25,3,13,'N20DCCN090',1),(614,NULL,26,3,13,'N20DCCN090',1),(615,NULL,28,3,13,'N20DCCN090',1),(616,NULL,29,3,13,'N20DCCN090',1),(617,NULL,31,3,13,'N20DCCN090',1),(618,NULL,32,3,13,'N20DCCN090',1),(619,NULL,33,3,13,'N20DCCN090',1),(620,NULL,34,3,13,'N20DCCN090',1),(621,NULL,35,3,13,'N20DCCN090',1),(622,NULL,24,3,13,'N20DCCN157',1),(623,NULL,25,3,13,'N20DCCN157',1),(624,NULL,26,3,13,'N20DCCN157',1),(625,NULL,28,3,13,'N20DCCN157',1),(626,NULL,29,3,13,'N20DCCN157',1),(627,NULL,31,3,13,'N20DCCN157',1),(628,NULL,32,3,13,'N20DCCN157',1),(629,NULL,33,3,13,'N20DCCN157',1),(630,NULL,34,3,13,'N20DCCN157',1),(631,NULL,35,3,13,'N20DCCN157',1),(632,NULL,24,3,13,'N20DCCN143',1),(633,NULL,25,3,13,'N20DCCN143',1),(634,NULL,26,3,13,'N20DCCN143',1),(635,NULL,28,3,13,'N20DCCN143',1),(636,NULL,29,3,13,'N20DCCN143',1),(637,NULL,31,3,13,'N20DCCN143',1),(638,NULL,32,3,13,'N20DCCN143',1),(639,NULL,33,3,13,'N20DCCN143',1),(640,NULL,34,3,13,'N20DCCN143',1),(641,NULL,35,3,13,'N20DCCN143',1),(642,NULL,24,3,13,'N20DCCN128',1),(643,NULL,25,3,13,'N20DCCN128',1),(644,NULL,26,3,13,'N20DCCN128',1),(645,NULL,28,3,13,'N20DCCN128',1),(646,NULL,29,3,13,'N20DCCN128',1),(647,NULL,31,3,13,'N20DCCN128',1),(648,NULL,32,3,13,'N20DCCN128',1),(649,NULL,33,3,13,'N20DCCN128',1),(650,NULL,34,3,13,'N20DCCN128',1),(651,NULL,35,3,13,'N20DCCN128',1),(652,NULL,24,3,13,'N20DCCN162',1),(653,NULL,25,3,13,'N20DCCN162',1),(654,NULL,26,3,13,'N20DCCN162',1),(655,NULL,28,3,13,'N20DCCN162',1),(656,NULL,29,3,13,'N20DCCN162',1),(657,NULL,31,3,13,'N20DCCN162',1),(658,NULL,32,3,13,'N20DCCN162',1),(659,NULL,33,3,13,'N20DCCN162',1),(660,NULL,34,3,13,'N20DCCN162',1),(661,NULL,35,3,13,'N20DCCN162',1),(662,NULL,24,3,13,'N20DCCN114',1),(663,NULL,25,3,13,'N20DCCN114',1),(664,NULL,26,3,13,'N20DCCN114',1),(665,NULL,28,3,13,'N20DCCN114',1),(666,NULL,29,3,13,'N20DCCN114',1),(667,NULL,31,3,13,'N20DCCN114',1),(668,NULL,32,3,13,'N20DCCN114',1),(669,NULL,33,3,13,'N20DCCN114',1),(670,NULL,34,3,13,'N20DCCN114',1),(671,NULL,35,3,13,'N20DCCN114',1),(672,NULL,24,3,13,'N20DCCN097',1),(673,NULL,25,3,13,'N20DCCN097',1),(674,NULL,26,3,13,'N20DCCN097',1),(675,NULL,28,3,13,'N20DCCN097',1),(676,NULL,29,3,13,'N20DCCN097',1),(677,NULL,31,3,13,'N20DCCN097',1),(678,NULL,32,3,13,'N20DCCN097',1),(679,NULL,33,3,13,'N20DCCN097',1),(680,NULL,34,3,13,'N20DCCN097',1),(681,NULL,35,3,13,'N20DCCN097',1),(682,NULL,24,3,13,'N20DCCN163',1),(683,NULL,25,3,13,'N20DCCN163',1),(684,NULL,26,3,13,'N20DCCN163',1),(685,NULL,28,3,13,'N20DCCN163',1),(686,NULL,29,3,13,'N20DCCN163',1),(687,NULL,31,3,13,'N20DCCN163',1),(688,NULL,32,3,13,'N20DCCN163',1),(689,NULL,33,3,13,'N20DCCN163',1),(690,NULL,34,3,13,'N20DCCN163',1),(691,NULL,35,3,13,'N20DCCN163',1),(692,NULL,24,3,13,'N20DCCN098',1),(693,NULL,25,3,13,'N20DCCN098',1),(694,NULL,26,3,13,'N20DCCN098',1),(695,NULL,28,3,13,'N20DCCN098',1),(696,NULL,29,3,13,'N20DCCN098',1),(697,NULL,31,3,13,'N20DCCN098',1),(698,NULL,32,3,13,'N20DCCN098',1),(699,NULL,33,3,13,'N20DCCN098',1),(700,NULL,34,3,13,'N20DCCN098',1),(701,NULL,35,3,13,'N20DCCN098',1),(702,NULL,24,3,13,'N20DCCN092',1),(703,NULL,25,3,13,'N20DCCN092',1),(704,NULL,26,3,13,'N20DCCN092',1),(705,NULL,28,3,13,'N20DCCN092',1),(706,NULL,29,3,13,'N20DCCN092',1),(707,NULL,31,3,13,'N20DCCN092',1),(708,NULL,32,3,13,'N20DCCN092',1),(709,NULL,33,3,13,'N20DCCN092',1),(710,NULL,34,3,13,'N20DCCN092',1),(711,NULL,35,3,13,'N20DCCN092',1),(712,NULL,24,3,13,'N20DCCN113',1),(713,NULL,25,3,13,'N20DCCN113',1),(714,NULL,26,3,13,'N20DCCN113',1),(715,NULL,28,3,13,'N20DCCN113',1),(716,NULL,29,3,13,'N20DCCN113',1),(717,NULL,31,3,13,'N20DCCN113',1),(718,NULL,32,3,13,'N20DCCN113',1),(719,NULL,33,3,13,'N20DCCN113',1),(720,NULL,34,3,13,'N20DCCN113',1),(721,NULL,35,3,13,'N20DCCN113',1),(722,NULL,24,3,13,'N19DCCN062',1),(723,NULL,25,3,13,'N19DCCN062',1),(724,NULL,26,3,13,'N19DCCN062',1),(725,NULL,28,3,13,'N19DCCN062',1),(726,NULL,29,3,13,'N19DCCN062',1),(727,NULL,31,3,13,'N19DCCN062',1),(728,NULL,32,3,13,'N19DCCN062',1),(729,NULL,33,3,13,'N19DCCN062',1),(730,NULL,34,3,13,'N19DCCN062',1),(731,NULL,35,3,13,'N19DCCN062',1),(732,NULL,24,3,13,'N20DCCN142',1),(733,NULL,25,3,13,'N20DCCN142',1),(734,NULL,26,3,13,'N20DCCN142',1),(735,NULL,28,3,13,'N20DCCN142',1),(736,NULL,29,3,13,'N20DCCN142',1),(737,NULL,31,3,13,'N20DCCN142',1),(738,NULL,32,3,13,'N20DCCN142',1),(739,NULL,33,3,13,'N20DCCN142',1),(740,NULL,34,3,13,'N20DCCN142',1),(741,NULL,35,3,13,'N20DCCN142',1),(742,NULL,24,3,13,'N20DCCN120',1),(743,NULL,25,3,13,'N20DCCN120',1),(744,NULL,26,3,13,'N20DCCN120',1),(745,NULL,28,3,13,'N20DCCN120',1),(746,NULL,29,3,13,'N20DCCN120',1),(747,NULL,31,3,13,'N20DCCN120',1),(748,NULL,32,3,13,'N20DCCN120',1),(749,NULL,33,3,13,'N20DCCN120',1),(750,NULL,34,3,13,'N20DCCN120',1),(751,NULL,35,3,13,'N20DCCN120',1),(752,NULL,24,3,13,'N19DCCN086',1),(753,NULL,25,3,13,'N19DCCN086',1),(754,NULL,26,3,13,'N19DCCN086',1),(755,NULL,28,3,13,'N19DCCN086',1),(756,NULL,29,3,13,'N19DCCN086',1),(757,NULL,31,3,13,'N19DCCN086',1),(758,NULL,32,3,13,'N19DCCN086',1),(759,NULL,33,3,13,'N19DCCN086',1),(760,NULL,34,3,13,'N19DCCN086',1),(761,NULL,35,3,13,'N19DCCN086',1),(762,NULL,24,3,13,'N20DCCN095',1),(763,NULL,25,3,13,'N20DCCN095',1),(764,NULL,26,3,13,'N20DCCN095',1),(765,NULL,28,3,13,'N20DCCN095',1),(766,NULL,29,3,13,'N20DCCN095',1),(767,NULL,31,3,13,'N20DCCN095',1),(768,NULL,32,3,13,'N20DCCN095',1),(769,NULL,33,3,13,'N20DCCN095',1),(770,NULL,34,3,13,'N20DCCN095',1),(771,NULL,35,3,13,'N20DCCN095',1),(772,NULL,24,3,13,'N20DCCN152',1),(773,NULL,25,3,13,'N20DCCN152',1),(774,NULL,26,3,13,'N20DCCN152',1),(775,NULL,28,3,13,'N20DCCN152',1),(776,NULL,29,3,13,'N20DCCN152',1),(777,NULL,31,3,13,'N20DCCN152',1),(778,NULL,32,3,13,'N20DCCN152',1),(779,NULL,33,3,13,'N20DCCN152',1),(780,NULL,34,3,13,'N20DCCN152',1),(781,NULL,35,3,13,'N20DCCN152',1),(782,NULL,24,3,13,'N19DCCN110',1),(783,NULL,25,3,13,'N19DCCN110',1),(784,NULL,26,3,13,'N19DCCN110',1),(785,NULL,28,3,13,'N19DCCN110',1),(786,NULL,29,3,13,'N19DCCN110',1),(787,NULL,31,3,13,'N19DCCN110',1),(788,NULL,32,3,13,'N19DCCN110',1),(789,NULL,33,3,13,'N19DCCN110',1),(790,NULL,34,3,13,'N19DCCN110',1),(791,NULL,35,3,13,'N19DCCN110',1),(792,NULL,24,3,13,'N20DCCN129',1),(793,NULL,25,3,13,'N20DCCN129',1),(794,NULL,26,3,13,'N20DCCN129',1),(795,NULL,28,3,13,'N20DCCN129',1),(796,NULL,29,3,13,'N20DCCN129',1),(797,NULL,31,3,13,'N20DCCN129',1),(798,NULL,32,3,13,'N20DCCN129',1),(799,NULL,33,3,13,'N20DCCN129',1),(800,NULL,34,3,13,'N20DCCN129',1),(801,NULL,35,3,13,'N20DCCN129',1),(802,NULL,24,3,13,'N20DCCN126',1),(803,NULL,25,3,13,'N20DCCN126',1),(804,NULL,26,3,13,'N20DCCN126',1),(805,NULL,28,3,13,'N20DCCN126',1),(806,NULL,29,3,13,'N20DCCN126',1),(807,NULL,31,3,13,'N20DCCN126',1),(808,NULL,32,3,13,'N20DCCN126',1),(809,NULL,33,3,13,'N20DCCN126',1),(810,NULL,34,3,13,'N20DCCN126',1),(811,NULL,35,3,13,'N20DCCN126',1),(812,NULL,24,3,13,'N20DCCN127',1),(813,NULL,25,3,13,'N20DCCN127',1),(814,NULL,26,3,13,'N20DCCN127',1),(815,NULL,28,3,13,'N20DCCN127',1),(816,NULL,29,3,13,'N20DCCN127',1),(817,NULL,31,3,13,'N20DCCN127',1),(818,NULL,32,3,13,'N20DCCN127',1),(819,NULL,33,3,13,'N20DCCN127',1),(820,NULL,34,3,13,'N20DCCN127',1),(821,NULL,35,3,13,'N20DCCN127',1),(822,NULL,24,3,13,'N20DCCN140',1),(823,NULL,25,3,13,'N20DCCN140',1),(824,NULL,26,3,13,'N20DCCN140',1),(825,NULL,28,3,13,'N20DCCN140',1),(826,NULL,29,3,13,'N20DCCN140',1),(827,NULL,31,3,13,'N20DCCN140',1),(828,NULL,32,3,13,'N20DCCN140',1),(829,NULL,33,3,13,'N20DCCN140',1),(830,NULL,34,3,13,'N20DCCN140',1),(831,NULL,35,3,13,'N20DCCN140',1),(832,NULL,24,3,13,'N20DCCN106',1),(833,NULL,25,3,13,'N20DCCN106',1),(834,NULL,26,3,13,'N20DCCN106',1),(835,NULL,28,3,13,'N20DCCN106',1),(836,NULL,29,3,13,'N20DCCN106',1),(837,NULL,31,3,13,'N20DCCN106',1),(838,NULL,32,3,13,'N20DCCN106',1),(839,NULL,33,3,13,'N20DCCN106',1),(840,NULL,34,3,13,'N20DCCN106',1),(841,NULL,35,3,13,'N20DCCN106',1),(842,NULL,24,3,13,'N20DCCN108',1),(843,NULL,25,3,13,'N20DCCN108',1),(844,NULL,26,3,13,'N20DCCN108',1),(845,NULL,28,3,13,'N20DCCN108',1),(846,NULL,29,3,13,'N20DCCN108',1),(847,NULL,31,3,13,'N20DCCN108',1),(848,NULL,32,3,13,'N20DCCN108',1),(849,NULL,33,3,13,'N20DCCN108',1),(850,NULL,34,3,13,'N20DCCN108',1),(851,NULL,35,3,13,'N20DCCN108',1),(852,NULL,24,3,13,'N20DCCN158',1),(853,NULL,25,3,13,'N20DCCN158',1),(854,NULL,26,3,13,'N20DCCN158',1),(855,NULL,28,3,13,'N20DCCN158',1),(856,NULL,29,3,13,'N20DCCN158',1),(857,NULL,31,3,13,'N20DCCN158',1),(858,NULL,32,3,13,'N20DCCN158',1),(859,NULL,33,3,13,'N20DCCN158',1),(860,NULL,34,3,13,'N20DCCN158',1),(861,NULL,35,3,13,'N20DCCN158',1),(862,NULL,24,3,13,'N20DCCN165',1),(863,NULL,25,3,13,'N20DCCN165',1),(864,NULL,26,3,13,'N20DCCN165',1),(865,NULL,28,3,13,'N20DCCN165',1),(866,NULL,29,3,13,'N20DCCN165',1),(867,NULL,31,3,13,'N20DCCN165',1),(868,NULL,32,3,13,'N20DCCN165',1),(869,NULL,33,3,13,'N20DCCN165',1),(870,NULL,34,3,13,'N20DCCN165',1),(871,NULL,35,3,13,'N20DCCN165',1),(872,NULL,24,3,13,'N20DCCN109',1),(873,NULL,25,3,13,'N20DCCN109',1),(874,NULL,26,3,13,'N20DCCN109',1),(875,NULL,28,3,13,'N20DCCN109',1),(876,NULL,29,3,13,'N20DCCN109',1),(877,NULL,31,3,13,'N20DCCN109',1),(878,NULL,32,3,13,'N20DCCN109',1),(879,NULL,33,3,13,'N20DCCN109',1),(880,NULL,34,3,13,'N20DCCN109',1),(881,NULL,35,3,13,'N20DCCN109',1),(882,NULL,24,3,13,'N20DCCN160',1),(883,NULL,25,3,13,'N20DCCN160',1),(884,NULL,26,3,13,'N20DCCN160',1),(885,NULL,28,3,13,'N20DCCN160',1),(886,NULL,29,3,13,'N20DCCN160',1),(887,NULL,31,3,13,'N20DCCN160',1),(888,NULL,32,3,13,'N20DCCN160',1),(889,NULL,33,3,13,'N20DCCN160',1),(890,NULL,34,3,13,'N20DCCN160',1),(891,NULL,35,3,13,'N20DCCN160',1),(892,NULL,24,3,13,'N20DCCN099',1),(893,NULL,25,3,13,'N20DCCN099',1),(894,NULL,26,3,13,'N20DCCN099',1),(895,NULL,28,3,13,'N20DCCN099',1),(896,NULL,29,3,13,'N20DCCN099',1),(897,NULL,31,3,13,'N20DCCN099',1),(898,NULL,32,3,13,'N20DCCN099',1),(899,NULL,33,3,13,'N20DCCN099',1),(900,NULL,34,3,13,'N20DCCN099',1),(901,NULL,35,3,13,'N20DCCN099',1),(902,NULL,24,3,13,'N20DCCN144',1),(903,NULL,25,3,13,'N20DCCN144',1),(904,NULL,26,3,13,'N20DCCN144',1),(905,NULL,28,3,13,'N20DCCN144',1),(906,NULL,29,3,13,'N20DCCN144',1),(907,NULL,31,3,13,'N20DCCN144',1),(908,NULL,32,3,13,'N20DCCN144',1),(909,NULL,33,3,13,'N20DCCN144',1),(910,NULL,34,3,13,'N20DCCN144',1),(911,NULL,35,3,13,'N20DCCN144',1),(912,NULL,24,3,13,'N20DCCN100',1),(913,NULL,25,3,13,'N20DCCN100',1),(914,NULL,26,3,13,'N20DCCN100',1),(915,NULL,28,3,13,'N20DCCN100',1),(916,NULL,29,3,13,'N20DCCN100',1),(917,NULL,31,3,13,'N20DCCN100',1),(918,NULL,32,3,13,'N20DCCN100',1),(919,NULL,33,3,13,'N20DCCN100',1),(920,NULL,34,3,13,'N20DCCN100',1),(921,NULL,35,3,13,'N20DCCN100',1),(922,NULL,24,3,13,'N19DCCN164',1),(923,NULL,25,3,13,'N19DCCN164',1),(924,NULL,26,3,13,'N19DCCN164',1),(925,NULL,28,3,13,'N19DCCN164',1),(926,NULL,29,3,13,'N19DCCN164',1),(927,NULL,31,3,13,'N19DCCN164',1),(928,NULL,32,3,13,'N19DCCN164',1),(929,NULL,33,3,13,'N19DCCN164',1),(930,NULL,34,3,13,'N19DCCN164',1),(931,NULL,35,3,13,'N19DCCN164',1),(932,NULL,24,3,13,'N20DCCN096',1),(933,NULL,25,3,13,'N20DCCN096',1),(934,NULL,26,3,13,'N20DCCN096',1),(935,NULL,28,3,13,'N20DCCN096',1),(936,NULL,29,3,13,'N20DCCN096',1),(937,NULL,31,3,13,'N20DCCN096',1),(938,NULL,32,3,13,'N20DCCN096',1),(939,NULL,33,3,13,'N20DCCN096',1),(940,NULL,34,3,13,'N20DCCN096',1),(941,NULL,35,3,13,'N20DCCN096',1),(942,NULL,24,3,13,'N20DCCN131',1),(943,NULL,25,3,13,'N20DCCN131',1),(944,NULL,26,3,13,'N20DCCN131',1),(945,NULL,28,3,13,'N20DCCN131',1),(946,NULL,29,3,13,'N20DCCN131',1),(947,NULL,31,3,13,'N20DCCN131',1),(948,NULL,32,3,13,'N20DCCN131',1),(949,NULL,33,3,13,'N20DCCN131',1),(950,NULL,34,3,13,'N20DCCN131',1),(951,NULL,35,3,13,'N20DCCN131',1),(952,NULL,24,3,13,'N20DCCN122',1),(953,NULL,25,3,13,'N20DCCN122',1),(954,NULL,26,3,13,'N20DCCN122',1),(955,NULL,28,3,13,'N20DCCN122',1),(956,NULL,29,3,13,'N20DCCN122',1),(957,NULL,31,3,13,'N20DCCN122',1),(958,NULL,32,3,13,'N20DCCN122',1),(959,NULL,33,3,13,'N20DCCN122',1),(960,NULL,34,3,13,'N20DCCN122',1),(961,NULL,35,3,13,'N20DCCN122',1),(962,NULL,24,3,13,'N20DCCN059',1),(963,NULL,25,3,13,'N20DCCN059',1),(964,NULL,26,3,13,'N20DCCN059',1),(965,NULL,28,3,13,'N20DCCN059',1),(966,NULL,29,3,13,'N20DCCN059',1),(967,NULL,31,3,13,'N20DCCN059',1),(968,NULL,32,3,13,'N20DCCN059',1),(969,NULL,33,3,13,'N20DCCN059',1),(970,NULL,34,3,13,'N20DCCN059',1),(971,NULL,35,3,13,'N20DCCN059',1),(972,NULL,24,3,13,'N19DCAT022',1),(973,NULL,25,3,13,'N19DCAT022',1),(974,NULL,26,3,13,'N19DCAT022',1),(975,NULL,28,3,13,'N19DCAT022',1),(976,NULL,29,3,13,'N19DCAT022',1),(977,NULL,31,3,13,'N19DCAT022',1),(978,NULL,32,3,13,'N19DCAT022',1),(979,NULL,33,3,13,'N19DCAT022',1),(980,NULL,34,3,13,'N19DCAT022',1),(981,NULL,35,3,13,'N19DCAT022',1),(982,NULL,24,3,13,'N20DCCN150',1),(983,NULL,25,3,13,'N20DCCN150',1),(984,NULL,26,3,13,'N20DCCN150',1),(985,NULL,28,3,13,'N20DCCN150',1),(986,NULL,29,3,13,'N20DCCN150',1),(987,NULL,31,3,13,'N20DCCN150',1),(988,NULL,32,3,13,'N20DCCN150',1),(989,NULL,33,3,13,'N20DCCN150',1),(990,NULL,34,3,13,'N20DCCN150',1),(991,NULL,35,3,13,'N20DCCN150',1),(992,NULL,24,3,13,'N20DCCN161',1),(993,NULL,25,3,13,'N20DCCN161',1),(994,NULL,26,3,13,'N20DCCN161',1),(995,NULL,28,3,13,'N20DCCN161',1),(996,NULL,29,3,13,'N20DCCN161',1),(997,NULL,31,3,13,'N20DCCN161',1),(998,NULL,32,3,13,'N20DCCN161',1),(999,NULL,33,3,13,'N20DCCN161',1),(1000,NULL,34,3,13,'N20DCCN161',1),(1001,NULL,35,3,13,'N20DCCN161',1),(1002,NULL,24,3,13,'N20DCCN135',1),(1003,NULL,25,3,13,'N20DCCN135',1),(1004,NULL,26,3,13,'N20DCCN135',1),(1005,NULL,28,3,13,'N20DCCN135',1),(1006,NULL,29,3,13,'N20DCCN135',1),(1007,NULL,31,3,13,'N20DCCN135',1),(1008,NULL,32,3,13,'N20DCCN135',1),(1009,NULL,33,3,13,'N20DCCN135',1),(1010,NULL,34,3,13,'N20DCCN135',1),(1011,NULL,35,3,13,'N20DCCN135',1),(1012,NULL,24,3,13,'N20DCCN093',1),(1013,NULL,25,3,13,'N20DCCN093',1),(1014,NULL,26,3,13,'N20DCCN093',1),(1015,NULL,28,3,13,'N20DCCN093',1),(1016,NULL,29,3,13,'N20DCCN093',1),(1017,NULL,31,3,13,'N20DCCN093',1),(1018,NULL,32,3,13,'N20DCCN093',1),(1019,NULL,33,3,13,'N20DCCN093',1),(1020,NULL,34,3,13,'N20DCCN093',1),(1021,NULL,35,3,13,'N20DCCN093',1),(1022,NULL,24,3,13,'N20DCCN130',1),(1023,NULL,25,3,13,'N20DCCN130',1),(1024,NULL,26,3,13,'N20DCCN130',1),(1025,NULL,28,3,13,'N20DCCN130',1),(1026,NULL,29,3,13,'N20DCCN130',1),(1027,NULL,31,3,13,'N20DCCN130',1),(1028,NULL,32,3,13,'N20DCCN130',1),(1029,NULL,33,3,13,'N20DCCN130',1),(1030,NULL,34,3,13,'N20DCCN130',1),(1031,NULL,35,3,13,'N20DCCN130',1),(1032,NULL,24,3,13,'N20DCCN123',1),(1033,NULL,25,3,13,'N20DCCN123',1),(1034,NULL,26,3,13,'N20DCCN123',1),(1035,NULL,28,3,13,'N20DCCN123',1),(1036,NULL,29,3,13,'N20DCCN123',1),(1037,NULL,31,3,13,'N20DCCN123',1),(1038,NULL,32,3,13,'N20DCCN123',1),(1039,NULL,33,3,13,'N20DCCN123',1),(1040,NULL,34,3,13,'N20DCCN123',1),(1041,NULL,35,3,13,'N20DCCN123',1),(1042,NULL,24,3,13,'N19DCCN206',1),(1043,NULL,25,3,13,'N19DCCN206',1),(1044,NULL,26,3,13,'N19DCCN206',1),(1045,NULL,28,3,13,'N19DCCN206',1),(1046,NULL,29,3,13,'N19DCCN206',1),(1047,NULL,31,3,13,'N19DCCN206',1),(1048,NULL,32,3,13,'N19DCCN206',1),(1049,NULL,33,3,13,'N19DCCN206',1),(1050,NULL,34,3,13,'N19DCCN206',1),(1051,NULL,35,3,13,'N19DCCN206',1),(1052,NULL,24,3,13,'N20DCCN151',1),(1053,NULL,25,3,13,'N20DCCN151',1),(1054,NULL,26,3,13,'N20DCCN151',1),(1055,NULL,28,3,13,'N20DCCN151',1),(1056,NULL,29,3,13,'N20DCCN151',1),(1057,NULL,31,3,13,'N20DCCN151',1),(1058,NULL,32,3,13,'N20DCCN151',1),(1059,NULL,33,3,13,'N20DCCN151',1),(1060,NULL,34,3,13,'N20DCCN151',1),(1061,NULL,35,3,13,'N20DCCN151',1),(1062,NULL,24,3,13,'N20DCCN136',1),(1063,NULL,25,3,13,'N20DCCN136',1),(1064,NULL,26,3,13,'N20DCCN136',1),(1065,NULL,28,3,13,'N20DCCN136',1),(1066,NULL,29,3,13,'N20DCCN136',1),(1067,NULL,31,3,13,'N20DCCN136',1),(1068,NULL,32,3,13,'N20DCCN136',1),(1069,NULL,33,3,13,'N20DCCN136',1),(1070,NULL,34,3,13,'N20DCCN136',1),(1071,NULL,35,3,13,'N20DCCN136',1),(1072,NULL,24,3,13,'N20DCCN159',1),(1073,NULL,25,3,13,'N20DCCN159',1),(1074,NULL,26,3,13,'N20DCCN159',1),(1075,NULL,28,3,13,'N20DCCN159',1),(1076,NULL,29,3,13,'N20DCCN159',1),(1077,NULL,31,3,13,'N20DCCN159',1),(1078,NULL,32,3,13,'N20DCCN159',1),(1079,NULL,33,3,13,'N20DCCN159',1),(1080,NULL,34,3,13,'N20DCCN159',1),(1081,NULL,35,3,13,'N20DCCN159',1),(1082,NULL,24,3,13,'N20DCCN155',1),(1083,NULL,25,3,13,'N20DCCN155',1),(1084,NULL,26,3,13,'N20DCCN155',1),(1085,NULL,28,3,13,'N20DCCN155',1),(1086,NULL,29,3,13,'N20DCCN155',1),(1087,NULL,31,3,13,'N20DCCN155',1),(1088,NULL,32,3,13,'N20DCCN155',1),(1089,NULL,33,3,13,'N20DCCN155',1),(1090,NULL,34,3,13,'N20DCCN155',1),(1091,NULL,35,3,13,'N20DCCN155',1),(1092,NULL,24,3,13,'N20DCCN153',1),(1093,NULL,25,3,13,'N20DCCN153',1),(1094,NULL,26,3,13,'N20DCCN153',1),(1095,NULL,28,3,13,'N20DCCN153',1),(1096,NULL,29,3,13,'N20DCCN153',1),(1097,NULL,31,3,13,'N20DCCN153',1),(1098,NULL,32,3,13,'N20DCCN153',1),(1099,NULL,33,3,13,'N20DCCN153',1),(1100,NULL,34,3,13,'N20DCCN153',1),(1101,NULL,35,3,13,'N20DCCN153',1),(1102,NULL,24,3,13,'N20DCCN148',1),(1103,NULL,25,3,13,'N20DCCN148',1),(1104,NULL,26,3,13,'N20DCCN148',1),(1105,NULL,28,3,13,'N20DCCN148',1),(1106,NULL,29,3,13,'N20DCCN148',1),(1107,NULL,31,3,13,'N20DCCN148',1),(1108,NULL,32,3,13,'N20DCCN148',1),(1109,NULL,33,3,13,'N20DCCN148',1),(1110,NULL,34,3,13,'N20DCCN148',1),(1111,NULL,35,3,13,'N20DCCN148',1),(1112,NULL,24,3,13,'N20DCCN146',1),(1113,NULL,25,3,13,'N20DCCN146',1),(1114,NULL,26,3,13,'N20DCCN146',1),(1115,NULL,28,3,13,'N20DCCN146',1),(1116,NULL,29,3,13,'N20DCCN146',1),(1117,NULL,31,3,13,'N20DCCN146',1),(1118,NULL,32,3,13,'N20DCCN146',1),(1119,NULL,33,3,13,'N20DCCN146',1),(1120,NULL,34,3,13,'N20DCCN146',1),(1121,NULL,35,3,13,'N20DCCN146',1),(1122,NULL,24,3,13,'N20DCCN138',1),(1123,NULL,25,3,13,'N20DCCN138',1),(1124,NULL,26,3,13,'N20DCCN138',1),(1125,NULL,28,3,13,'N20DCCN138',1),(1126,NULL,29,3,13,'N20DCCN138',1),(1127,NULL,31,3,13,'N20DCCN138',1),(1128,NULL,32,3,13,'N20DCCN138',1),(1129,NULL,33,3,13,'N20DCCN138',1),(1130,NULL,34,3,13,'N20DCCN138',1),(1131,NULL,35,3,13,'N20DCCN138',1),(1132,NULL,24,3,13,'N19DCAT009',1),(1133,NULL,25,3,13,'N19DCAT009',1),(1134,NULL,26,3,13,'N19DCAT009',1),(1135,NULL,28,3,13,'N19DCAT009',1),(1136,NULL,29,3,13,'N19DCAT009',1),(1137,NULL,31,3,13,'N19DCAT009',1),(1138,NULL,32,3,13,'N19DCAT009',1),(1139,NULL,33,3,13,'N19DCAT009',1),(1140,NULL,34,3,13,'N19DCAT009',1),(1141,NULL,35,3,13,'N19DCAT009',1),(1142,NULL,24,3,13,'N20DCCN118',1),(1143,NULL,25,3,13,'N20DCCN118',1),(1144,NULL,26,3,13,'N20DCCN118',1),(1145,NULL,28,3,13,'N20DCCN118',1),(1146,NULL,29,3,13,'N20DCCN118',1),(1147,NULL,31,3,13,'N20DCCN118',1),(1148,NULL,32,3,13,'N20DCCN118',1),(1149,NULL,33,3,13,'N20DCCN118',1),(1150,NULL,34,3,13,'N20DCCN118',1),(1151,NULL,35,3,13,'N20DCCN118',1),(1152,NULL,24,3,13,'N19DCCN222',1),(1153,NULL,25,3,13,'N19DCCN222',1),(1154,NULL,26,3,13,'N19DCCN222',1),(1155,NULL,28,3,13,'N19DCCN222',1),(1156,NULL,29,3,13,'N19DCCN222',1),(1157,NULL,31,3,13,'N19DCCN222',1),(1158,NULL,32,3,13,'N19DCCN222',1),(1159,NULL,33,3,13,'N19DCCN222',1),(1160,NULL,34,3,13,'N19DCCN222',1),(1161,NULL,35,3,13,'N19DCCN222',1),(1162,NULL,24,3,13,'N20DCCN104',1),(1163,NULL,25,3,13,'N20DCCN104',1),(1164,NULL,26,3,13,'N20DCCN104',1),(1165,NULL,28,3,13,'N20DCCN104',1),(1166,NULL,29,3,13,'N20DCCN104',1),(1167,NULL,31,3,13,'N20DCCN104',1),(1168,NULL,32,3,13,'N20DCCN104',1),(1169,NULL,33,3,13,'N20DCCN104',1),(1170,NULL,34,3,13,'N20DCCN104',1),(1171,NULL,35,3,13,'N20DCCN104',1),(1172,NULL,24,3,13,'N20DCCN154',1),(1173,NULL,25,3,13,'N20DCCN154',1),(1174,NULL,26,3,13,'N20DCCN154',1),(1175,NULL,28,3,13,'N20DCCN154',1),(1176,NULL,29,3,13,'N20DCCN154',1),(1177,NULL,31,3,13,'N20DCCN154',1),(1178,NULL,32,3,13,'N20DCCN154',1),(1179,NULL,33,3,13,'N20DCCN154',1),(1180,NULL,34,3,13,'N20DCCN154',1),(1181,NULL,35,3,13,'N20DCCN154',1),(1182,NULL,24,3,13,'N20DCCN133',1),(1183,NULL,25,3,13,'N20DCCN133',1),(1184,NULL,26,3,13,'N20DCCN133',1),(1185,NULL,28,3,13,'N20DCCN133',1),(1186,NULL,29,3,13,'N20DCCN133',1),(1187,NULL,31,3,13,'N20DCCN133',1),(1188,NULL,32,3,13,'N20DCCN133',1),(1189,NULL,33,3,13,'N20DCCN133',1),(1190,NULL,34,3,13,'N20DCCN133',1),(1191,NULL,35,3,13,'N20DCCN133',1),(1192,NULL,24,3,13,'N20DCCN134',1),(1193,NULL,25,3,13,'N20DCCN134',1),(1194,NULL,26,3,13,'N20DCCN134',1),(1195,NULL,28,3,13,'N20DCCN134',1),(1196,NULL,29,3,13,'N20DCCN134',1),(1197,NULL,31,3,13,'N20DCCN134',1),(1198,NULL,32,3,13,'N20DCCN134',1),(1199,NULL,33,3,13,'N20DCCN134',1),(1200,NULL,34,3,13,'N20DCCN134',1),(1201,NULL,35,3,13,'N20DCCN134',1),(1202,NULL,24,3,13,'N20DCCN112',1),(1203,NULL,25,3,13,'N20DCCN112',1),(1204,NULL,26,3,13,'N20DCCN112',1),(1205,NULL,28,3,13,'N20DCCN112',1),(1206,NULL,29,3,13,'N20DCCN112',1),(1207,NULL,31,3,13,'N20DCCN112',1),(1208,NULL,32,3,13,'N20DCCN112',1),(1209,NULL,33,3,13,'N20DCCN112',1),(1210,NULL,34,3,13,'N20DCCN112',1),(1211,NULL,35,3,13,'N20DCCN112',1),(1212,NULL,24,3,13,'N20DCCN107',1),(1213,NULL,25,3,13,'N20DCCN107',1),(1214,NULL,26,3,13,'N20DCCN107',1),(1215,NULL,28,3,13,'N20DCCN107',1),(1216,NULL,29,3,13,'N20DCCN107',1),(1217,NULL,31,3,13,'N20DCCN107',1),(1218,NULL,32,3,13,'N20DCCN107',1),(1219,NULL,33,3,13,'N20DCCN107',1),(1220,NULL,34,3,13,'N20DCCN107',1),(1221,NULL,35,3,13,'N20DCCN107',1),(1222,NULL,24,3,13,'N20DCCN091',1),(1223,NULL,25,3,13,'N20DCCN091',1),(1224,NULL,26,3,13,'N20DCCN091',1),(1225,NULL,28,3,13,'N20DCCN091',1),(1226,NULL,29,3,13,'N20DCCN091',1),(1227,NULL,31,3,13,'N20DCCN091',1),(1228,NULL,32,3,13,'N20DCCN091',1),(1229,NULL,33,3,13,'N20DCCN091',1),(1230,NULL,34,3,13,'N20DCCN091',1),(1231,NULL,35,3,13,'N20DCCN091',1),(1232,NULL,24,3,13,'N20DCCN137',1),(1233,NULL,25,3,13,'N20DCCN137',1),(1234,NULL,26,3,13,'N20DCCN137',1),(1235,NULL,28,3,13,'N20DCCN137',1),(1236,NULL,29,3,13,'N20DCCN137',1),(1237,NULL,31,3,13,'N20DCCN137',1),(1238,NULL,32,3,13,'N20DCCN137',1),(1239,NULL,33,3,13,'N20DCCN137',1),(1240,NULL,34,3,13,'N20DCCN137',1),(1241,NULL,35,3,13,'N20DCCN137',1),(1242,NULL,24,3,13,'N20DCCN117',1),(1243,NULL,25,3,13,'N20DCCN117',1),(1244,NULL,26,3,13,'N20DCCN117',1),(1245,NULL,28,3,13,'N20DCCN117',1),(1246,NULL,29,3,13,'N20DCCN117',1),(1247,NULL,31,3,13,'N20DCCN117',1),(1248,NULL,32,3,13,'N20DCCN117',1),(1249,NULL,33,3,13,'N20DCCN117',1),(1250,NULL,34,3,13,'N20DCCN117',1),(1251,NULL,35,3,13,'N20DCCN117',1),(1252,NULL,24,3,13,'N20DCCN111',1),(1253,NULL,25,3,13,'N20DCCN111',1),(1254,NULL,26,3,13,'N20DCCN111',1),(1255,NULL,28,3,13,'N20DCCN111',1),(1256,NULL,29,3,13,'N20DCCN111',1),(1257,NULL,31,3,13,'N20DCCN111',1),(1258,NULL,32,3,13,'N20DCCN111',1),(1259,NULL,33,3,13,'N20DCCN111',1),(1260,NULL,34,3,13,'N20DCCN111',1),(1261,NULL,35,3,13,'N20DCCN111',1),(1262,NULL,24,3,13,'N20DCCN089',1),(1263,NULL,25,3,13,'N20DCCN089',1),(1264,NULL,26,3,13,'N20DCCN089',1),(1265,NULL,28,3,13,'N20DCCN089',1),(1266,NULL,29,3,13,'N20DCCN089',1),(1267,NULL,31,3,13,'N20DCCN089',1),(1268,NULL,32,3,13,'N20DCCN089',1),(1269,NULL,33,3,13,'N20DCCN089',1),(1270,NULL,34,3,13,'N20DCCN089',1),(1271,NULL,35,3,13,'N20DCCN089',1),(1272,NULL,24,3,13,'N20DCCN088',1),(1273,NULL,25,3,13,'N20DCCN088',1),(1274,NULL,26,3,13,'N20DCCN088',1),(1275,NULL,28,3,13,'N20DCCN088',1),(1276,NULL,29,3,13,'N20DCCN088',1),(1277,NULL,31,3,13,'N20DCCN088',1),(1278,NULL,32,3,13,'N20DCCN088',1),(1279,NULL,33,3,13,'N20DCCN088',1),(1280,NULL,34,3,13,'N20DCCN088',1),(1281,NULL,35,3,13,'N20DCCN088',1),(1282,NULL,24,3,13,'N20DCCN147',1),(1283,NULL,25,3,13,'N20DCCN147',1),(1284,NULL,26,3,13,'N20DCCN147',1),(1285,NULL,28,3,13,'N20DCCN147',1),(1286,NULL,29,3,13,'N20DCCN147',1),(1287,NULL,31,3,13,'N20DCCN147',1),(1288,NULL,32,3,13,'N20DCCN147',1),(1289,NULL,33,3,13,'N20DCCN147',1),(1290,NULL,34,3,13,'N20DCCN147',1),(1291,NULL,35,3,13,'N20DCCN147',1),(1292,NULL,24,3,13,'N19DCCN182',1),(1293,NULL,25,3,13,'N19DCCN182',1),(1294,NULL,26,3,13,'N19DCCN182',1),(1295,NULL,28,3,13,'N19DCCN182',1),(1296,NULL,29,3,13,'N19DCCN182',1),(1297,NULL,31,3,13,'N19DCCN182',1),(1298,NULL,32,3,13,'N19DCCN182',1),(1299,NULL,33,3,13,'N19DCCN182',1),(1300,NULL,34,3,13,'N19DCCN182',1),(1301,NULL,35,3,13,'N19DCCN182',1),(1302,NULL,41,5,4,'N17DCDT055',1),(1303,NULL,41,6,4,'N17DCCN093',1),(1304,NULL,2,7,12,'N20DCCN085',1),(1305,NULL,4,7,12,'N20DCCN085',1),(1306,NULL,6,7,12,'N20DCCN085',1),(1307,NULL,7,7,12,'N20DCCN085',1),(1308,NULL,8,7,12,'N20DCCN085',1),(1309,NULL,9,7,12,'N20DCCN085',1),(1310,NULL,10,7,12,'N20DCCN085',1),(1311,NULL,11,7,12,'N20DCCN085',1),(1312,NULL,12,7,12,'N20DCCN085',1),(1313,NULL,13,7,12,'N20DCCN085',1),(1314,NULL,15,7,12,'N20DCCN085',1),(1315,NULL,17,7,12,'N20DCCN085',1),(1316,NULL,18,7,12,'N20DCCN085',1),(1317,NULL,19,7,12,'N20DCCN085',1),(1318,NULL,20,7,12,'N20DCCN085',1),(1319,NULL,21,7,12,'N20DCCN085',1),(1320,NULL,22,7,12,'N20DCCN085',1),(1321,NULL,23,7,12,'N20DCCN085',1),(1322,NULL,24,7,12,'N20DCCN085',1),(1323,NULL,25,7,12,'N20DCCN085',1),(1324,NULL,26,7,12,'N20DCCN085',1),(1325,NULL,27,7,12,'N20DCCN085',1),(1326,NULL,29,7,12,'N20DCCN085',1),(1327,NULL,31,7,12,'N20DCCN085',1),(1328,NULL,35,7,12,'N20DCCN085',1),(1329,NULL,2,7,12,'N20DCCN056',1),(1330,NULL,4,7,12,'N20DCCN056',1),(1331,NULL,6,7,12,'N20DCCN056',1),(1332,NULL,7,7,12,'N20DCCN056',1),(1333,NULL,8,7,12,'N20DCCN056',1),(1334,NULL,9,7,12,'N20DCCN056',1),(1335,NULL,10,7,12,'N20DCCN056',1),(1336,NULL,11,7,12,'N20DCCN056',1),(1337,NULL,12,7,12,'N20DCCN056',1),(1338,NULL,13,7,12,'N20DCCN056',1),(1339,NULL,15,7,12,'N20DCCN056',1),(1340,NULL,17,7,12,'N20DCCN056',1),(1341,NULL,18,7,12,'N20DCCN056',1),(1342,NULL,19,7,12,'N20DCCN056',1),(1343,NULL,20,7,12,'N20DCCN056',1),(1344,NULL,21,7,12,'N20DCCN056',1),(1345,NULL,22,7,12,'N20DCCN056',1),(1346,NULL,23,7,12,'N20DCCN056',1),(1347,NULL,24,7,12,'N20DCCN056',1),(1348,NULL,25,7,12,'N20DCCN056',1),(1349,NULL,26,7,12,'N20DCCN056',1),(1350,NULL,27,7,12,'N20DCCN056',1),(1351,NULL,29,7,12,'N20DCCN056',1),(1352,NULL,31,7,12,'N20DCCN056',1),(1353,NULL,35,7,12,'N20DCCN056',1),(1354,NULL,2,7,12,'N20DCCN125',1),(1355,NULL,4,7,12,'N20DCCN125',1),(1356,NULL,6,7,12,'N20DCCN125',1),(1357,NULL,7,7,12,'N20DCCN125',1),(1358,NULL,8,7,12,'N20DCCN125',1),(1359,NULL,9,7,12,'N20DCCN125',1),(1360,NULL,10,7,12,'N20DCCN125',1),(1361,NULL,11,7,12,'N20DCCN125',1),(1362,NULL,12,7,12,'N20DCCN125',1),(1363,NULL,13,7,12,'N20DCCN125',1),(1364,NULL,15,7,12,'N20DCCN125',1),(1365,NULL,17,7,12,'N20DCCN125',1),(1366,NULL,18,7,12,'N20DCCN125',1),(1367,NULL,19,7,12,'N20DCCN125',1),(1368,NULL,20,7,12,'N20DCCN125',1),(1369,NULL,21,7,12,'N20DCCN125',1),(1370,NULL,22,7,12,'N20DCCN125',1),(1371,NULL,23,7,12,'N20DCCN125',1),(1372,NULL,24,7,12,'N20DCCN125',1),(1373,NULL,25,7,12,'N20DCCN125',1),(1374,NULL,26,7,12,'N20DCCN125',1),(1375,NULL,27,7,12,'N20DCCN125',1),(1376,NULL,29,7,12,'N20DCCN125',1),(1377,NULL,31,7,12,'N20DCCN125',1),(1378,NULL,35,7,12,'N20DCCN125',1),(1379,NULL,2,7,12,'N20DCCN012',1),(1380,NULL,4,7,12,'N20DCCN012',1),(1381,NULL,6,7,12,'N20DCCN012',1),(1382,NULL,7,7,12,'N20DCCN012',1),(1383,NULL,8,7,12,'N20DCCN012',1),(1384,NULL,9,7,12,'N20DCCN012',1),(1385,NULL,10,7,12,'N20DCCN012',1),(1386,NULL,11,7,12,'N20DCCN012',1),(1387,NULL,12,7,12,'N20DCCN012',1),(1388,NULL,13,7,12,'N20DCCN012',1),(1389,NULL,15,7,12,'N20DCCN012',1),(1390,NULL,17,7,12,'N20DCCN012',1),(1391,NULL,18,7,12,'N20DCCN012',1),(1392,NULL,19,7,12,'N20DCCN012',1),(1393,NULL,20,7,12,'N20DCCN012',1),(1394,NULL,21,7,12,'N20DCCN012',1),(1395,NULL,22,7,12,'N20DCCN012',1),(1396,NULL,23,7,12,'N20DCCN012',1),(1397,NULL,24,7,12,'N20DCCN012',1),(1398,NULL,25,7,12,'N20DCCN012',1),(1399,NULL,26,7,12,'N20DCCN012',1),(1400,NULL,27,7,12,'N20DCCN012',1),(1401,NULL,29,7,12,'N20DCCN012',1),(1402,NULL,31,7,12,'N20DCCN012',1),(1403,NULL,35,7,12,'N20DCCN012',1),(1404,NULL,2,7,12,'N20DCCN102',1),(1405,NULL,4,7,12,'N20DCCN102',1),(1406,NULL,6,7,12,'N20DCCN102',1),(1407,NULL,7,7,12,'N20DCCN102',1),(1408,NULL,8,7,12,'N20DCCN102',1),(1409,NULL,9,7,12,'N20DCCN102',1),(1410,NULL,10,7,12,'N20DCCN102',1),(1411,NULL,11,7,12,'N20DCCN102',1),(1412,NULL,12,7,12,'N20DCCN102',1),(1413,NULL,13,7,12,'N20DCCN102',1),(1414,NULL,15,7,12,'N20DCCN102',1),(1415,NULL,17,7,12,'N20DCCN102',1),(1416,NULL,18,7,12,'N20DCCN102',1),(1417,NULL,19,7,12,'N20DCCN102',1),(1418,NULL,20,7,12,'N20DCCN102',1),(1419,NULL,21,7,12,'N20DCCN102',1),(1420,NULL,22,7,12,'N20DCCN102',1),(1421,NULL,23,7,12,'N20DCCN102',1),(1422,NULL,24,7,12,'N20DCCN102',1),(1423,NULL,25,7,12,'N20DCCN102',1),(1424,NULL,26,7,12,'N20DCCN102',1),(1425,NULL,27,7,12,'N20DCCN102',1),(1426,NULL,29,7,12,'N20DCCN102',1),(1427,NULL,31,7,12,'N20DCCN102',1),(1428,NULL,35,7,12,'N20DCCN102',1),(1429,NULL,14,8,12,'N20DCCN068',2),(1430,NULL,15,8,12,'N20DCCN068',2),(1431,NULL,24,8,12,'N20DCCN068',2),(1432,NULL,25,8,12,'N20DCCN068',2),(1433,NULL,26,8,12,'N20DCCN068',2),(1434,NULL,34,8,12,'N20DCCN068',2),(1435,'C',14,8,12,'N19DCCN158',2),(1436,'A',15,8,12,'N19DCCN158',2),(1437,'B',24,8,12,'N19DCCN158',2),(1438,'D',25,8,12,'N19DCCN158',2),(1439,'C',26,8,12,'N19DCCN158',2),(1440,'C,D,B,A',34,8,12,'N19DCCN158',2),(1441,NULL,14,8,12,'N20DCCN002',2),(1442,NULL,15,8,12,'N20DCCN002',2),(1443,NULL,24,8,12,'N20DCCN002',2),(1444,NULL,25,8,12,'N20DCCN002',2),(1445,NULL,26,8,12,'N20DCCN002',2),(1446,NULL,34,8,12,'N20DCCN002',2),(1447,NULL,14,8,12,'N20DCCN010',2),(1448,NULL,15,8,12,'N20DCCN010',2),(1449,NULL,24,8,12,'N20DCCN010',2),(1450,NULL,25,8,12,'N20DCCN010',2),(1451,NULL,26,8,12,'N20DCCN010',2),(1452,NULL,34,8,12,'N20DCCN010',2),(1453,NULL,14,8,12,'N20DCCN016',2),(1454,NULL,15,8,12,'N20DCCN016',2),(1455,NULL,24,8,12,'N20DCCN016',2),(1456,NULL,25,8,12,'N20DCCN016',2),(1457,NULL,26,8,12,'N20DCCN016',2),(1458,NULL,34,8,12,'N20DCCN016',2),(1459,NULL,14,8,12,'N20DCCN063',2),(1460,NULL,15,8,12,'N20DCCN063',2),(1461,NULL,24,8,12,'N20DCCN063',2),(1462,NULL,25,8,12,'N20DCCN063',2),(1463,NULL,26,8,12,'N20DCCN063',2),(1464,NULL,34,8,12,'N20DCCN063',2),(1465,NULL,14,8,12,'N20DCCN024',2),(1466,NULL,15,8,12,'N20DCCN024',2),(1467,NULL,24,8,12,'N20DCCN024',2),(1468,NULL,25,8,12,'N20DCCN024',2),(1469,NULL,26,8,12,'N20DCCN024',2),(1470,NULL,34,8,12,'N20DCCN024',2),(1471,NULL,14,8,12,'N20DCCN003',2),(1472,NULL,15,8,12,'N20DCCN003',2),(1473,NULL,24,8,12,'N20DCCN003',2),(1474,NULL,25,8,12,'N20DCCN003',2),(1475,NULL,26,8,12,'N20DCCN003',2),(1476,NULL,34,8,12,'N20DCCN003',2),(1477,NULL,14,8,12,'N20DCCN014',2),(1478,NULL,15,8,12,'N20DCCN014',2),(1479,NULL,24,8,12,'N20DCCN014',2),(1480,NULL,25,8,12,'N20DCCN014',2),(1481,NULL,26,8,12,'N20DCCN014',2),(1482,NULL,34,8,12,'N20DCCN014',2),(1483,NULL,14,8,12,'N20DCCN018',2),(1484,NULL,15,8,12,'N20DCCN018',2),(1485,NULL,24,8,12,'N20DCCN018',2),(1486,NULL,25,8,12,'N20DCCN018',2),(1487,NULL,26,8,12,'N20DCCN018',2),(1488,NULL,34,8,12,'N20DCCN018',2),(1489,NULL,1,9,13,'N20DCCN156',2),(1490,NULL,4,9,13,'N20DCCN156',2),(1491,NULL,6,9,13,'N20DCCN156',2),(1492,NULL,7,9,13,'N20DCCN156',2),(1493,NULL,9,9,13,'N20DCCN156',2),(1494,NULL,10,9,13,'N20DCCN156',2),(1495,NULL,12,9,13,'N20DCCN156',2),(1496,NULL,13,9,13,'N20DCCN156',2),(1497,NULL,14,9,13,'N20DCCN156',2),(1498,NULL,15,9,13,'N20DCCN156',2),(1499,NULL,16,9,13,'N20DCCN156',2),(1500,NULL,17,9,13,'N20DCCN156',2),(1501,NULL,18,9,13,'N20DCCN156',2),(1502,NULL,20,9,13,'N20DCCN156',2),(1503,NULL,21,9,13,'N20DCCN156',2),(1504,NULL,22,9,13,'N20DCCN156',2),(1505,NULL,24,9,13,'N20DCCN156',2),(1506,NULL,25,9,13,'N20DCCN156',2),(1507,NULL,26,9,13,'N20DCCN156',2),(1508,NULL,28,9,13,'N20DCCN156',2),(1509,NULL,29,9,13,'N20DCCN156',2),(1510,NULL,31,9,13,'N20DCCN156',2),(1511,NULL,32,9,13,'N20DCCN156',2),(1512,NULL,33,9,13,'N20DCCN156',2),(1513,NULL,34,9,13,'N20DCCN156',2),(1514,NULL,1,9,13,'N20DCCN139',2),(1515,NULL,4,9,13,'N20DCCN139',2),(1516,NULL,6,9,13,'N20DCCN139',2),(1517,NULL,7,9,13,'N20DCCN139',2),(1518,NULL,9,9,13,'N20DCCN139',2),(1519,NULL,10,9,13,'N20DCCN139',2),(1520,NULL,12,9,13,'N20DCCN139',2),(1521,NULL,13,9,13,'N20DCCN139',2),(1522,NULL,14,9,13,'N20DCCN139',2),(1523,NULL,15,9,13,'N20DCCN139',2),(1524,NULL,16,9,13,'N20DCCN139',2),(1525,NULL,17,9,13,'N20DCCN139',2),(1526,NULL,18,9,13,'N20DCCN139',2),(1527,NULL,20,9,13,'N20DCCN139',2),(1528,NULL,21,9,13,'N20DCCN139',2),(1529,NULL,22,9,13,'N20DCCN139',2),(1530,NULL,24,9,13,'N20DCCN139',2),(1531,NULL,25,9,13,'N20DCCN139',2),(1532,NULL,26,9,13,'N20DCCN139',2),(1533,NULL,28,9,13,'N20DCCN139',2),(1534,NULL,29,9,13,'N20DCCN139',2),(1535,NULL,31,9,13,'N20DCCN139',2),(1536,NULL,32,9,13,'N20DCCN139',2),(1537,NULL,33,9,13,'N20DCCN139',2),(1538,NULL,34,9,13,'N20DCCN139',2),(1539,NULL,1,9,13,'N20DCCN115',2),(1540,NULL,4,9,13,'N20DCCN115',2),(1541,NULL,6,9,13,'N20DCCN115',2),(1542,NULL,7,9,13,'N20DCCN115',2),(1543,NULL,9,9,13,'N20DCCN115',2),(1544,NULL,10,9,13,'N20DCCN115',2),(1545,NULL,12,9,13,'N20DCCN115',2),(1546,NULL,13,9,13,'N20DCCN115',2),(1547,NULL,14,9,13,'N20DCCN115',2),(1548,NULL,15,9,13,'N20DCCN115',2),(1549,NULL,16,9,13,'N20DCCN115',2),(1550,NULL,17,9,13,'N20DCCN115',2),(1551,NULL,18,9,13,'N20DCCN115',2),(1552,NULL,20,9,13,'N20DCCN115',2),(1553,NULL,21,9,13,'N20DCCN115',2),(1554,NULL,22,9,13,'N20DCCN115',2),(1555,NULL,24,9,13,'N20DCCN115',2),(1556,NULL,25,9,13,'N20DCCN115',2),(1557,NULL,26,9,13,'N20DCCN115',2),(1558,NULL,28,9,13,'N20DCCN115',2),(1559,NULL,29,9,13,'N20DCCN115',2),(1560,NULL,31,9,13,'N20DCCN115',2),(1561,NULL,32,9,13,'N20DCCN115',2),(1562,NULL,33,9,13,'N20DCCN115',2),(1563,NULL,34,9,13,'N20DCCN115',2),(1564,NULL,1,9,13,'N19DCCN176',2),(1565,NULL,4,9,13,'N19DCCN176',2),(1566,NULL,6,9,13,'N19DCCN176',2),(1567,NULL,7,9,13,'N19DCCN176',2),(1568,NULL,9,9,13,'N19DCCN176',2),(1569,NULL,10,9,13,'N19DCCN176',2),(1570,NULL,12,9,13,'N19DCCN176',2),(1571,NULL,13,9,13,'N19DCCN176',2),(1572,NULL,14,9,13,'N19DCCN176',2),(1573,NULL,15,9,13,'N19DCCN176',2),(1574,NULL,16,9,13,'N19DCCN176',2),(1575,NULL,17,9,13,'N19DCCN176',2),(1576,NULL,18,9,13,'N19DCCN176',2),(1577,NULL,20,9,13,'N19DCCN176',2),(1578,NULL,21,9,13,'N19DCCN176',2),(1579,NULL,22,9,13,'N19DCCN176',2),(1580,NULL,24,9,13,'N19DCCN176',2),(1581,NULL,25,9,13,'N19DCCN176',2),(1582,NULL,26,9,13,'N19DCCN176',2),(1583,NULL,28,9,13,'N19DCCN176',2),(1584,NULL,29,9,13,'N19DCCN176',2),(1585,NULL,31,9,13,'N19DCCN176',2),(1586,NULL,32,9,13,'N19DCCN176',2),(1587,NULL,33,9,13,'N19DCCN176',2),(1588,NULL,34,9,13,'N19DCCN176',2),(1589,NULL,1,9,13,'N20DCCN141',2),(1590,NULL,4,9,13,'N20DCCN141',2),(1591,NULL,6,9,13,'N20DCCN141',2),(1592,NULL,7,9,13,'N20DCCN141',2),(1593,NULL,9,9,13,'N20DCCN141',2),(1594,NULL,10,9,13,'N20DCCN141',2),(1595,NULL,12,9,13,'N20DCCN141',2),(1596,NULL,13,9,13,'N20DCCN141',2),(1597,NULL,14,9,13,'N20DCCN141',2),(1598,NULL,15,9,13,'N20DCCN141',2),(1599,NULL,16,9,13,'N20DCCN141',2),(1600,NULL,17,9,13,'N20DCCN141',2),(1601,NULL,18,9,13,'N20DCCN141',2),(1602,NULL,20,9,13,'N20DCCN141',2),(1603,NULL,21,9,13,'N20DCCN141',2),(1604,NULL,22,9,13,'N20DCCN141',2),(1605,NULL,24,9,13,'N20DCCN141',2),(1606,NULL,25,9,13,'N20DCCN141',2),(1607,NULL,26,9,13,'N20DCCN141',2),(1608,NULL,28,9,13,'N20DCCN141',2),(1609,NULL,29,9,13,'N20DCCN141',2),(1610,NULL,31,9,13,'N20DCCN141',2),(1611,NULL,32,9,13,'N20DCCN141',2),(1612,NULL,33,9,13,'N20DCCN141',2),(1613,NULL,34,9,13,'N20DCCN141',2),(1614,NULL,1,9,13,'N20DCCN094',2),(1615,NULL,4,9,13,'N20DCCN094',2),(1616,NULL,6,9,13,'N20DCCN094',2),(1617,NULL,7,9,13,'N20DCCN094',2),(1618,NULL,9,9,13,'N20DCCN094',2),(1619,NULL,10,9,13,'N20DCCN094',2),(1620,NULL,12,9,13,'N20DCCN094',2),(1621,NULL,13,9,13,'N20DCCN094',2),(1622,NULL,14,9,13,'N20DCCN094',2),(1623,NULL,15,9,13,'N20DCCN094',2),(1624,NULL,16,9,13,'N20DCCN094',2),(1625,NULL,17,9,13,'N20DCCN094',2),(1626,NULL,18,9,13,'N20DCCN094',2),(1627,NULL,20,9,13,'N20DCCN094',2),(1628,NULL,21,9,13,'N20DCCN094',2),(1629,NULL,22,9,13,'N20DCCN094',2),(1630,NULL,24,9,13,'N20DCCN094',2),(1631,NULL,25,9,13,'N20DCCN094',2),(1632,NULL,26,9,13,'N20DCCN094',2),(1633,NULL,28,9,13,'N20DCCN094',2),(1634,NULL,29,9,13,'N20DCCN094',2),(1635,NULL,31,9,13,'N20DCCN094',2),(1636,NULL,32,9,13,'N20DCCN094',2),(1637,NULL,33,9,13,'N20DCCN094',2),(1638,NULL,34,9,13,'N20DCCN094',2),(1639,NULL,1,9,13,'N20DCCN110',2),(1640,NULL,4,9,13,'N20DCCN110',2),(1641,NULL,6,9,13,'N20DCCN110',2),(1642,NULL,7,9,13,'N20DCCN110',2),(1643,NULL,9,9,13,'N20DCCN110',2),(1644,NULL,10,9,13,'N20DCCN110',2),(1645,NULL,12,9,13,'N20DCCN110',2),(1646,NULL,13,9,13,'N20DCCN110',2),(1647,NULL,14,9,13,'N20DCCN110',2),(1648,NULL,15,9,13,'N20DCCN110',2),(1649,NULL,16,9,13,'N20DCCN110',2),(1650,NULL,17,9,13,'N20DCCN110',2),(1651,NULL,18,9,13,'N20DCCN110',2),(1652,NULL,20,9,13,'N20DCCN110',2),(1653,NULL,21,9,13,'N20DCCN110',2),(1654,NULL,22,9,13,'N20DCCN110',2),(1655,NULL,24,9,13,'N20DCCN110',2),(1656,NULL,25,9,13,'N20DCCN110',2),(1657,NULL,26,9,13,'N20DCCN110',2),(1658,NULL,28,9,13,'N20DCCN110',2),(1659,NULL,29,9,13,'N20DCCN110',2),(1660,NULL,31,9,13,'N20DCCN110',2),(1661,NULL,32,9,13,'N20DCCN110',2),(1662,NULL,33,9,13,'N20DCCN110',2),(1663,NULL,34,9,13,'N20DCCN110',2),(1664,NULL,1,9,13,'N20DCCN121',2),(1665,NULL,4,9,13,'N20DCCN121',2),(1666,NULL,6,9,13,'N20DCCN121',2),(1667,NULL,7,9,13,'N20DCCN121',2),(1668,NULL,9,9,13,'N20DCCN121',2),(1669,NULL,10,9,13,'N20DCCN121',2),(1670,NULL,12,9,13,'N20DCCN121',2),(1671,NULL,13,9,13,'N20DCCN121',2),(1672,NULL,14,9,13,'N20DCCN121',2),(1673,NULL,15,9,13,'N20DCCN121',2),(1674,NULL,16,9,13,'N20DCCN121',2),(1675,NULL,17,9,13,'N20DCCN121',2),(1676,NULL,18,9,13,'N20DCCN121',2),(1677,NULL,20,9,13,'N20DCCN121',2),(1678,NULL,21,9,13,'N20DCCN121',2),(1679,NULL,22,9,13,'N20DCCN121',2),(1680,NULL,24,9,13,'N20DCCN121',2),(1681,NULL,25,9,13,'N20DCCN121',2),(1682,NULL,26,9,13,'N20DCCN121',2),(1683,NULL,28,9,13,'N20DCCN121',2),(1684,NULL,29,9,13,'N20DCCN121',2),(1685,NULL,31,9,13,'N20DCCN121',2),(1686,NULL,32,9,13,'N20DCCN121',2),(1687,NULL,33,9,13,'N20DCCN121',2),(1688,NULL,34,9,13,'N20DCCN121',2),(1689,'A',1,9,13,'N20DCCN105',2),(1690,'C',4,9,13,'N20DCCN105',2),(1691,'D',6,9,13,'N20DCCN105',2),(1692,'A',7,9,13,'N20DCCN105',2),(1693,NULL,9,9,13,'N20DCCN105',2),(1694,NULL,10,9,13,'N20DCCN105',2),(1695,NULL,12,9,13,'N20DCCN105',2),(1696,NULL,13,9,13,'N20DCCN105',2),(1697,'C',14,9,13,'N20DCCN105',2),(1698,'A',15,9,13,'N20DCCN105',2),(1699,NULL,16,9,13,'N20DCCN105',2),(1700,NULL,17,9,13,'N20DCCN105',2),(1701,NULL,18,9,13,'N20DCCN105',2),(1702,NULL,20,9,13,'N20DCCN105',2),(1703,NULL,21,9,13,'N20DCCN105',2),(1704,NULL,22,9,13,'N20DCCN105',2),(1705,NULL,24,9,13,'N20DCCN105',2),(1706,NULL,25,9,13,'N20DCCN105',2),(1707,NULL,26,9,13,'N20DCCN105',2),(1708,NULL,28,9,13,'N20DCCN105',2),(1709,NULL,29,9,13,'N20DCCN105',2),(1710,NULL,31,9,13,'N20DCCN105',2),(1711,NULL,32,9,13,'N20DCCN105',2),(1712,NULL,33,9,13,'N20DCCN105',2),(1713,'A,C,D',34,9,13,'N20DCCN105',2),(1714,NULL,1,9,13,'N20DCCN149',2),(1715,NULL,4,9,13,'N20DCCN149',2),(1716,NULL,6,9,13,'N20DCCN149',2),(1717,NULL,7,9,13,'N20DCCN149',2),(1718,NULL,9,9,13,'N20DCCN149',2),(1719,NULL,10,9,13,'N20DCCN149',2),(1720,NULL,12,9,13,'N20DCCN149',2),(1721,NULL,13,9,13,'N20DCCN149',2),(1722,NULL,14,9,13,'N20DCCN149',2),(1723,NULL,15,9,13,'N20DCCN149',2),(1724,NULL,16,9,13,'N20DCCN149',2),(1725,NULL,17,9,13,'N20DCCN149',2),(1726,NULL,18,9,13,'N20DCCN149',2),(1727,NULL,20,9,13,'N20DCCN149',2),(1728,NULL,21,9,13,'N20DCCN149',2),(1729,NULL,22,9,13,'N20DCCN149',2),(1730,NULL,24,9,13,'N20DCCN149',2),(1731,NULL,25,9,13,'N20DCCN149',2),(1732,NULL,26,9,13,'N20DCCN149',2),(1733,NULL,28,9,13,'N20DCCN149',2),(1734,NULL,29,9,13,'N20DCCN149',2),(1735,NULL,31,9,13,'N20DCCN149',2),(1736,NULL,32,9,13,'N20DCCN149',2),(1737,NULL,33,9,13,'N20DCCN149',2),(1738,NULL,34,9,13,'N20DCCN149',2),(1739,NULL,1,9,13,'N19DCCN195',2),(1740,NULL,4,9,13,'N19DCCN195',2),(1741,NULL,6,9,13,'N19DCCN195',2),(1742,NULL,7,9,13,'N19DCCN195',2),(1743,NULL,9,9,13,'N19DCCN195',2),(1744,NULL,10,9,13,'N19DCCN195',2),(1745,NULL,12,9,13,'N19DCCN195',2),(1746,NULL,13,9,13,'N19DCCN195',2),(1747,NULL,14,9,13,'N19DCCN195',2),(1748,NULL,15,9,13,'N19DCCN195',2),(1749,NULL,16,9,13,'N19DCCN195',2),(1750,NULL,17,9,13,'N19DCCN195',2),(1751,NULL,18,9,13,'N19DCCN195',2),(1752,NULL,20,9,13,'N19DCCN195',2),(1753,NULL,21,9,13,'N19DCCN195',2),(1754,NULL,22,9,13,'N19DCCN195',2),(1755,NULL,24,9,13,'N19DCCN195',2),(1756,NULL,25,9,13,'N19DCCN195',2),(1757,NULL,26,9,13,'N19DCCN195',2),(1758,NULL,28,9,13,'N19DCCN195',2),(1759,NULL,29,9,13,'N19DCCN195',2),(1760,NULL,31,9,13,'N19DCCN195',2),(1761,NULL,32,9,13,'N19DCCN195',2),(1762,NULL,33,9,13,'N19DCCN195',2),(1763,NULL,34,9,13,'N19DCCN195',2),(1764,'B',1,9,13,'N20DCCN090',2),(1765,NULL,4,9,13,'N20DCCN090',2),(1766,NULL,6,9,13,'N20DCCN090',2),(1767,NULL,7,9,13,'N20DCCN090',2),(1768,NULL,9,9,13,'N20DCCN090',2),(1769,'B',10,9,13,'N20DCCN090',2),(1770,NULL,12,9,13,'N20DCCN090',2),(1771,NULL,13,9,13,'N20DCCN090',2),(1772,'C',14,9,13,'N20DCCN090',2),(1773,'A',15,9,13,'N20DCCN090',2),(1774,'D',16,9,13,'N20DCCN090',2),(1775,NULL,17,9,13,'N20DCCN090',2),(1776,'C',18,9,13,'N20DCCN090',2),(1777,'B',20,9,13,'N20DCCN090',2),(1778,'B',21,9,13,'N20DCCN090',2),(1779,'B',22,9,13,'N20DCCN090',2),(1780,NULL,24,9,13,'N20DCCN090',2),(1781,NULL,25,9,13,'N20DCCN090',2),(1782,'B',26,9,13,'N20DCCN090',2),(1783,NULL,28,9,13,'N20DCCN090',2),(1784,NULL,29,9,13,'N20DCCN090',2),(1785,NULL,31,9,13,'N20DCCN090',2),(1786,NULL,32,9,13,'N20DCCN090',2),(1787,NULL,33,9,13,'N20DCCN090',2),(1788,NULL,34,9,13,'N20DCCN090',2),(1789,NULL,1,9,13,'N20DCCN157',2),(1790,NULL,4,9,13,'N20DCCN157',2),(1791,NULL,6,9,13,'N20DCCN157',2),(1792,NULL,7,9,13,'N20DCCN157',2),(1793,NULL,9,9,13,'N20DCCN157',2),(1794,NULL,10,9,13,'N20DCCN157',2),(1795,NULL,12,9,13,'N20DCCN157',2),(1796,NULL,13,9,13,'N20DCCN157',2),(1797,NULL,14,9,13,'N20DCCN157',2),(1798,NULL,15,9,13,'N20DCCN157',2),(1799,NULL,16,9,13,'N20DCCN157',2),(1800,NULL,17,9,13,'N20DCCN157',2),(1801,NULL,18,9,13,'N20DCCN157',2),(1802,NULL,20,9,13,'N20DCCN157',2),(1803,NULL,21,9,13,'N20DCCN157',2),(1804,NULL,22,9,13,'N20DCCN157',2),(1805,NULL,24,9,13,'N20DCCN157',2),(1806,NULL,25,9,13,'N20DCCN157',2),(1807,NULL,26,9,13,'N20DCCN157',2),(1808,NULL,28,9,13,'N20DCCN157',2),(1809,NULL,29,9,13,'N20DCCN157',2),(1810,NULL,31,9,13,'N20DCCN157',2),(1811,NULL,32,9,13,'N20DCCN157',2),(1812,NULL,33,9,13,'N20DCCN157',2),(1813,NULL,34,9,13,'N20DCCN157',2),(1814,NULL,1,9,13,'N20DCCN143',2),(1815,NULL,4,9,13,'N20DCCN143',2),(1816,NULL,6,9,13,'N20DCCN143',2),(1817,NULL,7,9,13,'N20DCCN143',2),(1818,NULL,9,9,13,'N20DCCN143',2),(1819,NULL,10,9,13,'N20DCCN143',2),(1820,NULL,12,9,13,'N20DCCN143',2),(1821,NULL,13,9,13,'N20DCCN143',2),(1822,NULL,14,9,13,'N20DCCN143',2),(1823,NULL,15,9,13,'N20DCCN143',2),(1824,NULL,16,9,13,'N20DCCN143',2),(1825,NULL,17,9,13,'N20DCCN143',2),(1826,NULL,18,9,13,'N20DCCN143',2),(1827,NULL,20,9,13,'N20DCCN143',2),(1828,NULL,21,9,13,'N20DCCN143',2),(1829,NULL,22,9,13,'N20DCCN143',2),(1830,NULL,24,9,13,'N20DCCN143',2),(1831,NULL,25,9,13,'N20DCCN143',2),(1832,NULL,26,9,13,'N20DCCN143',2),(1833,NULL,28,9,13,'N20DCCN143',2),(1834,NULL,29,9,13,'N20DCCN143',2),(1835,NULL,31,9,13,'N20DCCN143',2),(1836,NULL,32,9,13,'N20DCCN143',2),(1837,NULL,33,9,13,'N20DCCN143',2),(1838,NULL,34,9,13,'N20DCCN143',2),(1839,NULL,1,9,13,'N20DCCN128',2),(1840,NULL,4,9,13,'N20DCCN128',2),(1841,NULL,6,9,13,'N20DCCN128',2),(1842,NULL,7,9,13,'N20DCCN128',2),(1843,NULL,9,9,13,'N20DCCN128',2),(1844,NULL,10,9,13,'N20DCCN128',2),(1845,NULL,12,9,13,'N20DCCN128',2),(1846,NULL,13,9,13,'N20DCCN128',2),(1847,NULL,14,9,13,'N20DCCN128',2),(1848,NULL,15,9,13,'N20DCCN128',2),(1849,NULL,16,9,13,'N20DCCN128',2),(1850,NULL,17,9,13,'N20DCCN128',2),(1851,NULL,18,9,13,'N20DCCN128',2),(1852,NULL,20,9,13,'N20DCCN128',2),(1853,NULL,21,9,13,'N20DCCN128',2),(1854,NULL,22,9,13,'N20DCCN128',2),(1855,NULL,24,9,13,'N20DCCN128',2),(1856,NULL,25,9,13,'N20DCCN128',2),(1857,NULL,26,9,13,'N20DCCN128',2),(1858,NULL,28,9,13,'N20DCCN128',2),(1859,NULL,29,9,13,'N20DCCN128',2),(1860,NULL,31,9,13,'N20DCCN128',2),(1861,NULL,32,9,13,'N20DCCN128',2),(1862,NULL,33,9,13,'N20DCCN128',2),(1863,NULL,34,9,13,'N20DCCN128',2),(1864,NULL,1,9,13,'N20DCCN162',2),(1865,NULL,4,9,13,'N20DCCN162',2),(1866,NULL,6,9,13,'N20DCCN162',2),(1867,NULL,7,9,13,'N20DCCN162',2),(1868,NULL,9,9,13,'N20DCCN162',2),(1869,NULL,10,9,13,'N20DCCN162',2),(1870,NULL,12,9,13,'N20DCCN162',2),(1871,NULL,13,9,13,'N20DCCN162',2),(1872,NULL,14,9,13,'N20DCCN162',2),(1873,NULL,15,9,13,'N20DCCN162',2),(1874,NULL,16,9,13,'N20DCCN162',2),(1875,NULL,17,9,13,'N20DCCN162',2),(1876,NULL,18,9,13,'N20DCCN162',2),(1877,NULL,20,9,13,'N20DCCN162',2),(1878,NULL,21,9,13,'N20DCCN162',2),(1879,NULL,22,9,13,'N20DCCN162',2),(1880,NULL,24,9,13,'N20DCCN162',2),(1881,NULL,25,9,13,'N20DCCN162',2),(1882,NULL,26,9,13,'N20DCCN162',2),(1883,NULL,28,9,13,'N20DCCN162',2),(1884,NULL,29,9,13,'N20DCCN162',2),(1885,NULL,31,9,13,'N20DCCN162',2),(1886,NULL,32,9,13,'N20DCCN162',2),(1887,NULL,33,9,13,'N20DCCN162',2),(1888,NULL,34,9,13,'N20DCCN162',2),(1889,NULL,1,9,13,'N20DCCN114',2),(1890,NULL,4,9,13,'N20DCCN114',2),(1891,NULL,6,9,13,'N20DCCN114',2),(1892,NULL,7,9,13,'N20DCCN114',2),(1893,NULL,9,9,13,'N20DCCN114',2),(1894,NULL,10,9,13,'N20DCCN114',2),(1895,NULL,12,9,13,'N20DCCN114',2),(1896,NULL,13,9,13,'N20DCCN114',2),(1897,NULL,14,9,13,'N20DCCN114',2),(1898,NULL,15,9,13,'N20DCCN114',2),(1899,NULL,16,9,13,'N20DCCN114',2),(1900,NULL,17,9,13,'N20DCCN114',2),(1901,NULL,18,9,13,'N20DCCN114',2),(1902,NULL,20,9,13,'N20DCCN114',2),(1903,NULL,21,9,13,'N20DCCN114',2),(1904,NULL,22,9,13,'N20DCCN114',2),(1905,NULL,24,9,13,'N20DCCN114',2),(1906,NULL,25,9,13,'N20DCCN114',2),(1907,NULL,26,9,13,'N20DCCN114',2),(1908,NULL,28,9,13,'N20DCCN114',2),(1909,NULL,29,9,13,'N20DCCN114',2),(1910,NULL,31,9,13,'N20DCCN114',2),(1911,NULL,32,9,13,'N20DCCN114',2),(1912,NULL,33,9,13,'N20DCCN114',2),(1913,NULL,34,9,13,'N20DCCN114',2),(1914,NULL,1,9,13,'N20DCCN097',2),(1915,NULL,4,9,13,'N20DCCN097',2),(1916,NULL,6,9,13,'N20DCCN097',2),(1917,NULL,7,9,13,'N20DCCN097',2),(1918,NULL,9,9,13,'N20DCCN097',2),(1919,NULL,10,9,13,'N20DCCN097',2),(1920,NULL,12,9,13,'N20DCCN097',2),(1921,NULL,13,9,13,'N20DCCN097',2),(1922,NULL,14,9,13,'N20DCCN097',2),(1923,NULL,15,9,13,'N20DCCN097',2),(1924,NULL,16,9,13,'N20DCCN097',2),(1925,NULL,17,9,13,'N20DCCN097',2),(1926,NULL,18,9,13,'N20DCCN097',2),(1927,NULL,20,9,13,'N20DCCN097',2),(1928,NULL,21,9,13,'N20DCCN097',2),(1929,NULL,22,9,13,'N20DCCN097',2),(1930,NULL,24,9,13,'N20DCCN097',2),(1931,NULL,25,9,13,'N20DCCN097',2),(1932,NULL,26,9,13,'N20DCCN097',2),(1933,NULL,28,9,13,'N20DCCN097',2),(1934,NULL,29,9,13,'N20DCCN097',2),(1935,NULL,31,9,13,'N20DCCN097',2),(1936,NULL,32,9,13,'N20DCCN097',2),(1937,NULL,33,9,13,'N20DCCN097',2),(1938,NULL,34,9,13,'N20DCCN097',2),(1939,NULL,1,9,13,'N20DCCN163',2),(1940,NULL,4,9,13,'N20DCCN163',2),(1941,NULL,6,9,13,'N20DCCN163',2),(1942,NULL,7,9,13,'N20DCCN163',2),(1943,NULL,9,9,13,'N20DCCN163',2),(1944,NULL,10,9,13,'N20DCCN163',2),(1945,NULL,12,9,13,'N20DCCN163',2),(1946,NULL,13,9,13,'N20DCCN163',2),(1947,NULL,14,9,13,'N20DCCN163',2),(1948,NULL,15,9,13,'N20DCCN163',2),(1949,NULL,16,9,13,'N20DCCN163',2),(1950,NULL,17,9,13,'N20DCCN163',2),(1951,NULL,18,9,13,'N20DCCN163',2),(1952,NULL,20,9,13,'N20DCCN163',2),(1953,NULL,21,9,13,'N20DCCN163',2),(1954,NULL,22,9,13,'N20DCCN163',2),(1955,NULL,24,9,13,'N20DCCN163',2),(1956,NULL,25,9,13,'N20DCCN163',2),(1957,NULL,26,9,13,'N20DCCN163',2),(1958,NULL,28,9,13,'N20DCCN163',2),(1959,NULL,29,9,13,'N20DCCN163',2),(1960,NULL,31,9,13,'N20DCCN163',2),(1961,NULL,32,9,13,'N20DCCN163',2),(1962,NULL,33,9,13,'N20DCCN163',2),(1963,NULL,34,9,13,'N20DCCN163',2),(1964,NULL,1,9,13,'N20DCCN098',2),(1965,NULL,4,9,13,'N20DCCN098',2),(1966,NULL,6,9,13,'N20DCCN098',2),(1967,NULL,7,9,13,'N20DCCN098',2),(1968,NULL,9,9,13,'N20DCCN098',2),(1969,NULL,10,9,13,'N20DCCN098',2),(1970,NULL,12,9,13,'N20DCCN098',2),(1971,NULL,13,9,13,'N20DCCN098',2),(1972,NULL,14,9,13,'N20DCCN098',2),(1973,NULL,15,9,13,'N20DCCN098',2),(1974,NULL,16,9,13,'N20DCCN098',2),(1975,NULL,17,9,13,'N20DCCN098',2),(1976,NULL,18,9,13,'N20DCCN098',2),(1977,NULL,20,9,13,'N20DCCN098',2),(1978,NULL,21,9,13,'N20DCCN098',2),(1979,NULL,22,9,13,'N20DCCN098',2),(1980,NULL,24,9,13,'N20DCCN098',2),(1981,NULL,25,9,13,'N20DCCN098',2),(1982,NULL,26,9,13,'N20DCCN098',2),(1983,NULL,28,9,13,'N20DCCN098',2),(1984,NULL,29,9,13,'N20DCCN098',2),(1985,NULL,31,9,13,'N20DCCN098',2),(1986,NULL,32,9,13,'N20DCCN098',2),(1987,NULL,33,9,13,'N20DCCN098',2),(1988,NULL,34,9,13,'N20DCCN098',2),(1989,NULL,1,10,13,'N20DCCN092',2),(1990,NULL,2,10,13,'N20DCCN092',2),(1991,NULL,3,10,13,'N20DCCN092',2),(1992,NULL,4,10,13,'N20DCCN092',2),(1993,NULL,5,10,13,'N20DCCN092',2),(1994,NULL,6,10,13,'N20DCCN092',2),(1995,NULL,7,10,13,'N20DCCN092',2),(1996,NULL,9,10,13,'N20DCCN092',2),(1997,NULL,10,10,13,'N20DCCN092',2),(1998,NULL,12,10,13,'N20DCCN092',2),(1999,NULL,13,10,13,'N20DCCN092',2),(2000,NULL,14,10,13,'N20DCCN092',2),(2001,NULL,15,10,13,'N20DCCN092',2),(2002,NULL,16,10,13,'N20DCCN092',2),(2003,NULL,20,10,13,'N20DCCN092',2),(2004,NULL,21,10,13,'N20DCCN092',2),(2005,NULL,22,10,13,'N20DCCN092',2),(2006,NULL,23,10,13,'N20DCCN092',2),(2007,NULL,26,10,13,'N20DCCN092',2),(2008,NULL,27,10,13,'N20DCCN092',2),(2009,NULL,29,10,13,'N20DCCN092',2),(2010,NULL,31,10,13,'N20DCCN092',2),(2011,NULL,32,10,13,'N20DCCN092',2),(2012,NULL,33,10,13,'N20DCCN092',2),(2013,NULL,34,10,13,'N20DCCN092',2),(2014,NULL,1,10,13,'N20DCCN113',2),(2015,NULL,2,10,13,'N20DCCN113',2),(2016,NULL,3,10,13,'N20DCCN113',2),(2017,NULL,4,10,13,'N20DCCN113',2),(2018,NULL,5,10,13,'N20DCCN113',2),(2019,NULL,6,10,13,'N20DCCN113',2),(2020,NULL,7,10,13,'N20DCCN113',2),(2021,NULL,9,10,13,'N20DCCN113',2),(2022,NULL,10,10,13,'N20DCCN113',2),(2023,NULL,12,10,13,'N20DCCN113',2),(2024,NULL,13,10,13,'N20DCCN113',2),(2025,NULL,14,10,13,'N20DCCN113',2),(2026,NULL,15,10,13,'N20DCCN113',2),(2027,NULL,16,10,13,'N20DCCN113',2),(2028,NULL,20,10,13,'N20DCCN113',2),(2029,NULL,21,10,13,'N20DCCN113',2),(2030,NULL,22,10,13,'N20DCCN113',2),(2031,NULL,23,10,13,'N20DCCN113',2),(2032,NULL,26,10,13,'N20DCCN113',2),(2033,NULL,27,10,13,'N20DCCN113',2),(2034,NULL,29,10,13,'N20DCCN113',2),(2035,NULL,31,10,13,'N20DCCN113',2),(2036,NULL,32,10,13,'N20DCCN113',2),(2037,NULL,33,10,13,'N20DCCN113',2),(2038,NULL,34,10,13,'N20DCCN113',2),(2039,NULL,1,10,13,'N19DCCN062',2),(2040,NULL,2,10,13,'N19DCCN062',2),(2041,NULL,3,10,13,'N19DCCN062',2),(2042,NULL,4,10,13,'N19DCCN062',2),(2043,NULL,5,10,13,'N19DCCN062',2),(2044,NULL,6,10,13,'N19DCCN062',2),(2045,NULL,7,10,13,'N19DCCN062',2),(2046,NULL,9,10,13,'N19DCCN062',2),(2047,NULL,10,10,13,'N19DCCN062',2),(2048,NULL,12,10,13,'N19DCCN062',2),(2049,NULL,13,10,13,'N19DCCN062',2),(2050,NULL,14,10,13,'N19DCCN062',2),(2051,NULL,15,10,13,'N19DCCN062',2),(2052,NULL,16,10,13,'N19DCCN062',2),(2053,NULL,20,10,13,'N19DCCN062',2),(2054,NULL,21,10,13,'N19DCCN062',2),(2055,NULL,22,10,13,'N19DCCN062',2),(2056,NULL,23,10,13,'N19DCCN062',2),(2057,NULL,26,10,13,'N19DCCN062',2),(2058,NULL,27,10,13,'N19DCCN062',2),(2059,NULL,29,10,13,'N19DCCN062',2),(2060,NULL,31,10,13,'N19DCCN062',2),(2061,NULL,32,10,13,'N19DCCN062',2),(2062,NULL,33,10,13,'N19DCCN062',2),(2063,NULL,34,10,13,'N19DCCN062',2),(2064,NULL,1,10,13,'N20DCCN142',2),(2065,NULL,2,10,13,'N20DCCN142',2),(2066,NULL,3,10,13,'N20DCCN142',2),(2067,NULL,4,10,13,'N20DCCN142',2),(2068,NULL,5,10,13,'N20DCCN142',2),(2069,NULL,6,10,13,'N20DCCN142',2),(2070,NULL,7,10,13,'N20DCCN142',2),(2071,NULL,9,10,13,'N20DCCN142',2),(2072,NULL,10,10,13,'N20DCCN142',2),(2073,NULL,12,10,13,'N20DCCN142',2),(2074,NULL,13,10,13,'N20DCCN142',2),(2075,NULL,14,10,13,'N20DCCN142',2),(2076,NULL,15,10,13,'N20DCCN142',2),(2077,NULL,16,10,13,'N20DCCN142',2),(2078,NULL,20,10,13,'N20DCCN142',2),(2079,NULL,21,10,13,'N20DCCN142',2),(2080,NULL,22,10,13,'N20DCCN142',2),(2081,NULL,23,10,13,'N20DCCN142',2),(2082,NULL,26,10,13,'N20DCCN142',2),(2083,NULL,27,10,13,'N20DCCN142',2),(2084,NULL,29,10,13,'N20DCCN142',2),(2085,NULL,31,10,13,'N20DCCN142',2),(2086,NULL,32,10,13,'N20DCCN142',2),(2087,NULL,33,10,13,'N20DCCN142',2),(2088,NULL,34,10,13,'N20DCCN142',2),(2089,NULL,1,10,13,'N20DCCN120',2),(2090,NULL,2,10,13,'N20DCCN120',2),(2091,NULL,3,10,13,'N20DCCN120',2),(2092,NULL,4,10,13,'N20DCCN120',2),(2093,NULL,5,10,13,'N20DCCN120',2),(2094,NULL,6,10,13,'N20DCCN120',2),(2095,NULL,7,10,13,'N20DCCN120',2),(2096,NULL,9,10,13,'N20DCCN120',2),(2097,NULL,10,10,13,'N20DCCN120',2),(2098,NULL,12,10,13,'N20DCCN120',2),(2099,NULL,13,10,13,'N20DCCN120',2),(2100,NULL,14,10,13,'N20DCCN120',2),(2101,NULL,15,10,13,'N20DCCN120',2),(2102,NULL,16,10,13,'N20DCCN120',2),(2103,NULL,20,10,13,'N20DCCN120',2),(2104,NULL,21,10,13,'N20DCCN120',2),(2105,NULL,22,10,13,'N20DCCN120',2),(2106,NULL,23,10,13,'N20DCCN120',2),(2107,NULL,26,10,13,'N20DCCN120',2),(2108,NULL,27,10,13,'N20DCCN120',2),(2109,NULL,29,10,13,'N20DCCN120',2),(2110,NULL,31,10,13,'N20DCCN120',2),(2111,NULL,32,10,13,'N20DCCN120',2),(2112,NULL,33,10,13,'N20DCCN120',2),(2113,NULL,34,10,13,'N20DCCN120',2),(2114,NULL,1,10,13,'N19DCCN086',2),(2115,NULL,2,10,13,'N19DCCN086',2),(2116,NULL,3,10,13,'N19DCCN086',2),(2117,NULL,4,10,13,'N19DCCN086',2),(2118,NULL,5,10,13,'N19DCCN086',2),(2119,NULL,6,10,13,'N19DCCN086',2),(2120,NULL,7,10,13,'N19DCCN086',2),(2121,NULL,9,10,13,'N19DCCN086',2),(2122,NULL,10,10,13,'N19DCCN086',2),(2123,NULL,12,10,13,'N19DCCN086',2),(2124,NULL,13,10,13,'N19DCCN086',2),(2125,NULL,14,10,13,'N19DCCN086',2),(2126,NULL,15,10,13,'N19DCCN086',2),(2127,NULL,16,10,13,'N19DCCN086',2),(2128,NULL,20,10,13,'N19DCCN086',2),(2129,NULL,21,10,13,'N19DCCN086',2),(2130,NULL,22,10,13,'N19DCCN086',2),(2131,NULL,23,10,13,'N19DCCN086',2),(2132,NULL,26,10,13,'N19DCCN086',2),(2133,NULL,27,10,13,'N19DCCN086',2),(2134,NULL,29,10,13,'N19DCCN086',2),(2135,NULL,31,10,13,'N19DCCN086',2),(2136,NULL,32,10,13,'N19DCCN086',2),(2137,NULL,33,10,13,'N19DCCN086',2),(2138,NULL,34,10,13,'N19DCCN086',2),(2139,NULL,1,10,13,'N20DCCN095',2),(2140,NULL,2,10,13,'N20DCCN095',2),(2141,NULL,3,10,13,'N20DCCN095',2),(2142,NULL,4,10,13,'N20DCCN095',2),(2143,NULL,5,10,13,'N20DCCN095',2),(2144,NULL,6,10,13,'N20DCCN095',2),(2145,NULL,7,10,13,'N20DCCN095',2),(2146,NULL,9,10,13,'N20DCCN095',2),(2147,NULL,10,10,13,'N20DCCN095',2),(2148,NULL,12,10,13,'N20DCCN095',2),(2149,NULL,13,10,13,'N20DCCN095',2),(2150,NULL,14,10,13,'N20DCCN095',2),(2151,NULL,15,10,13,'N20DCCN095',2),(2152,NULL,16,10,13,'N20DCCN095',2),(2153,NULL,20,10,13,'N20DCCN095',2),(2154,NULL,21,10,13,'N20DCCN095',2),(2155,NULL,22,10,13,'N20DCCN095',2),(2156,NULL,23,10,13,'N20DCCN095',2),(2157,NULL,26,10,13,'N20DCCN095',2),(2158,NULL,27,10,13,'N20DCCN095',2),(2159,NULL,29,10,13,'N20DCCN095',2),(2160,NULL,31,10,13,'N20DCCN095',2),(2161,NULL,32,10,13,'N20DCCN095',2),(2162,NULL,33,10,13,'N20DCCN095',2),(2163,NULL,34,10,13,'N20DCCN095',2),(2164,NULL,1,10,13,'N20DCCN152',2),(2165,NULL,2,10,13,'N20DCCN152',2),(2166,NULL,3,10,13,'N20DCCN152',2),(2167,NULL,4,10,13,'N20DCCN152',2),(2168,NULL,5,10,13,'N20DCCN152',2),(2169,NULL,6,10,13,'N20DCCN152',2),(2170,NULL,7,10,13,'N20DCCN152',2),(2171,NULL,9,10,13,'N20DCCN152',2),(2172,NULL,10,10,13,'N20DCCN152',2),(2173,NULL,12,10,13,'N20DCCN152',2),(2174,NULL,13,10,13,'N20DCCN152',2),(2175,NULL,14,10,13,'N20DCCN152',2),(2176,NULL,15,10,13,'N20DCCN152',2),(2177,NULL,16,10,13,'N20DCCN152',2),(2178,NULL,20,10,13,'N20DCCN152',2),(2179,NULL,21,10,13,'N20DCCN152',2),(2180,NULL,22,10,13,'N20DCCN152',2),(2181,NULL,23,10,13,'N20DCCN152',2),(2182,NULL,26,10,13,'N20DCCN152',2),(2183,NULL,27,10,13,'N20DCCN152',2),(2184,NULL,29,10,13,'N20DCCN152',2),(2185,NULL,31,10,13,'N20DCCN152',2),(2186,NULL,32,10,13,'N20DCCN152',2),(2187,NULL,33,10,13,'N20DCCN152',2),(2188,NULL,34,10,13,'N20DCCN152',2),(2189,NULL,1,10,13,'N19DCCN110',2),(2190,NULL,2,10,13,'N19DCCN110',2),(2191,NULL,3,10,13,'N19DCCN110',2),(2192,NULL,4,10,13,'N19DCCN110',2),(2193,NULL,5,10,13,'N19DCCN110',2),(2194,NULL,6,10,13,'N19DCCN110',2),(2195,NULL,7,10,13,'N19DCCN110',2),(2196,NULL,9,10,13,'N19DCCN110',2),(2197,NULL,10,10,13,'N19DCCN110',2),(2198,NULL,12,10,13,'N19DCCN110',2),(2199,NULL,13,10,13,'N19DCCN110',2),(2200,NULL,14,10,13,'N19DCCN110',2),(2201,NULL,15,10,13,'N19DCCN110',2),(2202,NULL,16,10,13,'N19DCCN110',2),(2203,NULL,20,10,13,'N19DCCN110',2),(2204,NULL,21,10,13,'N19DCCN110',2),(2205,NULL,22,10,13,'N19DCCN110',2),(2206,NULL,23,10,13,'N19DCCN110',2),(2207,NULL,26,10,13,'N19DCCN110',2),(2208,NULL,27,10,13,'N19DCCN110',2),(2209,NULL,29,10,13,'N19DCCN110',2),(2210,NULL,31,10,13,'N19DCCN110',2),(2211,NULL,32,10,13,'N19DCCN110',2),(2212,NULL,33,10,13,'N19DCCN110',2),(2213,NULL,34,10,13,'N19DCCN110',2),(2214,NULL,1,10,13,'N20DCCN129',2),(2215,NULL,2,10,13,'N20DCCN129',2),(2216,NULL,3,10,13,'N20DCCN129',2),(2217,NULL,4,10,13,'N20DCCN129',2),(2218,NULL,5,10,13,'N20DCCN129',2),(2219,NULL,6,10,13,'N20DCCN129',2),(2220,NULL,7,10,13,'N20DCCN129',2),(2221,NULL,9,10,13,'N20DCCN129',2),(2222,NULL,10,10,13,'N20DCCN129',2),(2223,NULL,12,10,13,'N20DCCN129',2),(2224,NULL,13,10,13,'N20DCCN129',2),(2225,NULL,14,10,13,'N20DCCN129',2),(2226,NULL,15,10,13,'N20DCCN129',2),(2227,NULL,16,10,13,'N20DCCN129',2),(2228,NULL,20,10,13,'N20DCCN129',2),(2229,NULL,21,10,13,'N20DCCN129',2),(2230,NULL,22,10,13,'N20DCCN129',2),(2231,NULL,23,10,13,'N20DCCN129',2),(2232,NULL,26,10,13,'N20DCCN129',2),(2233,NULL,27,10,13,'N20DCCN129',2),(2234,NULL,29,10,13,'N20DCCN129',2),(2235,NULL,31,10,13,'N20DCCN129',2),(2236,NULL,32,10,13,'N20DCCN129',2),(2237,NULL,33,10,13,'N20DCCN129',2),(2238,NULL,34,10,13,'N20DCCN129',2),(2239,NULL,1,10,13,'N20DCCN126',2),(2240,NULL,2,10,13,'N20DCCN126',2),(2241,NULL,3,10,13,'N20DCCN126',2),(2242,NULL,4,10,13,'N20DCCN126',2),(2243,NULL,5,10,13,'N20DCCN126',2),(2244,NULL,6,10,13,'N20DCCN126',2),(2245,NULL,7,10,13,'N20DCCN126',2),(2246,NULL,9,10,13,'N20DCCN126',2),(2247,NULL,10,10,13,'N20DCCN126',2),(2248,NULL,12,10,13,'N20DCCN126',2),(2249,NULL,13,10,13,'N20DCCN126',2),(2250,NULL,14,10,13,'N20DCCN126',2),(2251,NULL,15,10,13,'N20DCCN126',2),(2252,NULL,16,10,13,'N20DCCN126',2),(2253,NULL,20,10,13,'N20DCCN126',2),(2254,NULL,21,10,13,'N20DCCN126',2),(2255,NULL,22,10,13,'N20DCCN126',2),(2256,NULL,23,10,13,'N20DCCN126',2),(2257,NULL,26,10,13,'N20DCCN126',2),(2258,NULL,27,10,13,'N20DCCN126',2),(2259,NULL,29,10,13,'N20DCCN126',2),(2260,NULL,31,10,13,'N20DCCN126',2),(2261,NULL,32,10,13,'N20DCCN126',2),(2262,NULL,33,10,13,'N20DCCN126',2),(2263,NULL,34,10,13,'N20DCCN126',2),(2264,NULL,1,10,13,'N20DCCN127',2),(2265,NULL,2,10,13,'N20DCCN127',2),(2266,NULL,3,10,13,'N20DCCN127',2),(2267,NULL,4,10,13,'N20DCCN127',2),(2268,NULL,5,10,13,'N20DCCN127',2),(2269,NULL,6,10,13,'N20DCCN127',2),(2270,NULL,7,10,13,'N20DCCN127',2),(2271,NULL,9,10,13,'N20DCCN127',2),(2272,NULL,10,10,13,'N20DCCN127',2),(2273,NULL,12,10,13,'N20DCCN127',2),(2274,NULL,13,10,13,'N20DCCN127',2),(2275,NULL,14,10,13,'N20DCCN127',2),(2276,NULL,15,10,13,'N20DCCN127',2),(2277,NULL,16,10,13,'N20DCCN127',2),(2278,NULL,20,10,13,'N20DCCN127',2),(2279,NULL,21,10,13,'N20DCCN127',2),(2280,NULL,22,10,13,'N20DCCN127',2),(2281,NULL,23,10,13,'N20DCCN127',2),(2282,NULL,26,10,13,'N20DCCN127',2),(2283,NULL,27,10,13,'N20DCCN127',2),(2284,NULL,29,10,13,'N20DCCN127',2),(2285,NULL,31,10,13,'N20DCCN127',2),(2286,NULL,32,10,13,'N20DCCN127',2),(2287,NULL,33,10,13,'N20DCCN127',2),(2288,NULL,34,10,13,'N20DCCN127',2),(2289,NULL,1,10,13,'N20DCCN140',2),(2290,NULL,2,10,13,'N20DCCN140',2),(2291,NULL,3,10,13,'N20DCCN140',2),(2292,NULL,4,10,13,'N20DCCN140',2),(2293,NULL,5,10,13,'N20DCCN140',2),(2294,NULL,6,10,13,'N20DCCN140',2),(2295,NULL,7,10,13,'N20DCCN140',2),(2296,NULL,9,10,13,'N20DCCN140',2),(2297,NULL,10,10,13,'N20DCCN140',2),(2298,NULL,12,10,13,'N20DCCN140',2),(2299,NULL,13,10,13,'N20DCCN140',2),(2300,NULL,14,10,13,'N20DCCN140',2),(2301,NULL,15,10,13,'N20DCCN140',2),(2302,NULL,16,10,13,'N20DCCN140',2),(2303,NULL,20,10,13,'N20DCCN140',2),(2304,NULL,21,10,13,'N20DCCN140',2),(2305,NULL,22,10,13,'N20DCCN140',2),(2306,NULL,23,10,13,'N20DCCN140',2),(2307,NULL,26,10,13,'N20DCCN140',2),(2308,NULL,27,10,13,'N20DCCN140',2),(2309,NULL,29,10,13,'N20DCCN140',2),(2310,NULL,31,10,13,'N20DCCN140',2),(2311,NULL,32,10,13,'N20DCCN140',2),(2312,NULL,33,10,13,'N20DCCN140',2),(2313,NULL,34,10,13,'N20DCCN140',2),(2314,NULL,1,10,13,'N20DCCN106',2),(2315,NULL,2,10,13,'N20DCCN106',2),(2316,NULL,3,10,13,'N20DCCN106',2),(2317,NULL,4,10,13,'N20DCCN106',2),(2318,NULL,5,10,13,'N20DCCN106',2),(2319,NULL,6,10,13,'N20DCCN106',2),(2320,NULL,7,10,13,'N20DCCN106',2),(2321,NULL,9,10,13,'N20DCCN106',2),(2322,NULL,10,10,13,'N20DCCN106',2),(2323,NULL,12,10,13,'N20DCCN106',2),(2324,NULL,13,10,13,'N20DCCN106',2),(2325,NULL,14,10,13,'N20DCCN106',2),(2326,NULL,15,10,13,'N20DCCN106',2),(2327,NULL,16,10,13,'N20DCCN106',2),(2328,NULL,20,10,13,'N20DCCN106',2),(2329,NULL,21,10,13,'N20DCCN106',2),(2330,NULL,22,10,13,'N20DCCN106',2),(2331,NULL,23,10,13,'N20DCCN106',2),(2332,NULL,26,10,13,'N20DCCN106',2),(2333,NULL,27,10,13,'N20DCCN106',2),(2334,NULL,29,10,13,'N20DCCN106',2),(2335,NULL,31,10,13,'N20DCCN106',2),(2336,NULL,32,10,13,'N20DCCN106',2),(2337,NULL,33,10,13,'N20DCCN106',2),(2338,NULL,34,10,13,'N20DCCN106',2),(2339,NULL,1,10,13,'N20DCCN108',2),(2340,NULL,2,10,13,'N20DCCN108',2),(2341,NULL,3,10,13,'N20DCCN108',2),(2342,NULL,4,10,13,'N20DCCN108',2),(2343,NULL,5,10,13,'N20DCCN108',2),(2344,NULL,6,10,13,'N20DCCN108',2),(2345,NULL,7,10,13,'N20DCCN108',2),(2346,NULL,9,10,13,'N20DCCN108',2),(2347,NULL,10,10,13,'N20DCCN108',2),(2348,NULL,12,10,13,'N20DCCN108',2),(2349,NULL,13,10,13,'N20DCCN108',2),(2350,NULL,14,10,13,'N20DCCN108',2),(2351,NULL,15,10,13,'N20DCCN108',2),(2352,NULL,16,10,13,'N20DCCN108',2),(2353,NULL,20,10,13,'N20DCCN108',2),(2354,NULL,21,10,13,'N20DCCN108',2),(2355,NULL,22,10,13,'N20DCCN108',2),(2356,NULL,23,10,13,'N20DCCN108',2),(2357,NULL,26,10,13,'N20DCCN108',2),(2358,NULL,27,10,13,'N20DCCN108',2),(2359,NULL,29,10,13,'N20DCCN108',2),(2360,NULL,31,10,13,'N20DCCN108',2),(2361,NULL,32,10,13,'N20DCCN108',2),(2362,NULL,33,10,13,'N20DCCN108',2),(2363,NULL,34,10,13,'N20DCCN108',2),(2364,NULL,1,10,13,'N20DCCN158',2),(2365,NULL,2,10,13,'N20DCCN158',2),(2366,NULL,3,10,13,'N20DCCN158',2),(2367,NULL,4,10,13,'N20DCCN158',2),(2368,NULL,5,10,13,'N20DCCN158',2),(2369,NULL,6,10,13,'N20DCCN158',2),(2370,NULL,7,10,13,'N20DCCN158',2),(2371,NULL,9,10,13,'N20DCCN158',2),(2372,NULL,10,10,13,'N20DCCN158',2),(2373,NULL,12,10,13,'N20DCCN158',2),(2374,NULL,13,10,13,'N20DCCN158',2),(2375,NULL,14,10,13,'N20DCCN158',2),(2376,NULL,15,10,13,'N20DCCN158',2),(2377,NULL,16,10,13,'N20DCCN158',2),(2378,NULL,20,10,13,'N20DCCN158',2),(2379,NULL,21,10,13,'N20DCCN158',2),(2380,NULL,22,10,13,'N20DCCN158',2),(2381,NULL,23,10,13,'N20DCCN158',2),(2382,NULL,26,10,13,'N20DCCN158',2),(2383,NULL,27,10,13,'N20DCCN158',2),(2384,NULL,29,10,13,'N20DCCN158',2),(2385,NULL,31,10,13,'N20DCCN158',2),(2386,NULL,32,10,13,'N20DCCN158',2),(2387,NULL,33,10,13,'N20DCCN158',2),(2388,NULL,34,10,13,'N20DCCN158',2),(2389,NULL,1,10,13,'N20DCCN165',2),(2390,NULL,2,10,13,'N20DCCN165',2),(2391,NULL,3,10,13,'N20DCCN165',2),(2392,NULL,4,10,13,'N20DCCN165',2),(2393,NULL,5,10,13,'N20DCCN165',2),(2394,NULL,6,10,13,'N20DCCN165',2),(2395,NULL,7,10,13,'N20DCCN165',2),(2396,NULL,9,10,13,'N20DCCN165',2),(2397,NULL,10,10,13,'N20DCCN165',2),(2398,NULL,12,10,13,'N20DCCN165',2),(2399,NULL,13,10,13,'N20DCCN165',2),(2400,NULL,14,10,13,'N20DCCN165',2),(2401,NULL,15,10,13,'N20DCCN165',2),(2402,NULL,16,10,13,'N20DCCN165',2),(2403,NULL,20,10,13,'N20DCCN165',2),(2404,NULL,21,10,13,'N20DCCN165',2),(2405,NULL,22,10,13,'N20DCCN165',2),(2406,NULL,23,10,13,'N20DCCN165',2),(2407,NULL,26,10,13,'N20DCCN165',2),(2408,NULL,27,10,13,'N20DCCN165',2),(2409,NULL,29,10,13,'N20DCCN165',2),(2410,NULL,31,10,13,'N20DCCN165',2),(2411,NULL,32,10,13,'N20DCCN165',2),(2412,NULL,33,10,13,'N20DCCN165',2),(2413,NULL,34,10,13,'N20DCCN165',2),(2414,NULL,1,10,13,'N20DCCN109',2),(2415,NULL,2,10,13,'N20DCCN109',2),(2416,NULL,3,10,13,'N20DCCN109',2),(2417,NULL,4,10,13,'N20DCCN109',2),(2418,NULL,5,10,13,'N20DCCN109',2),(2419,NULL,6,10,13,'N20DCCN109',2),(2420,NULL,7,10,13,'N20DCCN109',2),(2421,NULL,9,10,13,'N20DCCN109',2),(2422,NULL,10,10,13,'N20DCCN109',2),(2423,NULL,12,10,13,'N20DCCN109',2),(2424,NULL,13,10,13,'N20DCCN109',2),(2425,NULL,14,10,13,'N20DCCN109',2),(2426,NULL,15,10,13,'N20DCCN109',2),(2427,NULL,16,10,13,'N20DCCN109',2),(2428,NULL,20,10,13,'N20DCCN109',2),(2429,NULL,21,10,13,'N20DCCN109',2),(2430,NULL,22,10,13,'N20DCCN109',2),(2431,NULL,23,10,13,'N20DCCN109',2),(2432,NULL,26,10,13,'N20DCCN109',2),(2433,NULL,27,10,13,'N20DCCN109',2),(2434,NULL,29,10,13,'N20DCCN109',2),(2435,NULL,31,10,13,'N20DCCN109',2),(2436,NULL,32,10,13,'N20DCCN109',2),(2437,NULL,33,10,13,'N20DCCN109',2),(2438,NULL,34,10,13,'N20DCCN109',2),(2439,NULL,1,10,13,'N20DCCN160',2),(2440,NULL,2,10,13,'N20DCCN160',2),(2441,NULL,3,10,13,'N20DCCN160',2),(2442,NULL,4,10,13,'N20DCCN160',2),(2443,NULL,5,10,13,'N20DCCN160',2),(2444,NULL,6,10,13,'N20DCCN160',2),(2445,NULL,7,10,13,'N20DCCN160',2),(2446,NULL,9,10,13,'N20DCCN160',2),(2447,NULL,10,10,13,'N20DCCN160',2),(2448,NULL,12,10,13,'N20DCCN160',2),(2449,NULL,13,10,13,'N20DCCN160',2),(2450,NULL,14,10,13,'N20DCCN160',2),(2451,NULL,15,10,13,'N20DCCN160',2),(2452,NULL,16,10,13,'N20DCCN160',2),(2453,NULL,20,10,13,'N20DCCN160',2),(2454,NULL,21,10,13,'N20DCCN160',2),(2455,NULL,22,10,13,'N20DCCN160',2),(2456,NULL,23,10,13,'N20DCCN160',2),(2457,NULL,26,10,13,'N20DCCN160',2),(2458,NULL,27,10,13,'N20DCCN160',2),(2459,NULL,29,10,13,'N20DCCN160',2),(2460,NULL,31,10,13,'N20DCCN160',2),(2461,NULL,32,10,13,'N20DCCN160',2),(2462,NULL,33,10,13,'N20DCCN160',2),(2463,NULL,34,10,13,'N20DCCN160',2),(2464,NULL,1,10,13,'N20DCCN099',2),(2465,NULL,2,10,13,'N20DCCN099',2),(2466,NULL,3,10,13,'N20DCCN099',2),(2467,NULL,4,10,13,'N20DCCN099',2),(2468,NULL,5,10,13,'N20DCCN099',2),(2469,NULL,6,10,13,'N20DCCN099',2),(2470,NULL,7,10,13,'N20DCCN099',2),(2471,NULL,9,10,13,'N20DCCN099',2),(2472,NULL,10,10,13,'N20DCCN099',2),(2473,NULL,12,10,13,'N20DCCN099',2),(2474,NULL,13,10,13,'N20DCCN099',2),(2475,NULL,14,10,13,'N20DCCN099',2),(2476,NULL,15,10,13,'N20DCCN099',2),(2477,NULL,16,10,13,'N20DCCN099',2),(2478,NULL,20,10,13,'N20DCCN099',2),(2479,NULL,21,10,13,'N20DCCN099',2),(2480,NULL,22,10,13,'N20DCCN099',2),(2481,NULL,23,10,13,'N20DCCN099',2),(2482,NULL,26,10,13,'N20DCCN099',2),(2483,NULL,27,10,13,'N20DCCN099',2),(2484,NULL,29,10,13,'N20DCCN099',2),(2485,NULL,31,10,13,'N20DCCN099',2),(2486,NULL,32,10,13,'N20DCCN099',2),(2487,NULL,33,10,13,'N20DCCN099',2),(2488,NULL,34,10,13,'N20DCCN099',2),(2489,NULL,1,10,13,'N20DCCN144',2),(2490,NULL,2,10,13,'N20DCCN144',2),(2491,NULL,3,10,13,'N20DCCN144',2),(2492,NULL,4,10,13,'N20DCCN144',2),(2493,NULL,5,10,13,'N20DCCN144',2),(2494,NULL,6,10,13,'N20DCCN144',2),(2495,NULL,7,10,13,'N20DCCN144',2),(2496,NULL,9,10,13,'N20DCCN144',2),(2497,NULL,10,10,13,'N20DCCN144',2),(2498,NULL,12,10,13,'N20DCCN144',2),(2499,NULL,13,10,13,'N20DCCN144',2),(2500,NULL,14,10,13,'N20DCCN144',2),(2501,NULL,15,10,13,'N20DCCN144',2),(2502,NULL,16,10,13,'N20DCCN144',2),(2503,NULL,20,10,13,'N20DCCN144',2),(2504,NULL,21,10,13,'N20DCCN144',2),(2505,NULL,22,10,13,'N20DCCN144',2),(2506,NULL,23,10,13,'N20DCCN144',2),(2507,NULL,26,10,13,'N20DCCN144',2),(2508,NULL,27,10,13,'N20DCCN144',2),(2509,NULL,29,10,13,'N20DCCN144',2),(2510,NULL,31,10,13,'N20DCCN144',2),(2511,NULL,32,10,13,'N20DCCN144',2),(2512,NULL,33,10,13,'N20DCCN144',2),(2513,NULL,34,10,13,'N20DCCN144',2),(2514,NULL,1,10,13,'N20DCCN100',2),(2515,NULL,2,10,13,'N20DCCN100',2),(2516,NULL,3,10,13,'N20DCCN100',2),(2517,NULL,4,10,13,'N20DCCN100',2),(2518,NULL,5,10,13,'N20DCCN100',2),(2519,NULL,6,10,13,'N20DCCN100',2),(2520,NULL,7,10,13,'N20DCCN100',2),(2521,NULL,9,10,13,'N20DCCN100',2),(2522,NULL,10,10,13,'N20DCCN100',2),(2523,NULL,12,10,13,'N20DCCN100',2),(2524,NULL,13,10,13,'N20DCCN100',2),(2525,NULL,14,10,13,'N20DCCN100',2),(2526,NULL,15,10,13,'N20DCCN100',2),(2527,NULL,16,10,13,'N20DCCN100',2),(2528,NULL,20,10,13,'N20DCCN100',2),(2529,NULL,21,10,13,'N20DCCN100',2),(2530,NULL,22,10,13,'N20DCCN100',2),(2531,NULL,23,10,13,'N20DCCN100',2),(2532,NULL,26,10,13,'N20DCCN100',2),(2533,NULL,27,10,13,'N20DCCN100',2),(2534,NULL,29,10,13,'N20DCCN100',2),(2535,NULL,31,10,13,'N20DCCN100',2),(2536,NULL,32,10,13,'N20DCCN100',2),(2537,NULL,33,10,13,'N20DCCN100',2),(2538,NULL,34,10,13,'N20DCCN100',2),(2539,NULL,1,10,13,'N19DCCN164',2),(2540,NULL,2,10,13,'N19DCCN164',2),(2541,NULL,3,10,13,'N19DCCN164',2),(2542,NULL,4,10,13,'N19DCCN164',2),(2543,NULL,5,10,13,'N19DCCN164',2),(2544,NULL,6,10,13,'N19DCCN164',2),(2545,NULL,7,10,13,'N19DCCN164',2),(2546,NULL,9,10,13,'N19DCCN164',2),(2547,NULL,10,10,13,'N19DCCN164',2),(2548,NULL,12,10,13,'N19DCCN164',2),(2549,NULL,13,10,13,'N19DCCN164',2),(2550,NULL,14,10,13,'N19DCCN164',2),(2551,NULL,15,10,13,'N19DCCN164',2),(2552,NULL,16,10,13,'N19DCCN164',2),(2553,NULL,20,10,13,'N19DCCN164',2),(2554,NULL,21,10,13,'N19DCCN164',2),(2555,NULL,22,10,13,'N19DCCN164',2),(2556,NULL,23,10,13,'N19DCCN164',2),(2557,NULL,26,10,13,'N19DCCN164',2),(2558,NULL,27,10,13,'N19DCCN164',2),(2559,NULL,29,10,13,'N19DCCN164',2),(2560,NULL,31,10,13,'N19DCCN164',2),(2561,NULL,32,10,13,'N19DCCN164',2),(2562,NULL,33,10,13,'N19DCCN164',2),(2563,NULL,34,10,13,'N19DCCN164',2),(2564,NULL,1,10,13,'N20DCCN096',2),(2565,NULL,2,10,13,'N20DCCN096',2),(2566,NULL,3,10,13,'N20DCCN096',2),(2567,NULL,4,10,13,'N20DCCN096',2),(2568,NULL,5,10,13,'N20DCCN096',2),(2569,NULL,6,10,13,'N20DCCN096',2),(2570,NULL,7,10,13,'N20DCCN096',2),(2571,NULL,9,10,13,'N20DCCN096',2),(2572,NULL,10,10,13,'N20DCCN096',2),(2573,NULL,12,10,13,'N20DCCN096',2),(2574,NULL,13,10,13,'N20DCCN096',2),(2575,NULL,14,10,13,'N20DCCN096',2),(2576,NULL,15,10,13,'N20DCCN096',2),(2577,NULL,16,10,13,'N20DCCN096',2),(2578,NULL,20,10,13,'N20DCCN096',2),(2579,NULL,21,10,13,'N20DCCN096',2),(2580,NULL,22,10,13,'N20DCCN096',2),(2581,NULL,23,10,13,'N20DCCN096',2),(2582,NULL,26,10,13,'N20DCCN096',2),(2583,NULL,27,10,13,'N20DCCN096',2),(2584,NULL,29,10,13,'N20DCCN096',2),(2585,NULL,31,10,13,'N20DCCN096',2),(2586,NULL,32,10,13,'N20DCCN096',2),(2587,NULL,33,10,13,'N20DCCN096',2),(2588,NULL,34,10,13,'N20DCCN096',2),(2589,NULL,1,10,13,'N20DCCN131',2),(2590,NULL,2,10,13,'N20DCCN131',2),(2591,NULL,3,10,13,'N20DCCN131',2),(2592,NULL,4,10,13,'N20DCCN131',2),(2593,NULL,5,10,13,'N20DCCN131',2),(2594,NULL,6,10,13,'N20DCCN131',2),(2595,NULL,7,10,13,'N20DCCN131',2),(2596,NULL,9,10,13,'N20DCCN131',2),(2597,NULL,10,10,13,'N20DCCN131',2),(2598,NULL,12,10,13,'N20DCCN131',2),(2599,NULL,13,10,13,'N20DCCN131',2),(2600,NULL,14,10,13,'N20DCCN131',2),(2601,NULL,15,10,13,'N20DCCN131',2),(2602,NULL,16,10,13,'N20DCCN131',2),(2603,NULL,20,10,13,'N20DCCN131',2),(2604,NULL,21,10,13,'N20DCCN131',2),(2605,NULL,22,10,13,'N20DCCN131',2),(2606,NULL,23,10,13,'N20DCCN131',2),(2607,NULL,26,10,13,'N20DCCN131',2),(2608,NULL,27,10,13,'N20DCCN131',2),(2609,NULL,29,10,13,'N20DCCN131',2),(2610,NULL,31,10,13,'N20DCCN131',2),(2611,NULL,32,10,13,'N20DCCN131',2),(2612,NULL,33,10,13,'N20DCCN131',2),(2613,NULL,34,10,13,'N20DCCN131',2),(2614,NULL,1,10,13,'N20DCCN122',2),(2615,NULL,2,10,13,'N20DCCN122',2),(2616,NULL,3,10,13,'N20DCCN122',2),(2617,NULL,4,10,13,'N20DCCN122',2),(2618,NULL,5,10,13,'N20DCCN122',2),(2619,NULL,6,10,13,'N20DCCN122',2),(2620,NULL,7,10,13,'N20DCCN122',2),(2621,NULL,9,10,13,'N20DCCN122',2),(2622,NULL,10,10,13,'N20DCCN122',2),(2623,NULL,12,10,13,'N20DCCN122',2),(2624,NULL,13,10,13,'N20DCCN122',2),(2625,NULL,14,10,13,'N20DCCN122',2),(2626,NULL,15,10,13,'N20DCCN122',2),(2627,NULL,16,10,13,'N20DCCN122',2),(2628,NULL,20,10,13,'N20DCCN122',2),(2629,NULL,21,10,13,'N20DCCN122',2),(2630,NULL,22,10,13,'N20DCCN122',2),(2631,NULL,23,10,13,'N20DCCN122',2),(2632,NULL,26,10,13,'N20DCCN122',2),(2633,NULL,27,10,13,'N20DCCN122',2),(2634,NULL,29,10,13,'N20DCCN122',2),(2635,NULL,31,10,13,'N20DCCN122',2),(2636,NULL,32,10,13,'N20DCCN122',2),(2637,NULL,33,10,13,'N20DCCN122',2),(2638,NULL,34,10,13,'N20DCCN122',2),(2639,NULL,1,10,13,'N20DCCN059',2),(2640,NULL,2,10,13,'N20DCCN059',2),(2641,NULL,3,10,13,'N20DCCN059',2),(2642,NULL,4,10,13,'N20DCCN059',2),(2643,NULL,5,10,13,'N20DCCN059',2),(2644,NULL,6,10,13,'N20DCCN059',2),(2645,NULL,7,10,13,'N20DCCN059',2),(2646,NULL,9,10,13,'N20DCCN059',2),(2647,NULL,10,10,13,'N20DCCN059',2),(2648,NULL,12,10,13,'N20DCCN059',2),(2649,NULL,13,10,13,'N20DCCN059',2),(2650,NULL,14,10,13,'N20DCCN059',2),(2651,NULL,15,10,13,'N20DCCN059',2),(2652,NULL,16,10,13,'N20DCCN059',2),(2653,NULL,20,10,13,'N20DCCN059',2),(2654,NULL,21,10,13,'N20DCCN059',2),(2655,NULL,22,10,13,'N20DCCN059',2),(2656,NULL,23,10,13,'N20DCCN059',2),(2657,NULL,26,10,13,'N20DCCN059',2),(2658,NULL,27,10,13,'N20DCCN059',2),(2659,NULL,29,10,13,'N20DCCN059',2),(2660,NULL,31,10,13,'N20DCCN059',2),(2661,NULL,32,10,13,'N20DCCN059',2),(2662,NULL,33,10,13,'N20DCCN059',2),(2663,NULL,34,10,13,'N20DCCN059',2),(2664,NULL,1,10,13,'N19DCAT022',2),(2665,NULL,2,10,13,'N19DCAT022',2),(2666,NULL,3,10,13,'N19DCAT022',2),(2667,NULL,4,10,13,'N19DCAT022',2),(2668,NULL,5,10,13,'N19DCAT022',2),(2669,NULL,6,10,13,'N19DCAT022',2),(2670,NULL,7,10,13,'N19DCAT022',2),(2671,NULL,9,10,13,'N19DCAT022',2),(2672,NULL,10,10,13,'N19DCAT022',2),(2673,NULL,12,10,13,'N19DCAT022',2),(2674,NULL,13,10,13,'N19DCAT022',2),(2675,NULL,14,10,13,'N19DCAT022',2),(2676,NULL,15,10,13,'N19DCAT022',2),(2677,NULL,16,10,13,'N19DCAT022',2),(2678,NULL,20,10,13,'N19DCAT022',2),(2679,NULL,21,10,13,'N19DCAT022',2),(2680,NULL,22,10,13,'N19DCAT022',2),(2681,NULL,23,10,13,'N19DCAT022',2),(2682,NULL,26,10,13,'N19DCAT022',2),(2683,NULL,27,10,13,'N19DCAT022',2),(2684,NULL,29,10,13,'N19DCAT022',2),(2685,NULL,31,10,13,'N19DCAT022',2),(2686,NULL,32,10,13,'N19DCAT022',2),(2687,NULL,33,10,13,'N19DCAT022',2),(2688,NULL,34,10,13,'N19DCAT022',2),(2689,NULL,1,10,13,'N20DCCN150',2),(2690,NULL,2,10,13,'N20DCCN150',2),(2691,NULL,3,10,13,'N20DCCN150',2),(2692,NULL,4,10,13,'N20DCCN150',2),(2693,NULL,5,10,13,'N20DCCN150',2),(2694,NULL,6,10,13,'N20DCCN150',2),(2695,NULL,7,10,13,'N20DCCN150',2),(2696,NULL,9,10,13,'N20DCCN150',2),(2697,NULL,10,10,13,'N20DCCN150',2),(2698,NULL,12,10,13,'N20DCCN150',2),(2699,NULL,13,10,13,'N20DCCN150',2),(2700,NULL,14,10,13,'N20DCCN150',2),(2701,NULL,15,10,13,'N20DCCN150',2),(2702,NULL,16,10,13,'N20DCCN150',2),(2703,NULL,20,10,13,'N20DCCN150',2),(2704,NULL,21,10,13,'N20DCCN150',2),(2705,NULL,22,10,13,'N20DCCN150',2),(2706,NULL,23,10,13,'N20DCCN150',2),(2707,NULL,26,10,13,'N20DCCN150',2),(2708,NULL,27,10,13,'N20DCCN150',2),(2709,NULL,29,10,13,'N20DCCN150',2),(2710,NULL,31,10,13,'N20DCCN150',2),(2711,NULL,32,10,13,'N20DCCN150',2),(2712,NULL,33,10,13,'N20DCCN150',2),(2713,NULL,34,10,13,'N20DCCN150',2),(2714,NULL,1,10,13,'N20DCCN161',2),(2715,NULL,2,10,13,'N20DCCN161',2),(2716,NULL,3,10,13,'N20DCCN161',2),(2717,NULL,4,10,13,'N20DCCN161',2),(2718,NULL,5,10,13,'N20DCCN161',2),(2719,NULL,6,10,13,'N20DCCN161',2),(2720,NULL,7,10,13,'N20DCCN161',2),(2721,NULL,9,10,13,'N20DCCN161',2),(2722,NULL,10,10,13,'N20DCCN161',2),(2723,NULL,12,10,13,'N20DCCN161',2),(2724,NULL,13,10,13,'N20DCCN161',2),(2725,NULL,14,10,13,'N20DCCN161',2),(2726,NULL,15,10,13,'N20DCCN161',2),(2727,NULL,16,10,13,'N20DCCN161',2),(2728,NULL,20,10,13,'N20DCCN161',2),(2729,NULL,21,10,13,'N20DCCN161',2),(2730,NULL,22,10,13,'N20DCCN161',2),(2731,NULL,23,10,13,'N20DCCN161',2),(2732,NULL,26,10,13,'N20DCCN161',2),(2733,NULL,27,10,13,'N20DCCN161',2),(2734,NULL,29,10,13,'N20DCCN161',2),(2735,NULL,31,10,13,'N20DCCN161',2),(2736,NULL,32,10,13,'N20DCCN161',2),(2737,NULL,33,10,13,'N20DCCN161',2),(2738,NULL,34,10,13,'N20DCCN161',2),(2739,NULL,1,10,13,'N20DCCN135',2),(2740,NULL,2,10,13,'N20DCCN135',2),(2741,NULL,3,10,13,'N20DCCN135',2),(2742,NULL,4,10,13,'N20DCCN135',2),(2743,NULL,5,10,13,'N20DCCN135',2),(2744,NULL,6,10,13,'N20DCCN135',2),(2745,NULL,7,10,13,'N20DCCN135',2),(2746,NULL,9,10,13,'N20DCCN135',2),(2747,NULL,10,10,13,'N20DCCN135',2),(2748,NULL,12,10,13,'N20DCCN135',2),(2749,NULL,13,10,13,'N20DCCN135',2),(2750,NULL,14,10,13,'N20DCCN135',2),(2751,NULL,15,10,13,'N20DCCN135',2),(2752,NULL,16,10,13,'N20DCCN135',2),(2753,NULL,20,10,13,'N20DCCN135',2),(2754,NULL,21,10,13,'N20DCCN135',2),(2755,NULL,22,10,13,'N20DCCN135',2),(2756,NULL,23,10,13,'N20DCCN135',2),(2757,NULL,26,10,13,'N20DCCN135',2),(2758,NULL,27,10,13,'N20DCCN135',2),(2759,NULL,29,10,13,'N20DCCN135',2),(2760,NULL,31,10,13,'N20DCCN135',2),(2761,NULL,32,10,13,'N20DCCN135',2),(2762,NULL,33,10,13,'N20DCCN135',2),(2763,NULL,34,10,13,'N20DCCN135',2),(2764,NULL,1,10,13,'N20DCCN093',2),(2765,NULL,2,10,13,'N20DCCN093',2),(2766,NULL,3,10,13,'N20DCCN093',2),(2767,NULL,4,10,13,'N20DCCN093',2),(2768,NULL,5,10,13,'N20DCCN093',2),(2769,NULL,6,10,13,'N20DCCN093',2),(2770,NULL,7,10,13,'N20DCCN093',2),(2771,NULL,9,10,13,'N20DCCN093',2),(2772,NULL,10,10,13,'N20DCCN093',2),(2773,NULL,12,10,13,'N20DCCN093',2),(2774,NULL,13,10,13,'N20DCCN093',2),(2775,NULL,14,10,13,'N20DCCN093',2),(2776,NULL,15,10,13,'N20DCCN093',2),(2777,NULL,16,10,13,'N20DCCN093',2),(2778,NULL,20,10,13,'N20DCCN093',2),(2779,NULL,21,10,13,'N20DCCN093',2),(2780,NULL,22,10,13,'N20DCCN093',2),(2781,NULL,23,10,13,'N20DCCN093',2),(2782,NULL,26,10,13,'N20DCCN093',2),(2783,NULL,27,10,13,'N20DCCN093',2),(2784,NULL,29,10,13,'N20DCCN093',2),(2785,NULL,31,10,13,'N20DCCN093',2),(2786,NULL,32,10,13,'N20DCCN093',2),(2787,NULL,33,10,13,'N20DCCN093',2),(2788,NULL,34,10,13,'N20DCCN093',2),(2789,NULL,1,10,13,'N20DCCN130',2),(2790,NULL,2,10,13,'N20DCCN130',2),(2791,NULL,3,10,13,'N20DCCN130',2),(2792,NULL,4,10,13,'N20DCCN130',2),(2793,NULL,5,10,13,'N20DCCN130',2),(2794,NULL,6,10,13,'N20DCCN130',2),(2795,NULL,7,10,13,'N20DCCN130',2),(2796,NULL,9,10,13,'N20DCCN130',2),(2797,NULL,10,10,13,'N20DCCN130',2),(2798,NULL,12,10,13,'N20DCCN130',2),(2799,NULL,13,10,13,'N20DCCN130',2),(2800,NULL,14,10,13,'N20DCCN130',2),(2801,NULL,15,10,13,'N20DCCN130',2),(2802,NULL,16,10,13,'N20DCCN130',2),(2803,NULL,20,10,13,'N20DCCN130',2),(2804,NULL,21,10,13,'N20DCCN130',2),(2805,NULL,22,10,13,'N20DCCN130',2),(2806,NULL,23,10,13,'N20DCCN130',2),(2807,NULL,26,10,13,'N20DCCN130',2),(2808,NULL,27,10,13,'N20DCCN130',2),(2809,NULL,29,10,13,'N20DCCN130',2),(2810,NULL,31,10,13,'N20DCCN130',2),(2811,NULL,32,10,13,'N20DCCN130',2),(2812,NULL,33,10,13,'N20DCCN130',2),(2813,NULL,34,10,13,'N20DCCN130',2),(2814,NULL,1,10,13,'N20DCCN123',2),(2815,NULL,2,10,13,'N20DCCN123',2),(2816,NULL,3,10,13,'N20DCCN123',2),(2817,NULL,4,10,13,'N20DCCN123',2),(2818,NULL,5,10,13,'N20DCCN123',2),(2819,NULL,6,10,13,'N20DCCN123',2),(2820,NULL,7,10,13,'N20DCCN123',2),(2821,NULL,9,10,13,'N20DCCN123',2),(2822,NULL,10,10,13,'N20DCCN123',2),(2823,NULL,12,10,13,'N20DCCN123',2),(2824,NULL,13,10,13,'N20DCCN123',2),(2825,NULL,14,10,13,'N20DCCN123',2),(2826,NULL,15,10,13,'N20DCCN123',2),(2827,NULL,16,10,13,'N20DCCN123',2),(2828,NULL,20,10,13,'N20DCCN123',2),(2829,NULL,21,10,13,'N20DCCN123',2),(2830,NULL,22,10,13,'N20DCCN123',2),(2831,NULL,23,10,13,'N20DCCN123',2),(2832,NULL,26,10,13,'N20DCCN123',2),(2833,NULL,27,10,13,'N20DCCN123',2),(2834,NULL,29,10,13,'N20DCCN123',2),(2835,NULL,31,10,13,'N20DCCN123',2),(2836,NULL,32,10,13,'N20DCCN123',2),(2837,NULL,33,10,13,'N20DCCN123',2),(2838,NULL,34,10,13,'N20DCCN123',2),(2839,NULL,1,10,13,'N19DCCN206',2),(2840,NULL,2,10,13,'N19DCCN206',2),(2841,NULL,3,10,13,'N19DCCN206',2),(2842,NULL,4,10,13,'N19DCCN206',2),(2843,NULL,5,10,13,'N19DCCN206',2),(2844,NULL,6,10,13,'N19DCCN206',2),(2845,NULL,7,10,13,'N19DCCN206',2),(2846,NULL,9,10,13,'N19DCCN206',2),(2847,NULL,10,10,13,'N19DCCN206',2),(2848,NULL,12,10,13,'N19DCCN206',2),(2849,NULL,13,10,13,'N19DCCN206',2),(2850,NULL,14,10,13,'N19DCCN206',2),(2851,NULL,15,10,13,'N19DCCN206',2),(2852,NULL,16,10,13,'N19DCCN206',2),(2853,NULL,20,10,13,'N19DCCN206',2),(2854,NULL,21,10,13,'N19DCCN206',2),(2855,NULL,22,10,13,'N19DCCN206',2),(2856,NULL,23,10,13,'N19DCCN206',2),(2857,NULL,26,10,13,'N19DCCN206',2),(2858,NULL,27,10,13,'N19DCCN206',2),(2859,NULL,29,10,13,'N19DCCN206',2),(2860,NULL,31,10,13,'N19DCCN206',2),(2861,NULL,32,10,13,'N19DCCN206',2),(2862,NULL,33,10,13,'N19DCCN206',2),(2863,NULL,34,10,13,'N19DCCN206',2),(2864,NULL,1,10,13,'N20DCCN151',2),(2865,NULL,2,10,13,'N20DCCN151',2),(2866,NULL,3,10,13,'N20DCCN151',2),(2867,NULL,4,10,13,'N20DCCN151',2),(2868,NULL,5,10,13,'N20DCCN151',2),(2869,NULL,6,10,13,'N20DCCN151',2),(2870,NULL,7,10,13,'N20DCCN151',2),(2871,NULL,9,10,13,'N20DCCN151',2),(2872,NULL,10,10,13,'N20DCCN151',2),(2873,NULL,12,10,13,'N20DCCN151',2),(2874,NULL,13,10,13,'N20DCCN151',2),(2875,NULL,14,10,13,'N20DCCN151',2),(2876,NULL,15,10,13,'N20DCCN151',2),(2877,NULL,16,10,13,'N20DCCN151',2),(2878,NULL,20,10,13,'N20DCCN151',2),(2879,NULL,21,10,13,'N20DCCN151',2),(2880,NULL,22,10,13,'N20DCCN151',2),(2881,NULL,23,10,13,'N20DCCN151',2),(2882,NULL,26,10,13,'N20DCCN151',2),(2883,NULL,27,10,13,'N20DCCN151',2),(2884,NULL,29,10,13,'N20DCCN151',2),(2885,NULL,31,10,13,'N20DCCN151',2),(2886,NULL,32,10,13,'N20DCCN151',2),(2887,NULL,33,10,13,'N20DCCN151',2),(2888,NULL,34,10,13,'N20DCCN151',2),(2889,NULL,1,10,13,'N20DCCN136',2),(2890,NULL,2,10,13,'N20DCCN136',2),(2891,NULL,3,10,13,'N20DCCN136',2),(2892,NULL,4,10,13,'N20DCCN136',2),(2893,NULL,5,10,13,'N20DCCN136',2),(2894,NULL,6,10,13,'N20DCCN136',2),(2895,NULL,7,10,13,'N20DCCN136',2),(2896,NULL,9,10,13,'N20DCCN136',2),(2897,NULL,10,10,13,'N20DCCN136',2),(2898,NULL,12,10,13,'N20DCCN136',2),(2899,NULL,13,10,13,'N20DCCN136',2),(2900,NULL,14,10,13,'N20DCCN136',2),(2901,NULL,15,10,13,'N20DCCN136',2),(2902,NULL,16,10,13,'N20DCCN136',2),(2903,NULL,20,10,13,'N20DCCN136',2),(2904,NULL,21,10,13,'N20DCCN136',2),(2905,NULL,22,10,13,'N20DCCN136',2),(2906,NULL,23,10,13,'N20DCCN136',2),(2907,NULL,26,10,13,'N20DCCN136',2),(2908,NULL,27,10,13,'N20DCCN136',2),(2909,NULL,29,10,13,'N20DCCN136',2),(2910,NULL,31,10,13,'N20DCCN136',2),(2911,NULL,32,10,13,'N20DCCN136',2),(2912,NULL,33,10,13,'N20DCCN136',2),(2913,NULL,34,10,13,'N20DCCN136',2),(2914,NULL,1,10,13,'N20DCCN159',2),(2915,NULL,2,10,13,'N20DCCN159',2),(2916,NULL,3,10,13,'N20DCCN159',2),(2917,NULL,4,10,13,'N20DCCN159',2),(2918,NULL,5,10,13,'N20DCCN159',2),(2919,NULL,6,10,13,'N20DCCN159',2),(2920,NULL,7,10,13,'N20DCCN159',2),(2921,NULL,9,10,13,'N20DCCN159',2),(2922,NULL,10,10,13,'N20DCCN159',2),(2923,NULL,12,10,13,'N20DCCN159',2),(2924,NULL,13,10,13,'N20DCCN159',2),(2925,NULL,14,10,13,'N20DCCN159',2),(2926,NULL,15,10,13,'N20DCCN159',2),(2927,NULL,16,10,13,'N20DCCN159',2),(2928,NULL,20,10,13,'N20DCCN159',2),(2929,NULL,21,10,13,'N20DCCN159',2),(2930,NULL,22,10,13,'N20DCCN159',2),(2931,NULL,23,10,13,'N20DCCN159',2),(2932,NULL,26,10,13,'N20DCCN159',2),(2933,NULL,27,10,13,'N20DCCN159',2),(2934,NULL,29,10,13,'N20DCCN159',2),(2935,NULL,31,10,13,'N20DCCN159',2),(2936,NULL,32,10,13,'N20DCCN159',2),(2937,NULL,33,10,13,'N20DCCN159',2),(2938,NULL,34,10,13,'N20DCCN159',2),(2939,NULL,1,10,13,'N20DCCN155',2),(2940,NULL,2,10,13,'N20DCCN155',2),(2941,NULL,3,10,13,'N20DCCN155',2),(2942,NULL,4,10,13,'N20DCCN155',2),(2943,NULL,5,10,13,'N20DCCN155',2),(2944,NULL,6,10,13,'N20DCCN155',2),(2945,NULL,7,10,13,'N20DCCN155',2),(2946,NULL,9,10,13,'N20DCCN155',2),(2947,NULL,10,10,13,'N20DCCN155',2),(2948,NULL,12,10,13,'N20DCCN155',2),(2949,NULL,13,10,13,'N20DCCN155',2),(2950,NULL,14,10,13,'N20DCCN155',2),(2951,NULL,15,10,13,'N20DCCN155',2),(2952,NULL,16,10,13,'N20DCCN155',2),(2953,NULL,20,10,13,'N20DCCN155',2),(2954,NULL,21,10,13,'N20DCCN155',2),(2955,NULL,22,10,13,'N20DCCN155',2),(2956,NULL,23,10,13,'N20DCCN155',2),(2957,NULL,26,10,13,'N20DCCN155',2),(2958,NULL,27,10,13,'N20DCCN155',2),(2959,NULL,29,10,13,'N20DCCN155',2),(2960,NULL,31,10,13,'N20DCCN155',2),(2961,NULL,32,10,13,'N20DCCN155',2),(2962,NULL,33,10,13,'N20DCCN155',2),(2963,NULL,34,10,13,'N20DCCN155',2),(2964,NULL,1,10,13,'N20DCCN153',2),(2965,NULL,2,10,13,'N20DCCN153',2),(2966,NULL,3,10,13,'N20DCCN153',2),(2967,NULL,4,10,13,'N20DCCN153',2),(2968,NULL,5,10,13,'N20DCCN153',2),(2969,NULL,6,10,13,'N20DCCN153',2),(2970,NULL,7,10,13,'N20DCCN153',2),(2971,NULL,9,10,13,'N20DCCN153',2),(2972,NULL,10,10,13,'N20DCCN153',2),(2973,NULL,12,10,13,'N20DCCN153',2),(2974,NULL,13,10,13,'N20DCCN153',2),(2975,NULL,14,10,13,'N20DCCN153',2),(2976,NULL,15,10,13,'N20DCCN153',2),(2977,NULL,16,10,13,'N20DCCN153',2),(2978,NULL,20,10,13,'N20DCCN153',2),(2979,NULL,21,10,13,'N20DCCN153',2),(2980,NULL,22,10,13,'N20DCCN153',2),(2981,NULL,23,10,13,'N20DCCN153',2),(2982,NULL,26,10,13,'N20DCCN153',2),(2983,NULL,27,10,13,'N20DCCN153',2),(2984,NULL,29,10,13,'N20DCCN153',2),(2985,NULL,31,10,13,'N20DCCN153',2),(2986,NULL,32,10,13,'N20DCCN153',2),(2987,NULL,33,10,13,'N20DCCN153',2),(2988,NULL,34,10,13,'N20DCCN153',2),(2989,NULL,1,10,13,'N20DCCN148',2),(2990,NULL,2,10,13,'N20DCCN148',2),(2991,NULL,3,10,13,'N20DCCN148',2),(2992,NULL,4,10,13,'N20DCCN148',2),(2993,NULL,5,10,13,'N20DCCN148',2),(2994,NULL,6,10,13,'N20DCCN148',2),(2995,NULL,7,10,13,'N20DCCN148',2),(2996,NULL,9,10,13,'N20DCCN148',2),(2997,NULL,10,10,13,'N20DCCN148',2),(2998,NULL,12,10,13,'N20DCCN148',2),(2999,NULL,13,10,13,'N20DCCN148',2),(3000,NULL,14,10,13,'N20DCCN148',2),(3001,NULL,15,10,13,'N20DCCN148',2),(3002,NULL,16,10,13,'N20DCCN148',2),(3003,NULL,20,10,13,'N20DCCN148',2),(3004,NULL,21,10,13,'N20DCCN148',2),(3005,NULL,22,10,13,'N20DCCN148',2),(3006,NULL,23,10,13,'N20DCCN148',2),(3007,NULL,26,10,13,'N20DCCN148',2),(3008,NULL,27,10,13,'N20DCCN148',2),(3009,NULL,29,10,13,'N20DCCN148',2),(3010,NULL,31,10,13,'N20DCCN148',2),(3011,NULL,32,10,13,'N20DCCN148',2),(3012,NULL,33,10,13,'N20DCCN148',2),(3013,NULL,34,10,13,'N20DCCN148',2),(3014,NULL,1,10,13,'N20DCCN146',2),(3015,NULL,2,10,13,'N20DCCN146',2),(3016,NULL,3,10,13,'N20DCCN146',2),(3017,NULL,4,10,13,'N20DCCN146',2),(3018,NULL,5,10,13,'N20DCCN146',2),(3019,NULL,6,10,13,'N20DCCN146',2),(3020,NULL,7,10,13,'N20DCCN146',2),(3021,NULL,9,10,13,'N20DCCN146',2),(3022,NULL,10,10,13,'N20DCCN146',2),(3023,NULL,12,10,13,'N20DCCN146',2),(3024,NULL,13,10,13,'N20DCCN146',2),(3025,NULL,14,10,13,'N20DCCN146',2),(3026,NULL,15,10,13,'N20DCCN146',2),(3027,NULL,16,10,13,'N20DCCN146',2),(3028,NULL,20,10,13,'N20DCCN146',2),(3029,NULL,21,10,13,'N20DCCN146',2),(3030,NULL,22,10,13,'N20DCCN146',2),(3031,NULL,23,10,13,'N20DCCN146',2),(3032,NULL,26,10,13,'N20DCCN146',2),(3033,NULL,27,10,13,'N20DCCN146',2),(3034,NULL,29,10,13,'N20DCCN146',2),(3035,NULL,31,10,13,'N20DCCN146',2),(3036,NULL,32,10,13,'N20DCCN146',2),(3037,NULL,33,10,13,'N20DCCN146',2),(3038,NULL,34,10,13,'N20DCCN146',2),(3039,NULL,1,10,13,'N20DCCN138',2),(3040,NULL,2,10,13,'N20DCCN138',2),(3041,NULL,3,10,13,'N20DCCN138',2),(3042,NULL,4,10,13,'N20DCCN138',2),(3043,NULL,5,10,13,'N20DCCN138',2),(3044,NULL,6,10,13,'N20DCCN138',2),(3045,NULL,7,10,13,'N20DCCN138',2),(3046,NULL,9,10,13,'N20DCCN138',2),(3047,NULL,10,10,13,'N20DCCN138',2),(3048,NULL,12,10,13,'N20DCCN138',2),(3049,NULL,13,10,13,'N20DCCN138',2),(3050,NULL,14,10,13,'N20DCCN138',2),(3051,NULL,15,10,13,'N20DCCN138',2),(3052,NULL,16,10,13,'N20DCCN138',2),(3053,NULL,20,10,13,'N20DCCN138',2),(3054,NULL,21,10,13,'N20DCCN138',2),(3055,NULL,22,10,13,'N20DCCN138',2),(3056,NULL,23,10,13,'N20DCCN138',2),(3057,NULL,26,10,13,'N20DCCN138',2),(3058,NULL,27,10,13,'N20DCCN138',2),(3059,NULL,29,10,13,'N20DCCN138',2),(3060,NULL,31,10,13,'N20DCCN138',2),(3061,NULL,32,10,13,'N20DCCN138',2),(3062,NULL,33,10,13,'N20DCCN138',2),(3063,NULL,34,10,13,'N20DCCN138',2),(3064,NULL,1,10,13,'N19DCAT009',2),(3065,NULL,2,10,13,'N19DCAT009',2),(3066,NULL,3,10,13,'N19DCAT009',2),(3067,NULL,4,10,13,'N19DCAT009',2),(3068,NULL,5,10,13,'N19DCAT009',2),(3069,NULL,6,10,13,'N19DCAT009',2),(3070,NULL,7,10,13,'N19DCAT009',2),(3071,NULL,9,10,13,'N19DCAT009',2),(3072,NULL,10,10,13,'N19DCAT009',2),(3073,NULL,12,10,13,'N19DCAT009',2),(3074,NULL,13,10,13,'N19DCAT009',2),(3075,NULL,14,10,13,'N19DCAT009',2),(3076,NULL,15,10,13,'N19DCAT009',2),(3077,NULL,16,10,13,'N19DCAT009',2),(3078,NULL,20,10,13,'N19DCAT009',2),(3079,NULL,21,10,13,'N19DCAT009',2),(3080,NULL,22,10,13,'N19DCAT009',2),(3081,NULL,23,10,13,'N19DCAT009',2),(3082,NULL,26,10,13,'N19DCAT009',2),(3083,NULL,27,10,13,'N19DCAT009',2),(3084,NULL,29,10,13,'N19DCAT009',2),(3085,NULL,31,10,13,'N19DCAT009',2),(3086,NULL,32,10,13,'N19DCAT009',2),(3087,NULL,33,10,13,'N19DCAT009',2),(3088,NULL,34,10,13,'N19DCAT009',2),(3089,NULL,1,10,13,'N20DCCN118',2),(3090,NULL,2,10,13,'N20DCCN118',2),(3091,NULL,3,10,13,'N20DCCN118',2),(3092,NULL,4,10,13,'N20DCCN118',2),(3093,NULL,5,10,13,'N20DCCN118',2),(3094,NULL,6,10,13,'N20DCCN118',2),(3095,NULL,7,10,13,'N20DCCN118',2),(3096,NULL,9,10,13,'N20DCCN118',2),(3097,NULL,10,10,13,'N20DCCN118',2),(3098,NULL,12,10,13,'N20DCCN118',2),(3099,NULL,13,10,13,'N20DCCN118',2),(3100,NULL,14,10,13,'N20DCCN118',2),(3101,NULL,15,10,13,'N20DCCN118',2),(3102,NULL,16,10,13,'N20DCCN118',2),(3103,NULL,20,10,13,'N20DCCN118',2),(3104,NULL,21,10,13,'N20DCCN118',2),(3105,NULL,22,10,13,'N20DCCN118',2),(3106,NULL,23,10,13,'N20DCCN118',2),(3107,NULL,26,10,13,'N20DCCN118',2),(3108,NULL,27,10,13,'N20DCCN118',2),(3109,NULL,29,10,13,'N20DCCN118',2),(3110,NULL,31,10,13,'N20DCCN118',2),(3111,NULL,32,10,13,'N20DCCN118',2),(3112,NULL,33,10,13,'N20DCCN118',2),(3113,NULL,34,10,13,'N20DCCN118',2),(3114,NULL,1,10,13,'N19DCCN222',2),(3115,NULL,2,10,13,'N19DCCN222',2),(3116,NULL,3,10,13,'N19DCCN222',2),(3117,NULL,4,10,13,'N19DCCN222',2),(3118,NULL,5,10,13,'N19DCCN222',2),(3119,NULL,6,10,13,'N19DCCN222',2),(3120,NULL,7,10,13,'N19DCCN222',2),(3121,NULL,9,10,13,'N19DCCN222',2),(3122,NULL,10,10,13,'N19DCCN222',2),(3123,NULL,12,10,13,'N19DCCN222',2),(3124,NULL,13,10,13,'N19DCCN222',2),(3125,NULL,14,10,13,'N19DCCN222',2),(3126,NULL,15,10,13,'N19DCCN222',2),(3127,NULL,16,10,13,'N19DCCN222',2),(3128,NULL,20,10,13,'N19DCCN222',2),(3129,NULL,21,10,13,'N19DCCN222',2),(3130,NULL,22,10,13,'N19DCCN222',2),(3131,NULL,23,10,13,'N19DCCN222',2),(3132,NULL,26,10,13,'N19DCCN222',2),(3133,NULL,27,10,13,'N19DCCN222',2),(3134,NULL,29,10,13,'N19DCCN222',2),(3135,NULL,31,10,13,'N19DCCN222',2),(3136,NULL,32,10,13,'N19DCCN222',2),(3137,NULL,33,10,13,'N19DCCN222',2),(3138,NULL,34,10,13,'N19DCCN222',2),(3139,NULL,1,10,13,'N20DCCN104',2),(3140,NULL,2,10,13,'N20DCCN104',2),(3141,NULL,3,10,13,'N20DCCN104',2),(3142,NULL,4,10,13,'N20DCCN104',2),(3143,NULL,5,10,13,'N20DCCN104',2),(3144,NULL,6,10,13,'N20DCCN104',2),(3145,NULL,7,10,13,'N20DCCN104',2),(3146,NULL,9,10,13,'N20DCCN104',2),(3147,NULL,10,10,13,'N20DCCN104',2),(3148,NULL,12,10,13,'N20DCCN104',2),(3149,NULL,13,10,13,'N20DCCN104',2),(3150,NULL,14,10,13,'N20DCCN104',2),(3151,NULL,15,10,13,'N20DCCN104',2),(3152,NULL,16,10,13,'N20DCCN104',2),(3153,NULL,20,10,13,'N20DCCN104',2),(3154,NULL,21,10,13,'N20DCCN104',2),(3155,NULL,22,10,13,'N20DCCN104',2),(3156,NULL,23,10,13,'N20DCCN104',2),(3157,NULL,26,10,13,'N20DCCN104',2),(3158,NULL,27,10,13,'N20DCCN104',2),(3159,NULL,29,10,13,'N20DCCN104',2),(3160,NULL,31,10,13,'N20DCCN104',2),(3161,NULL,32,10,13,'N20DCCN104',2),(3162,NULL,33,10,13,'N20DCCN104',2),(3163,NULL,34,10,13,'N20DCCN104',2),(3164,NULL,1,10,13,'N20DCCN154',2),(3165,NULL,2,10,13,'N20DCCN154',2),(3166,NULL,3,10,13,'N20DCCN154',2),(3167,NULL,4,10,13,'N20DCCN154',2),(3168,NULL,5,10,13,'N20DCCN154',2),(3169,NULL,6,10,13,'N20DCCN154',2),(3170,NULL,7,10,13,'N20DCCN154',2),(3171,NULL,9,10,13,'N20DCCN154',2),(3172,NULL,10,10,13,'N20DCCN154',2),(3173,NULL,12,10,13,'N20DCCN154',2),(3174,NULL,13,10,13,'N20DCCN154',2),(3175,NULL,14,10,13,'N20DCCN154',2),(3176,NULL,15,10,13,'N20DCCN154',2),(3177,NULL,16,10,13,'N20DCCN154',2),(3178,NULL,20,10,13,'N20DCCN154',2),(3179,NULL,21,10,13,'N20DCCN154',2),(3180,NULL,22,10,13,'N20DCCN154',2),(3181,NULL,23,10,13,'N20DCCN154',2),(3182,NULL,26,10,13,'N20DCCN154',2),(3183,NULL,27,10,13,'N20DCCN154',2),(3184,NULL,29,10,13,'N20DCCN154',2),(3185,NULL,31,10,13,'N20DCCN154',2),(3186,NULL,32,10,13,'N20DCCN154',2),(3187,NULL,33,10,13,'N20DCCN154',2),(3188,NULL,34,10,13,'N20DCCN154',2),(3189,NULL,1,10,13,'N20DCCN133',2),(3190,NULL,2,10,13,'N20DCCN133',2),(3191,NULL,3,10,13,'N20DCCN133',2),(3192,NULL,4,10,13,'N20DCCN133',2),(3193,NULL,5,10,13,'N20DCCN133',2),(3194,NULL,6,10,13,'N20DCCN133',2),(3195,NULL,7,10,13,'N20DCCN133',2),(3196,NULL,9,10,13,'N20DCCN133',2),(3197,NULL,10,10,13,'N20DCCN133',2),(3198,NULL,12,10,13,'N20DCCN133',2),(3199,NULL,13,10,13,'N20DCCN133',2),(3200,NULL,14,10,13,'N20DCCN133',2),(3201,NULL,15,10,13,'N20DCCN133',2),(3202,NULL,16,10,13,'N20DCCN133',2),(3203,NULL,20,10,13,'N20DCCN133',2),(3204,NULL,21,10,13,'N20DCCN133',2),(3205,NULL,22,10,13,'N20DCCN133',2),(3206,NULL,23,10,13,'N20DCCN133',2),(3207,NULL,26,10,13,'N20DCCN133',2),(3208,NULL,27,10,13,'N20DCCN133',2),(3209,NULL,29,10,13,'N20DCCN133',2),(3210,NULL,31,10,13,'N20DCCN133',2),(3211,NULL,32,10,13,'N20DCCN133',2),(3212,NULL,33,10,13,'N20DCCN133',2),(3213,NULL,34,10,13,'N20DCCN133',2),(3214,NULL,1,10,13,'N20DCCN134',2),(3215,NULL,2,10,13,'N20DCCN134',2),(3216,NULL,3,10,13,'N20DCCN134',2),(3217,NULL,4,10,13,'N20DCCN134',2),(3218,NULL,5,10,13,'N20DCCN134',2),(3219,NULL,6,10,13,'N20DCCN134',2),(3220,NULL,7,10,13,'N20DCCN134',2),(3221,NULL,9,10,13,'N20DCCN134',2),(3222,NULL,10,10,13,'N20DCCN134',2),(3223,NULL,12,10,13,'N20DCCN134',2),(3224,NULL,13,10,13,'N20DCCN134',2),(3225,NULL,14,10,13,'N20DCCN134',2),(3226,NULL,15,10,13,'N20DCCN134',2),(3227,NULL,16,10,13,'N20DCCN134',2),(3228,NULL,20,10,13,'N20DCCN134',2),(3229,NULL,21,10,13,'N20DCCN134',2),(3230,NULL,22,10,13,'N20DCCN134',2),(3231,NULL,23,10,13,'N20DCCN134',2),(3232,NULL,26,10,13,'N20DCCN134',2),(3233,NULL,27,10,13,'N20DCCN134',2),(3234,NULL,29,10,13,'N20DCCN134',2),(3235,NULL,31,10,13,'N20DCCN134',2),(3236,NULL,32,10,13,'N20DCCN134',2),(3237,NULL,33,10,13,'N20DCCN134',2),(3238,NULL,34,10,13,'N20DCCN134',2),(3239,NULL,1,10,13,'N20DCCN112',2),(3240,NULL,2,10,13,'N20DCCN112',2),(3241,NULL,3,10,13,'N20DCCN112',2),(3242,NULL,4,10,13,'N20DCCN112',2),(3243,NULL,5,10,13,'N20DCCN112',2),(3244,NULL,6,10,13,'N20DCCN112',2),(3245,NULL,7,10,13,'N20DCCN112',2),(3246,NULL,9,10,13,'N20DCCN112',2),(3247,NULL,10,10,13,'N20DCCN112',2),(3248,NULL,12,10,13,'N20DCCN112',2),(3249,NULL,13,10,13,'N20DCCN112',2),(3250,NULL,14,10,13,'N20DCCN112',2),(3251,NULL,15,10,13,'N20DCCN112',2),(3252,NULL,16,10,13,'N20DCCN112',2),(3253,NULL,20,10,13,'N20DCCN112',2),(3254,NULL,21,10,13,'N20DCCN112',2),(3255,NULL,22,10,13,'N20DCCN112',2),(3256,NULL,23,10,13,'N20DCCN112',2),(3257,NULL,26,10,13,'N20DCCN112',2),(3258,NULL,27,10,13,'N20DCCN112',2),(3259,NULL,29,10,13,'N20DCCN112',2),(3260,NULL,31,10,13,'N20DCCN112',2),(3261,NULL,32,10,13,'N20DCCN112',2),(3262,NULL,33,10,13,'N20DCCN112',2),(3263,NULL,34,10,13,'N20DCCN112',2),(3264,NULL,1,10,13,'N20DCCN107',2),(3265,NULL,2,10,13,'N20DCCN107',2),(3266,NULL,3,10,13,'N20DCCN107',2),(3267,NULL,4,10,13,'N20DCCN107',2),(3268,NULL,5,10,13,'N20DCCN107',2),(3269,NULL,6,10,13,'N20DCCN107',2),(3270,NULL,7,10,13,'N20DCCN107',2),(3271,NULL,9,10,13,'N20DCCN107',2),(3272,NULL,10,10,13,'N20DCCN107',2),(3273,NULL,12,10,13,'N20DCCN107',2),(3274,NULL,13,10,13,'N20DCCN107',2),(3275,NULL,14,10,13,'N20DCCN107',2),(3276,NULL,15,10,13,'N20DCCN107',2),(3277,NULL,16,10,13,'N20DCCN107',2),(3278,NULL,20,10,13,'N20DCCN107',2),(3279,NULL,21,10,13,'N20DCCN107',2),(3280,NULL,22,10,13,'N20DCCN107',2),(3281,NULL,23,10,13,'N20DCCN107',2),(3282,NULL,26,10,13,'N20DCCN107',2),(3283,NULL,27,10,13,'N20DCCN107',2),(3284,NULL,29,10,13,'N20DCCN107',2),(3285,NULL,31,10,13,'N20DCCN107',2),(3286,NULL,32,10,13,'N20DCCN107',2),(3287,NULL,33,10,13,'N20DCCN107',2),(3288,NULL,34,10,13,'N20DCCN107',2),(3289,NULL,1,10,13,'N20DCCN091',2),(3290,NULL,2,10,13,'N20DCCN091',2),(3291,NULL,3,10,13,'N20DCCN091',2),(3292,NULL,4,10,13,'N20DCCN091',2),(3293,NULL,5,10,13,'N20DCCN091',2),(3294,NULL,6,10,13,'N20DCCN091',2),(3295,NULL,7,10,13,'N20DCCN091',2),(3296,NULL,9,10,13,'N20DCCN091',2),(3297,NULL,10,10,13,'N20DCCN091',2),(3298,NULL,12,10,13,'N20DCCN091',2),(3299,NULL,13,10,13,'N20DCCN091',2),(3300,NULL,14,10,13,'N20DCCN091',2),(3301,NULL,15,10,13,'N20DCCN091',2),(3302,NULL,16,10,13,'N20DCCN091',2),(3303,NULL,20,10,13,'N20DCCN091',2),(3304,NULL,21,10,13,'N20DCCN091',2),(3305,NULL,22,10,13,'N20DCCN091',2),(3306,NULL,23,10,13,'N20DCCN091',2),(3307,NULL,26,10,13,'N20DCCN091',2),(3308,NULL,27,10,13,'N20DCCN091',2),(3309,NULL,29,10,13,'N20DCCN091',2),(3310,NULL,31,10,13,'N20DCCN091',2),(3311,NULL,32,10,13,'N20DCCN091',2),(3312,NULL,33,10,13,'N20DCCN091',2),(3313,NULL,34,10,13,'N20DCCN091',2),(3314,NULL,1,10,13,'N20DCCN137',2),(3315,NULL,2,10,13,'N20DCCN137',2),(3316,NULL,3,10,13,'N20DCCN137',2),(3317,NULL,4,10,13,'N20DCCN137',2),(3318,NULL,5,10,13,'N20DCCN137',2),(3319,NULL,6,10,13,'N20DCCN137',2),(3320,NULL,7,10,13,'N20DCCN137',2),(3321,NULL,9,10,13,'N20DCCN137',2),(3322,NULL,10,10,13,'N20DCCN137',2),(3323,NULL,12,10,13,'N20DCCN137',2),(3324,NULL,13,10,13,'N20DCCN137',2),(3325,NULL,14,10,13,'N20DCCN137',2),(3326,NULL,15,10,13,'N20DCCN137',2),(3327,NULL,16,10,13,'N20DCCN137',2),(3328,NULL,20,10,13,'N20DCCN137',2),(3329,NULL,21,10,13,'N20DCCN137',2),(3330,NULL,22,10,13,'N20DCCN137',2),(3331,NULL,23,10,13,'N20DCCN137',2),(3332,NULL,26,10,13,'N20DCCN137',2),(3333,NULL,27,10,13,'N20DCCN137',2),(3334,NULL,29,10,13,'N20DCCN137',2),(3335,NULL,31,10,13,'N20DCCN137',2),(3336,NULL,32,10,13,'N20DCCN137',2),(3337,NULL,33,10,13,'N20DCCN137',2),(3338,NULL,34,10,13,'N20DCCN137',2),(3339,NULL,1,10,13,'N20DCCN117',2),(3340,NULL,2,10,13,'N20DCCN117',2),(3341,NULL,3,10,13,'N20DCCN117',2),(3342,NULL,4,10,13,'N20DCCN117',2),(3343,NULL,5,10,13,'N20DCCN117',2),(3344,NULL,6,10,13,'N20DCCN117',2),(3345,NULL,7,10,13,'N20DCCN117',2),(3346,NULL,9,10,13,'N20DCCN117',2),(3347,NULL,10,10,13,'N20DCCN117',2),(3348,NULL,12,10,13,'N20DCCN117',2),(3349,NULL,13,10,13,'N20DCCN117',2),(3350,NULL,14,10,13,'N20DCCN117',2),(3351,NULL,15,10,13,'N20DCCN117',2),(3352,NULL,16,10,13,'N20DCCN117',2),(3353,NULL,20,10,13,'N20DCCN117',2),(3354,NULL,21,10,13,'N20DCCN117',2),(3355,NULL,22,10,13,'N20DCCN117',2),(3356,NULL,23,10,13,'N20DCCN117',2),(3357,NULL,26,10,13,'N20DCCN117',2),(3358,NULL,27,10,13,'N20DCCN117',2),(3359,NULL,29,10,13,'N20DCCN117',2),(3360,NULL,31,10,13,'N20DCCN117',2),(3361,NULL,32,10,13,'N20DCCN117',2),(3362,NULL,33,10,13,'N20DCCN117',2),(3363,NULL,34,10,13,'N20DCCN117',2),(3364,NULL,1,10,13,'N20DCCN111',2),(3365,NULL,2,10,13,'N20DCCN111',2),(3366,NULL,3,10,13,'N20DCCN111',2),(3367,NULL,4,10,13,'N20DCCN111',2),(3368,NULL,5,10,13,'N20DCCN111',2),(3369,NULL,6,10,13,'N20DCCN111',2),(3370,NULL,7,10,13,'N20DCCN111',2),(3371,NULL,9,10,13,'N20DCCN111',2),(3372,NULL,10,10,13,'N20DCCN111',2),(3373,NULL,12,10,13,'N20DCCN111',2),(3374,NULL,13,10,13,'N20DCCN111',2),(3375,NULL,14,10,13,'N20DCCN111',2),(3376,NULL,15,10,13,'N20DCCN111',2),(3377,NULL,16,10,13,'N20DCCN111',2),(3378,NULL,20,10,13,'N20DCCN111',2),(3379,NULL,21,10,13,'N20DCCN111',2),(3380,NULL,22,10,13,'N20DCCN111',2),(3381,NULL,23,10,13,'N20DCCN111',2),(3382,NULL,26,10,13,'N20DCCN111',2),(3383,NULL,27,10,13,'N20DCCN111',2),(3384,NULL,29,10,13,'N20DCCN111',2),(3385,NULL,31,10,13,'N20DCCN111',2),(3386,NULL,32,10,13,'N20DCCN111',2),(3387,NULL,33,10,13,'N20DCCN111',2),(3388,NULL,34,10,13,'N20DCCN111',2),(3389,NULL,1,10,13,'N20DCCN089',2),(3390,NULL,2,10,13,'N20DCCN089',2),(3391,NULL,3,10,13,'N20DCCN089',2),(3392,NULL,4,10,13,'N20DCCN089',2),(3393,NULL,5,10,13,'N20DCCN089',2),(3394,NULL,6,10,13,'N20DCCN089',2),(3395,NULL,7,10,13,'N20DCCN089',2),(3396,NULL,9,10,13,'N20DCCN089',2),(3397,NULL,10,10,13,'N20DCCN089',2),(3398,NULL,12,10,13,'N20DCCN089',2),(3399,NULL,13,10,13,'N20DCCN089',2),(3400,NULL,14,10,13,'N20DCCN089',2),(3401,NULL,15,10,13,'N20DCCN089',2),(3402,NULL,16,10,13,'N20DCCN089',2),(3403,NULL,20,10,13,'N20DCCN089',2),(3404,NULL,21,10,13,'N20DCCN089',2),(3405,NULL,22,10,13,'N20DCCN089',2),(3406,NULL,23,10,13,'N20DCCN089',2),(3407,NULL,26,10,13,'N20DCCN089',2),(3408,NULL,27,10,13,'N20DCCN089',2),(3409,NULL,29,10,13,'N20DCCN089',2),(3410,NULL,31,10,13,'N20DCCN089',2),(3411,NULL,32,10,13,'N20DCCN089',2),(3412,NULL,33,10,13,'N20DCCN089',2),(3413,NULL,34,10,13,'N20DCCN089',2),(3414,NULL,1,10,13,'N20DCCN088',2),(3415,NULL,2,10,13,'N20DCCN088',2),(3416,NULL,3,10,13,'N20DCCN088',2),(3417,NULL,4,10,13,'N20DCCN088',2),(3418,NULL,5,10,13,'N20DCCN088',2),(3419,NULL,6,10,13,'N20DCCN088',2),(3420,NULL,7,10,13,'N20DCCN088',2),(3421,NULL,9,10,13,'N20DCCN088',2),(3422,NULL,10,10,13,'N20DCCN088',2),(3423,NULL,12,10,13,'N20DCCN088',2),(3424,NULL,13,10,13,'N20DCCN088',2),(3425,NULL,14,10,13,'N20DCCN088',2),(3426,NULL,15,10,13,'N20DCCN088',2),(3427,NULL,16,10,13,'N20DCCN088',2),(3428,NULL,20,10,13,'N20DCCN088',2),(3429,NULL,21,10,13,'N20DCCN088',2),(3430,NULL,22,10,13,'N20DCCN088',2),(3431,NULL,23,10,13,'N20DCCN088',2),(3432,NULL,26,10,13,'N20DCCN088',2),(3433,NULL,27,10,13,'N20DCCN088',2),(3434,NULL,29,10,13,'N20DCCN088',2),(3435,NULL,31,10,13,'N20DCCN088',2),(3436,NULL,32,10,13,'N20DCCN088',2),(3437,NULL,33,10,13,'N20DCCN088',2),(3438,NULL,34,10,13,'N20DCCN088',2),(3439,NULL,1,10,13,'N20DCCN147',2),(3440,NULL,2,10,13,'N20DCCN147',2),(3441,NULL,3,10,13,'N20DCCN147',2),(3442,NULL,4,10,13,'N20DCCN147',2),(3443,NULL,5,10,13,'N20DCCN147',2),(3444,NULL,6,10,13,'N20DCCN147',2),(3445,NULL,7,10,13,'N20DCCN147',2),(3446,NULL,9,10,13,'N20DCCN147',2),(3447,NULL,10,10,13,'N20DCCN147',2),(3448,NULL,12,10,13,'N20DCCN147',2),(3449,NULL,13,10,13,'N20DCCN147',2),(3450,NULL,14,10,13,'N20DCCN147',2),(3451,NULL,15,10,13,'N20DCCN147',2),(3452,NULL,16,10,13,'N20DCCN147',2),(3453,NULL,20,10,13,'N20DCCN147',2),(3454,NULL,21,10,13,'N20DCCN147',2),(3455,NULL,22,10,13,'N20DCCN147',2),(3456,NULL,23,10,13,'N20DCCN147',2),(3457,NULL,26,10,13,'N20DCCN147',2),(3458,NULL,27,10,13,'N20DCCN147',2),(3459,NULL,29,10,13,'N20DCCN147',2),(3460,NULL,31,10,13,'N20DCCN147',2),(3461,NULL,32,10,13,'N20DCCN147',2),(3462,NULL,33,10,13,'N20DCCN147',2),(3463,NULL,34,10,13,'N20DCCN147',2),(3464,NULL,1,10,13,'N19DCCN182',2),(3465,NULL,2,10,13,'N19DCCN182',2),(3466,NULL,3,10,13,'N19DCCN182',2),(3467,NULL,4,10,13,'N19DCCN182',2),(3468,NULL,5,10,13,'N19DCCN182',2),(3469,NULL,6,10,13,'N19DCCN182',2),(3470,NULL,7,10,13,'N19DCCN182',2),(3471,NULL,9,10,13,'N19DCCN182',2),(3472,NULL,10,10,13,'N19DCCN182',2),(3473,NULL,12,10,13,'N19DCCN182',2),(3474,NULL,13,10,13,'N19DCCN182',2),(3475,NULL,14,10,13,'N19DCCN182',2),(3476,NULL,15,10,13,'N19DCCN182',2),(3477,NULL,16,10,13,'N19DCCN182',2),(3478,NULL,20,10,13,'N19DCCN182',2),(3479,NULL,21,10,13,'N19DCCN182',2),(3480,NULL,22,10,13,'N19DCCN182',2),(3481,NULL,23,10,13,'N19DCCN182',2),(3482,NULL,26,10,13,'N19DCCN182',2),(3483,NULL,27,10,13,'N19DCCN182',2),(3484,NULL,29,10,13,'N19DCCN182',2),(3485,NULL,31,10,13,'N19DCCN182',2),(3486,NULL,32,10,13,'N19DCCN182',2),(3487,NULL,33,10,13,'N19DCCN182',2),(3488,NULL,34,10,13,'N19DCCN182',2),(3489,NULL,14,11,12,'N20DCCN047',2),(3490,NULL,15,11,12,'N20DCCN047',2),(3491,NULL,28,11,12,'N20DCCN047',2),(3492,NULL,29,11,12,'N20DCCN047',2),(3493,NULL,31,11,12,'N20DCCN047',2),(3494,NULL,32,11,12,'N20DCCN047',2),(3495,NULL,33,11,12,'N20DCCN047',2),(3496,NULL,35,11,12,'N20DCCN047',2),(3497,NULL,14,11,12,'N20DCCN049',2),(3498,NULL,15,11,12,'N20DCCN049',2),(3499,NULL,28,11,12,'N20DCCN049',2),(3500,NULL,29,11,12,'N20DCCN049',2),(3501,NULL,31,11,12,'N20DCCN049',2),(3502,NULL,32,11,12,'N20DCCN049',2),(3503,NULL,33,11,12,'N20DCCN049',2),(3504,NULL,35,11,12,'N20DCCN049',2),(3505,NULL,14,11,12,'N20DCCN028',2),(3506,NULL,15,11,12,'N20DCCN028',2),(3507,NULL,28,11,12,'N20DCCN028',2),(3508,NULL,29,11,12,'N20DCCN028',2),(3509,NULL,31,11,12,'N20DCCN028',2),(3510,NULL,32,11,12,'N20DCCN028',2),(3511,NULL,33,11,12,'N20DCCN028',2),(3512,NULL,35,11,12,'N20DCCN028',2),(3513,NULL,14,11,12,'N18DCCN117',2),(3514,NULL,15,11,12,'N18DCCN117',2),(3515,NULL,28,11,12,'N18DCCN117',2),(3516,NULL,29,11,12,'N18DCCN117',2),(3517,NULL,31,11,12,'N18DCCN117',2),(3518,NULL,32,11,12,'N18DCCN117',2),(3519,NULL,33,11,12,'N18DCCN117',2),(3520,NULL,35,11,12,'N18DCCN117',2),(3521,NULL,14,11,12,'N20DCCN038',2),(3522,NULL,15,11,12,'N20DCCN038',2),(3523,NULL,28,11,12,'N20DCCN038',2),(3524,NULL,29,11,12,'N20DCCN038',2),(3525,NULL,31,11,12,'N20DCCN038',2),(3526,NULL,32,11,12,'N20DCCN038',2),(3527,NULL,33,11,12,'N20DCCN038',2),(3528,NULL,35,11,12,'N20DCCN038',2),(3529,NULL,14,11,12,'N20DCCN055',2),(3530,NULL,15,11,12,'N20DCCN055',2),(3531,NULL,28,11,12,'N20DCCN055',2),(3532,NULL,29,11,12,'N20DCCN055',2),(3533,NULL,31,11,12,'N20DCCN055',2),(3534,NULL,32,11,12,'N20DCCN055',2),(3535,NULL,33,11,12,'N20DCCN055',2),(3536,NULL,35,11,12,'N20DCCN055',2),(3537,NULL,14,11,12,'N20DCCN064',2),(3538,NULL,15,11,12,'N20DCCN064',2),(3539,NULL,28,11,12,'N20DCCN064',2),(3540,NULL,29,11,12,'N20DCCN064',2),(3541,NULL,31,11,12,'N20DCCN064',2),(3542,NULL,32,11,12,'N20DCCN064',2),(3543,NULL,33,11,12,'N20DCCN064',2),(3544,NULL,35,11,12,'N20DCCN064',2),(3545,NULL,14,11,12,'N20DCCN069',2),(3546,NULL,15,11,12,'N20DCCN069',2),(3547,NULL,28,11,12,'N20DCCN069',2),(3548,NULL,29,11,12,'N20DCCN069',2),(3549,NULL,31,11,12,'N20DCCN069',2),(3550,NULL,32,11,12,'N20DCCN069',2),(3551,NULL,33,11,12,'N20DCCN069',2),(3552,NULL,35,11,12,'N20DCCN069',2),(3553,NULL,14,11,12,'N20DCCN081',2),(3554,NULL,15,11,12,'N20DCCN081',2),(3555,NULL,28,11,12,'N20DCCN081',2),(3556,NULL,29,11,12,'N20DCCN081',2),(3557,NULL,31,11,12,'N20DCCN081',2),(3558,NULL,32,11,12,'N20DCCN081',2),(3559,NULL,33,11,12,'N20DCCN081',2),(3560,NULL,35,11,12,'N20DCCN081',2),(3561,NULL,14,11,12,'N20DCCN058',2),(3562,NULL,15,11,12,'N20DCCN058',2),(3563,NULL,28,11,12,'N20DCCN058',2),(3564,NULL,29,11,12,'N20DCCN058',2),(3565,NULL,31,11,12,'N20DCCN058',2),(3566,NULL,32,11,12,'N20DCCN058',2),(3567,NULL,33,11,12,'N20DCCN058',2),(3568,NULL,35,11,12,'N20DCCN058',2),(3569,NULL,14,11,12,'N20DCCN085',2),(3570,NULL,15,11,12,'N20DCCN085',2),(3571,NULL,28,11,12,'N20DCCN085',2),(3572,NULL,29,11,12,'N20DCCN085',2),(3573,NULL,31,11,12,'N20DCCN085',2),(3574,NULL,32,11,12,'N20DCCN085',2),(3575,NULL,33,11,12,'N20DCCN085',2),(3576,NULL,35,11,12,'N20DCCN085',2),(3577,NULL,14,11,12,'N20DCCN056',2),(3578,NULL,15,11,12,'N20DCCN056',2),(3579,NULL,28,11,12,'N20DCCN056',2),(3580,NULL,29,11,12,'N20DCCN056',2),(3581,NULL,31,11,12,'N20DCCN056',2),(3582,NULL,32,11,12,'N20DCCN056',2),(3583,NULL,33,11,12,'N20DCCN056',2),(3584,NULL,35,11,12,'N20DCCN056',2);
/*!40000 ALTER TABLE `chitietthi` ENABLE KEYS */;
UNLOCK TABLES;

--
-- Table structure for table `chuong`
--

DROP TABLE IF EXISTS `chuong`;
/*!40101 SET @saved_cs_client     = @@character_set_client */;
/*!50503 SET character_set_client = utf8mb4 */;
CREATE TABLE `chuong` (
  `machuong` int NOT NULL AUTO_INCREMENT,
  `sochuong` smallint NOT NULL,
  `tenchuong` varchar(255) NOT NULL,
  `mamh` char(12) CHARACTER SET utf8mb3 COLLATE utf8mb3_general_ci NOT NULL,
  PRIMARY KEY (`machuong`),
  KEY `FKrh0kbhjhvmhv7ufh60kyiexbf` (`mamh`),
  CONSTRAINT `FKrh0kbhjhvmhv7ufh60kyiexbf` FOREIGN KEY (`mamh`) REFERENCES `monhoc` (`mamh`)
) ENGINE=InnoDB AUTO_INCREMENT=51 DEFAULT CHARSET=utf8mb4 COLLATE=utf8mb4_0900_ai_ci;
/*!40101 SET character_set_client = @saved_cs_client */;

--
-- Dumping data for table `chuong`
--

LOCK TABLES `chuong` WRITE;
/*!40000 ALTER TABLE `chuong` DISABLE KEYS */;
INSERT INTO `chuong` VALUES (1,1,'Cơ sở logic','INT13162'),(2,2,'Phương pháp đếm','INT13162'),(3,3,'Quan hệ','INT13162'),(4,4,'Đại số Bool và hàm Bool','INT13162'),(6,1,'Nâng cao','INT1306'),(40,2,'Con trỏ','INT1306'),(41,3,'Đệ quy','INT1306'),(48,1,'test 1','TEST'),(49,2,'test 2','TEST');
/*!40000 ALTER TABLE `chuong` ENABLE KEYS */;
UNLOCK TABLES;

--
-- Table structure for table `dangky`
--

DROP TABLE IF EXISTS `dangky`;
/*!40101 SET @saved_cs_client     = @@character_set_client */;
/*!50503 SET character_set_client = utf8mb4 */;
CREATE TABLE `dangky` (
  `diemcc` float DEFAULT NULL,
  `diemck` float DEFAULT NULL,
  `diemgk` float DEFAULT NULL,
  `huydangky` tinyint(1) DEFAULT '0',
  `masv` char(10) CHARACTER SET utf8mb3 COLLATE utf8mb3_general_ci NOT NULL,
  `maltc` int NOT NULL,
  PRIMARY KEY (`maltc`,`masv`),
  KEY `FKjkw7ggrtw9epi2klfq297b7h3` (`masv`),
  CONSTRAINT `FKjkw7ggrtw9epi2klfq297b7h3` FOREIGN KEY (`masv`) REFERENCES `nguoidung` (`manguoidung`),
  CONSTRAINT `FKn6r0e9lyn812muw0jd24ofufv` FOREIGN KEY (`maltc`) REFERENCES `loptinchi` (`maltc`)
) ENGINE=InnoDB DEFAULT CHARSET=utf8mb4 COLLATE=utf8mb4_0900_ai_ci;
/*!40101 SET character_set_client = @saved_cs_client */;

--
-- Dumping data for table `dangky`
--

LOCK TABLES `dangky` WRITE;
/*!40000 ALTER TABLE `dangky` DISABLE KEYS */;
INSERT INTO `dangky` VALUES (NULL,NULL,NULL,0,'N16DCPT058',1),(NULL,NULL,NULL,0,'N17DCCN060',1),(NULL,NULL,NULL,0,'N17DCCN086',1),(NULL,NULL,NULL,0,'N17DCCN149',1),(NULL,NULL,NULL,0,'N18DCCN084',1),(NULL,NULL,NULL,0,'N18DCCN135',1),(NULL,NULL,NULL,0,'N18DCCN250',1),(NULL,NULL,NULL,0,'N19DCAT023',1),(NULL,NULL,NULL,0,'N19DCAT042',1),(NULL,NULL,NULL,0,'N19DCAT044',1),(NULL,NULL,NULL,0,'N19DCAT095',1),(NULL,NULL,NULL,0,'N19DCCN058',1),(NULL,NULL,NULL,0,'N19DCCN083',1),(NULL,NULL,NULL,0,'N19DCCN097',1),(NULL,NULL,NULL,0,'N19DCCN102',1),(NULL,NULL,NULL,0,'N19DCCN187',1),(NULL,NULL,NULL,0,'N20DCCN001',1),(NULL,NULL,NULL,0,'N20DCCN002',1),(NULL,NULL,NULL,0,'N20DCCN003',1),(NULL,NULL,NULL,0,'N20DCCN004',1),(NULL,NULL,NULL,0,'N20DCCN005',1),(NULL,NULL,NULL,0,'N20DCCN006',1),(NULL,NULL,NULL,0,'N20DCCN007',1),(NULL,NULL,NULL,0,'N20DCCN008',1),(NULL,NULL,NULL,0,'N20DCCN009',1),(NULL,NULL,NULL,0,'N20DCCN010',1),(NULL,NULL,NULL,0,'N20DCCN011',1),(NULL,NULL,NULL,0,'N20DCCN012',1),(NULL,NULL,NULL,0,'N20DCCN013',1),(NULL,NULL,NULL,0,'N20DCCN014',1),(NULL,NULL,NULL,0,'N20DCCN015',1),(NULL,NULL,NULL,0,'N20DCCN016',1),(NULL,NULL,NULL,0,'N20DCCN017',1),(NULL,NULL,NULL,0,'N20DCCN018',1),(NULL,NULL,NULL,0,'N20DCCN019',1),(NULL,NULL,NULL,0,'N20DCCN020',1),(NULL,NULL,NULL,0,'N20DCCN021',1),(NULL,NULL,NULL,0,'N20DCCN022',1),(NULL,NULL,NULL,0,'N20DCCN023',1),(NULL,NULL,NULL,0,'N20DCCN024',1),(NULL,NULL,NULL,0,'N20DCCN025',1),(NULL,NULL,NULL,0,'N20DCCN026',1),(NULL,NULL,NULL,0,'N20DCCN027',1),(NULL,NULL,NULL,0,'N20DCCN028',1),(NULL,NULL,NULL,0,'N20DCCN029',1),(NULL,NULL,NULL,0,'N20DCCN031',1),(NULL,NULL,NULL,0,'N20DCCN032',1),(NULL,NULL,NULL,0,'N20DCCN033',1),(NULL,NULL,NULL,0,'N20DCCN034',1),(NULL,NULL,NULL,0,'N20DCCN035',1),(NULL,NULL,NULL,0,'N20DCCN036',1),(NULL,NULL,NULL,0,'N20DCCN037',1),(NULL,NULL,NULL,0,'N20DCCN038',1),(NULL,NULL,NULL,0,'N20DCCN040',1),(NULL,NULL,NULL,0,'N20DCCN041',1),(NULL,NULL,NULL,0,'N20DCCN042',1),(NULL,NULL,NULL,0,'N20DCCN043',1),(NULL,NULL,NULL,0,'N20DCCN045',1),(NULL,NULL,NULL,0,'N20DCCN046',1),(NULL,NULL,NULL,0,'N20DCCN047',1),(NULL,NULL,NULL,0,'N20DCCN048',1),(NULL,NULL,NULL,0,'N20DCCN049',1),(NULL,NULL,NULL,0,'N20DCCN050',1),(NULL,NULL,NULL,0,'N20DCCN051',1),(NULL,NULL,NULL,0,'N20DCCN052',1),(NULL,NULL,NULL,0,'N20DCCN053',1),(NULL,NULL,NULL,0,'N20DCCN054',1),(NULL,NULL,NULL,0,'N20DCCN055',1),(NULL,NULL,NULL,0,'N20DCCN056',1),(NULL,NULL,NULL,0,'N20DCCN058',1),(NULL,NULL,NULL,0,'N20DCCN060',1),(NULL,NULL,NULL,0,'N20DCCN061',1),(NULL,NULL,NULL,0,'N20DCCN062',1),(NULL,NULL,NULL,0,'N20DCCN064',1),(NULL,NULL,NULL,0,'N20DCCN065',1),(NULL,NULL,NULL,0,'N20DCCN066',1),(NULL,NULL,NULL,0,'N20DCCN067',1),(NULL,NULL,NULL,0,'N20DCCN068',1),(NULL,NULL,NULL,0,'N20DCCN069',1),(NULL,NULL,NULL,0,'N20DCCN070',1),(NULL,NULL,NULL,0,'N20DCCN071',1),(NULL,NULL,NULL,0,'N20DCCN072',1),(NULL,NULL,NULL,0,'N20DCCN073',1),(NULL,NULL,NULL,0,'N20DCCN075',1),(NULL,NULL,NULL,0,'N20DCCN077',1),(NULL,NULL,NULL,0,'N20DCCN078',1),(NULL,NULL,NULL,0,'N20DCCN079',1),(NULL,NULL,NULL,0,'N20DCCN080',1),(NULL,NULL,NULL,0,'N20DCCN081',1),(NULL,NULL,NULL,0,'N20DCCN082',1),(NULL,NULL,NULL,0,'N20DCCN083',1),(NULL,NULL,NULL,0,'N20DCCN084',1),(NULL,NULL,NULL,0,'N20DCCN085',1),(NULL,NULL,NULL,0,'N20DCCN087',1),(NULL,NULL,NULL,0,'N20DCCN102',1),(NULL,NULL,NULL,0,'N20DCCN103',1),(NULL,NULL,NULL,0,'N20DCCN125',1),(NULL,NULL,NULL,0,'N20DCCN145',1),(NULL,NULL,NULL,0,'N19DCAT003',2),(NULL,NULL,NULL,0,'N19DCAT004',2),(NULL,NULL,NULL,0,'N19DCAT010',2),(NULL,NULL,NULL,0,'N19DCAT011',2),(NULL,NULL,NULL,0,'N19DCAT013',2),(NULL,NULL,NULL,0,'N19DCAT015',2),(NULL,NULL,NULL,0,'N19DCAT016',2),(NULL,NULL,NULL,0,'N19DCAT019',2),(NULL,NULL,NULL,0,'N19DCAT031',2),(NULL,NULL,NULL,0,'N19DCAT037',2),(NULL,NULL,NULL,0,'N19DCAT047',2),(NULL,NULL,NULL,0,'N19DCAT052',2),(NULL,NULL,NULL,0,'N19DCAT054',2),(NULL,NULL,NULL,0,'N19DCAT058',2),(NULL,NULL,NULL,0,'N19DCAT059',2),(NULL,NULL,NULL,0,'N19DCAT063',2),(NULL,NULL,NULL,0,'N19DCAT066',2),(NULL,NULL,NULL,0,'N19DCAT081',2),(NULL,NULL,NULL,0,'N19DCAT084',2),(NULL,NULL,NULL,0,'N19DCAT090',2),(NULL,NULL,NULL,0,'N19DCAT092',2),(NULL,NULL,NULL,0,'N19DCAT093',2),(NULL,NULL,NULL,0,'N19DCAT097',2),(NULL,NULL,NULL,0,'N20DCAT001',2),(NULL,NULL,NULL,0,'N20DCAT002',2),(NULL,NULL,NULL,0,'N20DCAT003',2),(NULL,NULL,NULL,0,'N20DCAT004',2),(NULL,NULL,NULL,0,'N20DCAT005',2),(NULL,NULL,NULL,0,'N20DCAT006',2),(NULL,NULL,NULL,0,'N20DCAT007',2),(NULL,NULL,NULL,0,'N20DCAT008',2),(NULL,NULL,NULL,0,'N20DCAT009',2),(NULL,NULL,NULL,0,'N20DCAT010',2),(NULL,NULL,NULL,0,'N20DCAT011',2),(NULL,NULL,NULL,0,'N20DCAT012',2),(NULL,NULL,NULL,0,'N20DCAT013',2),(NULL,NULL,NULL,0,'N20DCAT014',2),(NULL,NULL,NULL,0,'N20DCAT015',2),(NULL,NULL,NULL,0,'N20DCAT017',2),(NULL,NULL,NULL,0,'N20DCAT018',2),(NULL,NULL,NULL,0,'N20DCAT019',2),(NULL,NULL,NULL,0,'N20DCAT020',2),(NULL,NULL,NULL,0,'N20DCAT021',2),(NULL,NULL,NULL,0,'N20DCAT022',2),(NULL,NULL,NULL,0,'N20DCAT023',2),(NULL,NULL,NULL,0,'N20DCAT024',2),(NULL,NULL,NULL,0,'N20DCAT025',2),(NULL,NULL,NULL,0,'N20DCAT026',2),(NULL,NULL,NULL,0,'N20DCAT027',2),(NULL,NULL,NULL,0,'N20DCAT028',2),(NULL,NULL,NULL,0,'N20DCAT029',2),(NULL,NULL,NULL,0,'N20DCAT030',2),(NULL,NULL,NULL,0,'N20DCAT031',2),(NULL,NULL,NULL,0,'N20DCAT032',2),(NULL,NULL,NULL,0,'N20DCAT033',2),(NULL,NULL,NULL,0,'N20DCAT034',2),(NULL,NULL,NULL,0,'N20DCAT035',2),(NULL,NULL,NULL,0,'N20DCAT036',2),(NULL,NULL,NULL,0,'N20DCAT038',2),(NULL,NULL,NULL,0,'N20DCAT040',2),(NULL,NULL,NULL,0,'N20DCAT041',2),(NULL,NULL,NULL,0,'N20DCAT042',2),(NULL,NULL,NULL,0,'N20DCAT043',2),(NULL,NULL,NULL,0,'N20DCAT044',2),(NULL,NULL,NULL,0,'N20DCAT045',2),(NULL,NULL,NULL,0,'N20DCAT046',2),(NULL,NULL,NULL,0,'N20DCAT048',2),(NULL,NULL,NULL,0,'N20DCAT049',2),(NULL,NULL,NULL,0,'N20DCAT051',2),(NULL,NULL,NULL,0,'N20DCAT053',2),(NULL,NULL,NULL,0,'N20DCAT054',2),(NULL,NULL,NULL,0,'N20DCAT055',2),(NULL,NULL,NULL,0,'N20DCAT056',2),(NULL,NULL,NULL,0,'N20DCAT057',2),(NULL,NULL,NULL,0,'N20DCAT060',2),(NULL,NULL,NULL,0,'N20DCAT061',2),(NULL,NULL,NULL,0,'N20DCAT062',2),(NULL,NULL,NULL,0,'N20DCAT063',2),(NULL,NULL,NULL,0,'N20DCAT064',2),(NULL,NULL,NULL,0,'N20DCAT065',2),(NULL,NULL,NULL,0,'N17DCCN003',3),(NULL,NULL,NULL,0,'N17DCCN123',3),(NULL,NULL,NULL,0,'N18DCAT011',3),(NULL,NULL,NULL,0,'N18DCCN009',3),(NULL,NULL,NULL,0,'N18DCCN050',3),(NULL,NULL,NULL,0,'N18DCCN051',3),(NULL,NULL,NULL,0,'N18DCCN117',3),(NULL,NULL,NULL,0,'N18DCCN152',3),(NULL,NULL,NULL,0,'N18DCCN188',3),(NULL,NULL,NULL,0,'N19DCCN110',3),(NULL,NULL,NULL,0,'N19DCCN139',3),(NULL,NULL,NULL,0,'N20DCCN059',3),(NULL,NULL,NULL,0,'N20DCCN088',3),(NULL,NULL,NULL,0,'N20DCCN089',3),(NULL,NULL,NULL,0,'N20DCCN090',3),(NULL,NULL,NULL,0,'N20DCCN091',3),(NULL,NULL,NULL,0,'N20DCCN092',3),(NULL,NULL,NULL,0,'N20DCCN093',3),(NULL,NULL,NULL,0,'N20DCCN094',3),(NULL,NULL,NULL,0,'N20DCCN095',3),(NULL,NULL,NULL,0,'N20DCCN096',3),(NULL,NULL,NULL,0,'N20DCCN097',3),(NULL,NULL,NULL,0,'N20DCCN098',3),(NULL,NULL,NULL,0,'N20DCCN099',3),(NULL,NULL,NULL,0,'N20DCCN100',3),(NULL,NULL,NULL,0,'N20DCCN104',3),(NULL,NULL,NULL,0,'N20DCCN105',3),(NULL,NULL,NULL,0,'N20DCCN106',3),(NULL,NULL,NULL,0,'N20DCCN107',3),(NULL,NULL,NULL,0,'N20DCCN108',3),(NULL,NULL,NULL,0,'N20DCCN109',3),(NULL,NULL,NULL,0,'N20DCCN110',3),(NULL,NULL,NULL,0,'N20DCCN111',3),(NULL,NULL,NULL,0,'N20DCCN112',3),(NULL,NULL,NULL,0,'N20DCCN113',3),(NULL,NULL,NULL,0,'N20DCCN114',3),(NULL,NULL,NULL,0,'N20DCCN115',3),(NULL,NULL,NULL,0,'N20DCCN117',3),(NULL,NULL,NULL,0,'N20DCCN118',3),(NULL,NULL,NULL,0,'N20DCCN120',3),(NULL,NULL,NULL,0,'N20DCCN121',3),(NULL,NULL,NULL,0,'N20DCCN122',3),(NULL,NULL,NULL,0,'N20DCCN123',3),(NULL,NULL,NULL,0,'N20DCCN126',3),(NULL,NULL,NULL,0,'N20DCCN127',3),(NULL,NULL,NULL,0,'N20DCCN128',3),(NULL,NULL,NULL,0,'N20DCCN129',3),(NULL,NULL,NULL,0,'N20DCCN130',3),(NULL,NULL,NULL,0,'N20DCCN131',3),(NULL,NULL,NULL,0,'N20DCCN133',3),(NULL,NULL,NULL,0,'N20DCCN134',3),(NULL,NULL,NULL,0,'N20DCCN135',3),(NULL,NULL,NULL,0,'N20DCCN136',3),(NULL,NULL,NULL,0,'N20DCCN137',3),(NULL,NULL,NULL,0,'N20DCCN138',3),(NULL,NULL,NULL,0,'N20DCCN139',3),(NULL,NULL,NULL,0,'N20DCCN140',3),(NULL,NULL,NULL,0,'N20DCCN141',3),(NULL,NULL,NULL,0,'N20DCCN142',3),(NULL,NULL,NULL,0,'N20DCCN143',3),(NULL,NULL,NULL,0,'N20DCCN144',3),(NULL,NULL,NULL,0,'N20DCCN146',3),(NULL,NULL,NULL,0,'N20DCCN147',3),(NULL,NULL,NULL,0,'N20DCCN148',3),(NULL,NULL,NULL,0,'N20DCCN149',3),(NULL,NULL,NULL,0,'N20DCCN150',3),(NULL,NULL,NULL,0,'N20DCCN151',3),(NULL,NULL,NULL,0,'N20DCCN152',3),(NULL,NULL,NULL,0,'N20DCCN153',3),(NULL,NULL,NULL,0,'N20DCCN154',3),(NULL,NULL,NULL,0,'N20DCCN155',3),(NULL,NULL,NULL,0,'N20DCCN156',3),(NULL,NULL,NULL,0,'N20DCCN157',3),(NULL,NULL,NULL,0,'N20DCCN158',3),(NULL,NULL,NULL,0,'N20DCCN159',3),(NULL,NULL,NULL,0,'N20DCCN160',3),(NULL,NULL,NULL,0,'N20DCCN161',3),(NULL,NULL,NULL,0,'N20DCCN162',3),(NULL,NULL,NULL,0,'N20DCCN163',3),(NULL,NULL,NULL,0,'N20DCCN165',3),(NULL,NULL,NULL,0,'N15DCAT024',4),(NULL,NULL,NULL,0,'N15DCAT047',4),(NULL,NULL,NULL,0,'N15DCCN164',4),(NULL,NULL,NULL,0,'N16DCCN111',4),(NULL,NULL,NULL,0,'N16DCDT026',4),(NULL,NULL,NULL,0,'N17DCAT057',4),(NULL,NULL,NULL,0,'N17DCAT077',4),(NULL,NULL,NULL,0,'N17DCCN093',4),(NULL,NULL,NULL,0,'N17DCCN122',4),(NULL,NULL,NULL,0,'N17DCCN192',4),(NULL,NULL,NULL,0,'N17DCDT055',4),(NULL,NULL,NULL,0,'N17DCDT056',4),(NULL,NULL,NULL,0,'N17DCDT070',4),(NULL,NULL,NULL,0,'N17DCPT013',4),(NULL,NULL,NULL,0,'N18DCAT062',4),(NULL,NULL,NULL,0,'N18DCAT083',4),(NULL,NULL,NULL,0,'N18DCCN003',4),(NULL,NULL,NULL,0,'N18DCCN012',4),(NULL,NULL,NULL,0,'N18DCCN051',4),(NULL,NULL,NULL,0,'N18DCCN095',4),(NULL,NULL,NULL,0,'N18DCCN168',4),(NULL,NULL,NULL,0,'N18DCCN185',4),(NULL,NULL,NULL,0,'N18DCCN194',4),(NULL,NULL,NULL,0,'N18DCDT031',4),(NULL,NULL,NULL,0,'N18DCDT057',4),(NULL,NULL,NULL,0,'N18DCPT007',4),(NULL,NULL,NULL,0,'N18DCPT011',4),(NULL,NULL,NULL,0,'N18DCPT012',4),(NULL,NULL,NULL,0,'N18DCPT016',4),(NULL,NULL,NULL,0,'N18DCPT022',4),(NULL,NULL,NULL,0,'N18DCPT030',4),(NULL,NULL,NULL,0,'N18DCPT035',4),(NULL,NULL,NULL,0,'N18DCPT061',4),(NULL,NULL,NULL,0,'N18DCPT064',4),(NULL,NULL,NULL,0,'N18DCPT067',4),(NULL,NULL,NULL,0,'N18DCPT069',4),(NULL,NULL,NULL,0,'N18DCCN107',5),(NULL,NULL,NULL,0,'N20DCCN086',5),(NULL,NULL,NULL,0,'N21DCCN099',5),(NULL,NULL,NULL,0,'N21DCCN100',5),(NULL,NULL,NULL,0,'N21DCCN101',5),(NULL,NULL,NULL,0,'N21DCCN102',5),(NULL,NULL,NULL,0,'N21DCCN103',5),(NULL,NULL,NULL,0,'N21DCCN104',5),(NULL,NULL,NULL,0,'N21DCCN105',5),(NULL,NULL,NULL,0,'N21DCCN106',5),(NULL,NULL,NULL,0,'N21DCCN107',5),(NULL,NULL,NULL,0,'N21DCCN108',5),(NULL,NULL,NULL,0,'N21DCCN109',5),(NULL,NULL,NULL,0,'N21DCCN110',5),(NULL,NULL,NULL,0,'N21DCCN111',5),(NULL,NULL,NULL,0,'N21DCCN112',5),(NULL,NULL,NULL,0,'N21DCCN115',5),(NULL,NULL,NULL,0,'N21DCCN117',5),(NULL,NULL,NULL,0,'N21DCCN118',5),(NULL,NULL,NULL,0,'N21DCCN119',5),(NULL,NULL,NULL,0,'N21DCCN121',5),(NULL,NULL,NULL,0,'N21DCCN122',5),(NULL,NULL,NULL,0,'N21DCCN123',5),(NULL,NULL,NULL,0,'N21DCCN124',5),(NULL,NULL,NULL,0,'N21DCCN126',5),(NULL,NULL,NULL,0,'N21DCCN127',5),(NULL,NULL,NULL,0,'N21DCCN129',5),(NULL,NULL,NULL,0,'N21DCCN130',5),(NULL,NULL,NULL,0,'N21DCCN131',5),(NULL,NULL,NULL,0,'N21DCCN132',5),(NULL,NULL,NULL,0,'N21DCCN133',5),(NULL,NULL,NULL,0,'N21DCCN134',5),(NULL,NULL,NULL,0,'N21DCCN135',5),(NULL,NULL,NULL,0,'N21DCCN136',5),(NULL,NULL,NULL,0,'N21DCCN138',5),(NULL,NULL,NULL,0,'N21DCCN142',5),(NULL,NULL,NULL,0,'N21DCCN143',5),(NULL,NULL,NULL,0,'N21DCCN144',5),(NULL,NULL,NULL,0,'N21DCCN145',5),(NULL,NULL,NULL,0,'N21DCCN147',5),(NULL,NULL,NULL,0,'N21DCCN148',5),(NULL,NULL,NULL,0,'N21DCCN149',5),(NULL,NULL,NULL,0,'N21DCCN151',5),(NULL,NULL,NULL,0,'N21DCCN152',5),(NULL,NULL,NULL,0,'N21DCCN153',5),(NULL,NULL,NULL,0,'N21DCCN154',5),(NULL,NULL,NULL,0,'N21DCCN156',5),(NULL,NULL,NULL,0,'N21DCCN157',5),(NULL,NULL,NULL,0,'N21DCCN158',5),(NULL,NULL,NULL,0,'N21DCCN159',5),(NULL,NULL,NULL,0,'N21DCCN160',5),(NULL,NULL,NULL,0,'N21DCCN161',5),(NULL,NULL,NULL,0,'N21DCCN162',5),(NULL,NULL,NULL,0,'N21DCCN163',5),(NULL,NULL,NULL,0,'N21DCCN164',5),(NULL,NULL,NULL,0,'N21DCCN165',5),(NULL,NULL,NULL,0,'N21DCCN166',5),(NULL,NULL,NULL,0,'N21DCCN167',5),(NULL,NULL,NULL,0,'N21DCCN169',5),(NULL,NULL,NULL,0,'N21DCCN170',5),(NULL,NULL,NULL,0,'N21DCCN171',5),(NULL,NULL,NULL,0,'N21DCCN172',5),(NULL,NULL,NULL,0,'N21DCCN173',5),(NULL,NULL,NULL,0,'N21DCCN175',5),(NULL,NULL,NULL,0,'N21DCCN177',5),(NULL,NULL,NULL,0,'N21DCCN178',5),(NULL,NULL,NULL,0,'N21DCCN179',5),(NULL,NULL,NULL,0,'N21DCCN180',5),(NULL,NULL,NULL,0,'N21DCCN181',5),(NULL,NULL,NULL,0,'N21DCCN182',5),(NULL,NULL,NULL,0,'N21DCCN184',5),(NULL,NULL,NULL,0,'N21DCCN186',5),(NULL,NULL,NULL,0,'N21DCCN188',5),(NULL,NULL,NULL,0,'N21DCCN189',5),(NULL,NULL,NULL,0,'N21DCCN190',5),(NULL,NULL,NULL,0,'N21DCCN192',5),(NULL,NULL,NULL,0,'N21DCCN193',5),(NULL,NULL,NULL,0,'N16DCCN149',6),(NULL,NULL,NULL,0,'N17DCCN137',6),(NULL,NULL,NULL,0,'N18DCAT083',6),(NULL,NULL,NULL,0,'N18DCCN008',6),(NULL,NULL,NULL,0,'N19DCAT009',6),(NULL,NULL,NULL,0,'N19DCAT022',6),(NULL,NULL,NULL,0,'N21DCDK001',6),(NULL,NULL,NULL,0,'N21DCDK004',6),(NULL,NULL,NULL,0,'N21DCDK005',6),(NULL,NULL,NULL,0,'N21DCDK006',6),(NULL,NULL,NULL,0,'N21DCDK007',6),(NULL,NULL,NULL,0,'N21DCDK008',6),(NULL,NULL,NULL,0,'N21DCDK009',6),(NULL,NULL,NULL,0,'N21DCDK010',6),(NULL,NULL,NULL,0,'N21DCDK013',6),(NULL,NULL,NULL,0,'N21DCDK014',6),(NULL,NULL,NULL,0,'N21DCDK015',6),(NULL,NULL,NULL,0,'N21DCDK016',6),(NULL,NULL,NULL,0,'N21DCDK017',6),(NULL,NULL,NULL,0,'N21DCDK019',6),(NULL,NULL,NULL,0,'N21DCDK023',6),(NULL,NULL,NULL,0,'N21DCDK024',6),(NULL,NULL,NULL,0,'N21DCDK025',6),(NULL,NULL,NULL,0,'N21DCDK026',6),(NULL,NULL,NULL,0,'N21DCDK027',6),(NULL,NULL,NULL,0,'N21DCDK028',6),(NULL,NULL,NULL,0,'N21DCDK030',6),(NULL,NULL,NULL,0,'N21DCDK031',6),(NULL,NULL,NULL,0,'N21DCDK034',6),(NULL,NULL,NULL,0,'N21DCDK036',6),(NULL,NULL,NULL,0,'N21DCDK039',6),(NULL,NULL,NULL,0,'N18DCCN127',7),(NULL,NULL,NULL,0,'N19DCAT004',7),(NULL,NULL,NULL,0,'N19DCCN018',7),(NULL,NULL,NULL,0,'N19DCCN127',7),(NULL,NULL,NULL,0,'N21DCAT001',7),(NULL,NULL,NULL,0,'N21DCAT002',7),(NULL,NULL,NULL,0,'N21DCAT004',7),(NULL,NULL,NULL,0,'N21DCAT005',7),(NULL,NULL,NULL,0,'N21DCAT006',7),(NULL,NULL,NULL,0,'N21DCAT007',7),(NULL,NULL,NULL,0,'N21DCAT008',7),(NULL,NULL,NULL,0,'N21DCAT010',7),(NULL,NULL,NULL,0,'N21DCAT011',7),(NULL,NULL,NULL,0,'N21DCAT013',7),(NULL,NULL,NULL,0,'N21DCAT014',7),(NULL,NULL,NULL,0,'N21DCAT015',7),(NULL,NULL,NULL,0,'N21DCAT017',7),(NULL,NULL,NULL,0,'N21DCAT018',7),(NULL,NULL,NULL,0,'N21DCAT019',7),(NULL,NULL,NULL,0,'N21DCAT020',7),(NULL,NULL,NULL,0,'N21DCAT021',7),(NULL,NULL,NULL,0,'N21DCAT022',7),(NULL,NULL,NULL,0,'N21DCAT024',7),(NULL,NULL,NULL,0,'N21DCAT025',7),(NULL,NULL,NULL,0,'N21DCAT027',7),(NULL,NULL,NULL,0,'N21DCAT028',7),(NULL,NULL,NULL,0,'N21DCAT029',7),(NULL,NULL,NULL,0,'N21DCAT030',7),(NULL,NULL,NULL,0,'N21DCAT031',7),(NULL,NULL,NULL,0,'N21DCAT033',7),(NULL,NULL,NULL,0,'N21DCAT034',7),(NULL,NULL,NULL,0,'N21DCAT035',7),(NULL,NULL,NULL,0,'N21DCAT036',7),(NULL,NULL,NULL,0,'N21DCAT037',7),(NULL,NULL,NULL,0,'N21DCAT038',7),(NULL,NULL,NULL,0,'N21DCAT039',7),(NULL,NULL,NULL,0,'N21DCAT041',7),(NULL,NULL,NULL,0,'N21DCAT042',7),(NULL,NULL,NULL,0,'N21DCAT043',7),(NULL,NULL,NULL,0,'N21DCAT044',7),(NULL,NULL,NULL,0,'N21DCAT045',7),(NULL,NULL,NULL,0,'N21DCAT046',7),(NULL,NULL,NULL,0,'N21DCAT047',7),(NULL,NULL,NULL,0,'N21DCAT049',7),(NULL,NULL,NULL,0,'N21DCAT050',7),(NULL,NULL,NULL,0,'N21DCAT051',7),(NULL,NULL,NULL,0,'N21DCAT052',7),(NULL,NULL,NULL,0,'N21DCAT053',7),(NULL,NULL,NULL,0,'N21DCAT054',7),(NULL,NULL,NULL,0,'N21DCAT055',7),(NULL,NULL,NULL,0,'N21DCAT056',7),(NULL,NULL,NULL,0,'N21DCAT057',7),(NULL,NULL,NULL,0,'N21DCAT058',7),(NULL,NULL,NULL,0,'N21DCAT059',7),(NULL,NULL,NULL,0,'N21DCAT060',7),(NULL,NULL,NULL,0,'N21DCAT061',7),(NULL,NULL,NULL,0,'N21DCAT062',7),(NULL,NULL,NULL,0,'N21DCAT063',7),(NULL,NULL,NULL,0,'N21DCAT067',7),(NULL,NULL,NULL,0,'N19DCAT014',8),(NULL,NULL,NULL,0,'N19DCAT017',8),(NULL,NULL,NULL,0,'N19DCAT024',8),(NULL,NULL,NULL,0,'N19DCCN017',8),(NULL,NULL,NULL,0,'N19DCCN073',8),(NULL,NULL,NULL,0,'N19DCCN146',8),(NULL,NULL,NULL,0,'N20DCCN039',8),(NULL,NULL,NULL,0,'N20DCCN057',8),(NULL,NULL,NULL,0,'N21DCCN002',8),(NULL,NULL,NULL,0,'N21DCCN003',8),(NULL,NULL,NULL,0,'N21DCCN005',8),(NULL,NULL,NULL,0,'N21DCCN006',8),(NULL,NULL,NULL,0,'N21DCCN007',8),(NULL,NULL,NULL,0,'N21DCCN008',8),(NULL,NULL,NULL,0,'N21DCCN010',8),(NULL,NULL,NULL,0,'N21DCCN012',8),(NULL,NULL,NULL,0,'N21DCCN013',8),(NULL,NULL,NULL,0,'N21DCCN015',8),(NULL,NULL,NULL,0,'N21DCCN017',8),(NULL,NULL,NULL,0,'N21DCCN020',8),(NULL,NULL,NULL,0,'N21DCCN021',8),(NULL,NULL,NULL,0,'N21DCCN022',8),(NULL,NULL,NULL,0,'N21DCCN023',8),(NULL,NULL,NULL,0,'N21DCCN026',8),(NULL,NULL,NULL,0,'N21DCCN027',8),(NULL,NULL,NULL,0,'N21DCCN028',8),(NULL,NULL,NULL,0,'N21DCCN030',8),(NULL,NULL,NULL,0,'N21DCCN032',8),(NULL,NULL,NULL,0,'N21DCCN033',8),(NULL,NULL,NULL,0,'N21DCCN034',8),(NULL,NULL,NULL,0,'N21DCCN035',8),(NULL,NULL,NULL,0,'N21DCCN037',8),(NULL,NULL,NULL,0,'N21DCCN038',8),(NULL,NULL,NULL,0,'N21DCCN039',8),(NULL,NULL,NULL,0,'N21DCCN040',8),(NULL,NULL,NULL,0,'N21DCCN042',8),(NULL,NULL,NULL,0,'N21DCCN043',8),(NULL,NULL,NULL,0,'N21DCCN045',8),(NULL,NULL,NULL,0,'N21DCCN047',8),(NULL,NULL,NULL,0,'N21DCCN048',8),(NULL,NULL,NULL,0,'N21DCCN049',8),(NULL,NULL,NULL,0,'N21DCCN050',8),(NULL,NULL,NULL,0,'N21DCCN051',8),(NULL,NULL,NULL,0,'N21DCCN052',8),(NULL,NULL,NULL,0,'N21DCCN053',8),(NULL,NULL,NULL,0,'N21DCCN054',8),(NULL,NULL,NULL,0,'N21DCCN055',8),(NULL,NULL,NULL,0,'N21DCCN057',8),(NULL,NULL,NULL,0,'N21DCCN058',8),(NULL,NULL,NULL,0,'N21DCCN060',8),(NULL,NULL,NULL,0,'N21DCCN062',8),(NULL,NULL,NULL,0,'N21DCCN064',8),(NULL,NULL,NULL,0,'N21DCCN066',8),(NULL,NULL,NULL,0,'N21DCCN067',8),(NULL,NULL,NULL,0,'N21DCCN068',8),(NULL,NULL,NULL,0,'N21DCCN069',8),(NULL,NULL,NULL,0,'N21DCCN070',8),(NULL,NULL,NULL,0,'N21DCCN071',8),(NULL,NULL,NULL,0,'N21DCCN072',8),(NULL,NULL,NULL,0,'N21DCCN074',8),(NULL,NULL,NULL,0,'N21DCCN075',8),(NULL,NULL,NULL,0,'N21DCCN076',8),(NULL,NULL,NULL,0,'N21DCCN077',8),(NULL,NULL,NULL,0,'N21DCCN078',8),(NULL,NULL,NULL,0,'N21DCCN079',8),(NULL,NULL,NULL,0,'N21DCCN081',8),(NULL,NULL,NULL,0,'N21DCCN082',8),(NULL,NULL,NULL,0,'N21DCCN083',8),(NULL,NULL,NULL,0,'N21DCCN084',8),(NULL,NULL,NULL,0,'N21DCCN086',8),(NULL,NULL,NULL,0,'N21DCCN087',8),(NULL,NULL,NULL,0,'N21DCCN088',8),(NULL,NULL,NULL,0,'N21DCCN089',8),(NULL,NULL,NULL,0,'N21DCCN090',8),(NULL,NULL,NULL,0,'N21DCCN092',8),(NULL,NULL,NULL,0,'N21DCCN093',8),(NULL,NULL,NULL,0,'N21DCCN094',8),(NULL,NULL,NULL,0,'N21DCCN095',8),(NULL,NULL,NULL,0,'N21DCCN096',8),(NULL,NULL,NULL,0,'N21DCCN097',8),(NULL,NULL,NULL,0,'N18DCCN094',9),(NULL,NULL,NULL,0,'N18DCCN100',9),(NULL,NULL,NULL,0,'N18DCCN112',9),(NULL,NULL,NULL,0,'N18DCCN134',9),(NULL,NULL,NULL,0,'N19DCPT005',9),(NULL,NULL,NULL,0,'N21DCPT001',9),(NULL,NULL,NULL,0,'N21DCPT002',9),(NULL,NULL,NULL,0,'N21DCPT004',9),(NULL,NULL,NULL,0,'N21DCPT006',9),(NULL,NULL,NULL,0,'N21DCPT007',9),(NULL,NULL,NULL,0,'N21DCPT008',9),(NULL,NULL,NULL,0,'N21DCPT009',9),(NULL,NULL,NULL,0,'N21DCPT010',9),(NULL,NULL,NULL,0,'N21DCPT011',9),(NULL,NULL,NULL,0,'N21DCPT012',9),(NULL,NULL,NULL,0,'N21DCPT013',9),(NULL,NULL,NULL,0,'N21DCPT014',9),(NULL,NULL,NULL,0,'N21DCPT015',9),(NULL,NULL,NULL,0,'N21DCPT016',9),(NULL,NULL,NULL,0,'N21DCPT017',9),(NULL,NULL,NULL,0,'N21DCPT019',9),(NULL,NULL,NULL,0,'N21DCPT020',9),(NULL,NULL,NULL,0,'N21DCPT021',9),(NULL,NULL,NULL,0,'N21DCPT022',9),(NULL,NULL,NULL,0,'N21DCPT023',9),(NULL,NULL,NULL,0,'N21DCPT024',9),(NULL,NULL,NULL,0,'N21DCPT025',9),(NULL,NULL,NULL,0,'N21DCPT026',9),(NULL,NULL,NULL,0,'N21DCPT027',9),(NULL,NULL,NULL,0,'N21DCPT028',9),(NULL,NULL,NULL,0,'N21DCPT032',9),(NULL,NULL,NULL,0,'N21DCPT033',9),(NULL,NULL,NULL,0,'N21DCPT035',9),(NULL,NULL,NULL,0,'N21DCPT037',9),(NULL,NULL,NULL,0,'N21DCPT038',9),(NULL,NULL,NULL,0,'N21DCPT039',9),(NULL,NULL,NULL,0,'N21DCPT040',9),(NULL,NULL,NULL,0,'N21DCPT041',9),(NULL,NULL,NULL,0,'N21DCPT044',9),(NULL,NULL,NULL,0,'N21DCPT045',9),(NULL,NULL,NULL,0,'N21DCPT046',9),(NULL,NULL,NULL,0,'N21DCPT048',9),(NULL,NULL,NULL,0,'N21DCPT049',9),(NULL,NULL,NULL,0,'N21DCPT050',9),(NULL,NULL,NULL,0,'N21DCPT051',9),(NULL,NULL,NULL,0,'N21DCPT052',9),(NULL,NULL,NULL,0,'N21DCPT053',9),(NULL,NULL,NULL,0,'N21DCPT054',9),(NULL,NULL,NULL,0,'N21DCPT056',9),(NULL,NULL,NULL,0,'N21DCPT057',9),(NULL,NULL,NULL,0,'N21DCPT058',9),(NULL,NULL,NULL,0,'N21DCPT059',9),(NULL,NULL,NULL,0,'N21DCPT060',9),(NULL,NULL,NULL,0,'N21DCPT063',9),(NULL,NULL,NULL,0,'N21DCPT064',9),(NULL,NULL,NULL,0,'N21DCPT065',9),(NULL,NULL,NULL,0,'N21DCPT066',9),(NULL,NULL,NULL,0,'N21DCPT067',9),(NULL,NULL,NULL,0,'N21DCPT069',9),(NULL,NULL,NULL,0,'N21DCPT070',9),(NULL,NULL,NULL,0,'N21DCPT072',9),(NULL,NULL,NULL,0,'N21DCPT073',9),(NULL,NULL,NULL,0,'N21DCPT074',9),(NULL,NULL,NULL,0,'N21DCPT075',9),(NULL,NULL,NULL,0,'N21DCPT076',9),(NULL,NULL,NULL,0,'N21DCPT080',9),(NULL,NULL,NULL,0,'N21DCPT081',9),(NULL,NULL,NULL,0,'N21DCPT082',9),(NULL,NULL,NULL,0,'N21DCPT085',9),(NULL,NULL,NULL,0,'N21DCPT086',9),(NULL,NULL,NULL,0,'N21DCPT087',9),(NULL,NULL,NULL,0,'N21DCPT088',9),(NULL,NULL,NULL,0,'N21DCPT089',9),(NULL,NULL,NULL,0,'N21DCPT090',9),(NULL,NULL,NULL,0,'N21DCPT091',9),(NULL,NULL,NULL,0,'N21DCPT092',9),(NULL,NULL,NULL,0,'N21DCPT093',9),(NULL,NULL,NULL,0,'N21DCPT094',9),(NULL,NULL,NULL,0,'N21DCPT095',9),(NULL,NULL,NULL,0,'N21DCPT096',9),(NULL,NULL,NULL,0,'N21DCPT098',9),(NULL,NULL,NULL,0,'N21DCPT099',9),(NULL,NULL,NULL,0,'N21DCPT100',9),(NULL,NULL,NULL,0,'N21DCPT102',9),(NULL,NULL,NULL,0,'N21DTCN003',10),(NULL,NULL,NULL,0,'N21DTCN008',10),(NULL,NULL,NULL,0,'N21DTCN010',10),(NULL,NULL,NULL,0,'N21DTCN015',10),(NULL,NULL,NULL,0,'N21DTCN017',10),(NULL,NULL,NULL,0,'N21DCAT026',11),(NULL,NULL,NULL,0,'N21DCAT065',11),(NULL,NULL,NULL,0,'N21DCCN004',11),(NULL,NULL,NULL,0,'N21DCCN009',11),(NULL,NULL,NULL,0,'N21DCCN018',11),(NULL,NULL,NULL,0,'N21DCCN025',11),(NULL,NULL,NULL,0,'N21DCCN036',11),(NULL,NULL,NULL,0,'N21DCCN046',11),(NULL,NULL,NULL,0,'N21DCCN063',11),(NULL,NULL,NULL,0,'N21DCCN065',11),(NULL,NULL,NULL,0,'N21DCCN080',11),(NULL,NULL,NULL,0,'N21DCCN085',11),(NULL,NULL,NULL,0,'N21DCCN091',11),(NULL,NULL,NULL,0,'N21DCCN098',11),(NULL,NULL,NULL,0,'N21DCCN113',11),(NULL,NULL,NULL,0,'N21DCCN114',11),(NULL,NULL,NULL,0,'N21DCCN120',11),(NULL,NULL,NULL,0,'N21DCCN128',11),(NULL,NULL,NULL,0,'N21DCCN139',11),(NULL,NULL,NULL,0,'N21DCCN140',11),(NULL,NULL,NULL,0,'N21DCCN150',11),(NULL,NULL,NULL,0,'N21DCCN174',11),(NULL,NULL,NULL,0,'N21DCCN176',11),(NULL,NULL,NULL,0,'N21DCCN183',11),(NULL,NULL,NULL,0,'N21DCCN191',11),(NULL,NULL,NULL,0,'N21DCCN194',11),(NULL,NULL,NULL,0,'N21DCDK018',11),(NULL,NULL,NULL,0,'N21DCDK020',11),(NULL,NULL,NULL,0,'N21DCDK022',11),(NULL,NULL,NULL,0,'N21DCVT015',11),(NULL,NULL,NULL,0,'N21DCVT054',11),(NULL,NULL,NULL,0,'N21DCVT059',11),(NULL,NULL,NULL,0,'N21DCVT073',11),(NULL,NULL,NULL,0,'N21DCVT074',11),(NULL,NULL,NULL,0,'N21DCVT075',11),(NULL,NULL,NULL,0,'N21DCVT085',11),(NULL,NULL,NULL,0,'N21DCVT104',11),(NULL,NULL,NULL,0,'N21DCVT105',11),(NULL,NULL,NULL,0,'N21DCVT128',11),(NULL,NULL,NULL,0,'N17DCAT046',12),(NULL,NULL,NULL,0,'N18DCAT079',12),(NULL,NULL,NULL,0,'N18DCAT083',12),(NULL,NULL,NULL,0,'N18DCAT091',12),(NULL,NULL,NULL,0,'N18DCCN009',12),(NULL,NULL,NULL,0,'N18DCCN117',12),(NULL,NULL,NULL,0,'N18DCCN174',12),(NULL,NULL,NULL,0,'N19DCCN025',12),(NULL,NULL,NULL,0,'N19DCCN042',12),(NULL,0,0,0,'N19DCCN158',12),(NULL,NULL,NULL,0,'N19DCCN199',12),(NULL,NULL,NULL,0,'N20DCCN001',12),(NULL,NULL,NULL,0,'N20DCCN002',12),(NULL,NULL,NULL,0,'N20DCCN003',12),(NULL,NULL,NULL,0,'N20DCCN004',12),(NULL,NULL,NULL,0,'N20DCCN005',12),(NULL,NULL,NULL,0,'N20DCCN006',12),(NULL,NULL,NULL,0,'N20DCCN007',12),(NULL,NULL,NULL,0,'N20DCCN008',12),(NULL,NULL,NULL,0,'N20DCCN009',12),(NULL,NULL,NULL,0,'N20DCCN010',12),(NULL,NULL,NULL,0,'N20DCCN011',12),(NULL,NULL,NULL,0,'N20DCCN012',12),(NULL,NULL,NULL,0,'N20DCCN013',12),(NULL,NULL,NULL,0,'N20DCCN014',12),(NULL,NULL,NULL,0,'N20DCCN015',12),(NULL,NULL,NULL,0,'N20DCCN016',12),(NULL,NULL,NULL,0,'N20DCCN017',12),(NULL,NULL,NULL,0,'N20DCCN018',12),(NULL,NULL,NULL,0,'N20DCCN019',12),(NULL,NULL,NULL,0,'N20DCCN020',12),(NULL,NULL,NULL,0,'N20DCCN021',12),(NULL,NULL,NULL,0,'N20DCCN022',12),(NULL,NULL,NULL,0,'N20DCCN023',12),(NULL,NULL,NULL,0,'N20DCCN024',12),(NULL,NULL,NULL,0,'N20DCCN025',12),(NULL,NULL,NULL,0,'N20DCCN026',12),(NULL,NULL,NULL,0,'N20DCCN027',12),(NULL,NULL,NULL,0,'N20DCCN028',12),(NULL,NULL,NULL,0,'N20DCCN029',12),(NULL,NULL,NULL,0,'N20DCCN031',12),(NULL,NULL,NULL,0,'N20DCCN032',12),(NULL,NULL,NULL,0,'N20DCCN033',12),(NULL,NULL,NULL,0,'N20DCCN034',12),(NULL,NULL,NULL,0,'N20DCCN035',12),(NULL,NULL,NULL,0,'N20DCCN036',12),(NULL,NULL,NULL,0,'N20DCCN037',12),(NULL,NULL,NULL,0,'N20DCCN038',12),(NULL,NULL,NULL,0,'N20DCCN040',12),(NULL,NULL,NULL,0,'N20DCCN041',12),(NULL,NULL,NULL,0,'N20DCCN042',12),(NULL,NULL,NULL,0,'N20DCCN043',12),(NULL,NULL,NULL,0,'N20DCCN045',12),(NULL,NULL,NULL,0,'N20DCCN046',12),(NULL,NULL,NULL,0,'N20DCCN047',12),(NULL,NULL,NULL,0,'N20DCCN048',12),(NULL,NULL,NULL,0,'N20DCCN049',12),(NULL,NULL,NULL,0,'N20DCCN050',12),(NULL,NULL,NULL,0,'N20DCCN051',12),(NULL,NULL,NULL,0,'N20DCCN052',12),(NULL,NULL,NULL,0,'N20DCCN053',12),(NULL,NULL,NULL,0,'N20DCCN054',12),(NULL,NULL,NULL,0,'N20DCCN055',12),(NULL,NULL,NULL,0,'N20DCCN056',12),(NULL,NULL,NULL,0,'N20DCCN058',12),(NULL,NULL,NULL,0,'N20DCCN060',12),(NULL,NULL,NULL,0,'N20DCCN061',12),(NULL,NULL,NULL,0,'N20DCCN062',12),(NULL,NULL,NULL,0,'N20DCCN063',12),(NULL,NULL,NULL,0,'N20DCCN064',12),(NULL,NULL,NULL,0,'N20DCCN065',12),(NULL,NULL,NULL,0,'N20DCCN066',12),(NULL,NULL,NULL,0,'N20DCCN067',12),(NULL,NULL,NULL,0,'N20DCCN068',12),(NULL,NULL,NULL,0,'N20DCCN069',12),(NULL,NULL,NULL,0,'N20DCCN070',12),(NULL,NULL,NULL,0,'N20DCCN071',12),(NULL,NULL,NULL,0,'N20DCCN072',12),(NULL,NULL,NULL,0,'N20DCCN073',12),(NULL,NULL,NULL,0,'N20DCCN075',12),(NULL,NULL,NULL,0,'N20DCCN076',12),(NULL,NULL,NULL,0,'N20DCCN077',12),(NULL,NULL,NULL,0,'N20DCCN078',12),(NULL,NULL,NULL,0,'N20DCCN079',12),(NULL,NULL,NULL,0,'N20DCCN080',12),(NULL,NULL,NULL,0,'N20DCCN081',12),(NULL,NULL,NULL,0,'N20DCCN082',12),(NULL,NULL,NULL,0,'N20DCCN083',12),(NULL,NULL,NULL,0,'N20DCCN084',12),(NULL,NULL,NULL,0,'N20DCCN085',12),(NULL,NULL,NULL,0,'N20DCCN087',12),(NULL,NULL,NULL,0,'N20DCCN102',12),(NULL,NULL,NULL,0,'N20DCCN103',12),(NULL,NULL,NULL,0,'N20DCCN125',12),(NULL,NULL,NULL,0,'N20DCCN145',12),(NULL,NULL,NULL,0,'N19DCAT009',13),(NULL,NULL,NULL,0,'N19DCAT022',13),(NULL,NULL,NULL,0,'N19DCCN062',13),(NULL,NULL,NULL,0,'N19DCCN086',13),(NULL,NULL,NULL,0,'N19DCCN110',13),(NULL,NULL,NULL,0,'N19DCCN164',13),(NULL,NULL,NULL,0,'N19DCCN176',13),(NULL,NULL,NULL,0,'N19DCCN182',13),(NULL,NULL,NULL,0,'N19DCCN195',13),(NULL,NULL,NULL,0,'N19DCCN206',13),(NULL,NULL,NULL,0,'N19DCCN222',13),(NULL,NULL,NULL,0,'N20DCCN059',13),(NULL,NULL,NULL,0,'N20DCCN088',13),(NULL,NULL,NULL,0,'N20DCCN089',13),(NULL,2,NULL,0,'N20DCCN090',13),(NULL,NULL,NULL,0,'N20DCCN091',13),(NULL,NULL,NULL,0,'N20DCCN092',13),(NULL,NULL,NULL,0,'N20DCCN093',13),(NULL,NULL,NULL,0,'N20DCCN094',13),(NULL,NULL,NULL,0,'N20DCCN095',13),(NULL,NULL,NULL,0,'N20DCCN096',13),(NULL,NULL,NULL,0,'N20DCCN097',13),(NULL,NULL,NULL,0,'N20DCCN098',13),(NULL,NULL,NULL,0,'N20DCCN099',13),(NULL,NULL,NULL,0,'N20DCCN100',13),(NULL,NULL,NULL,0,'N20DCCN104',13),(NULL,1.6,0.5,0,'N20DCCN105',13),(NULL,NULL,NULL,0,'N20DCCN106',13),(NULL,NULL,NULL,0,'N20DCCN107',13),(NULL,NULL,NULL,0,'N20DCCN108',13),(NULL,NULL,NULL,0,'N20DCCN109',13),(NULL,NULL,NULL,0,'N20DCCN110',13),(NULL,NULL,NULL,0,'N20DCCN111',13),(NULL,NULL,NULL,0,'N20DCCN112',13),(NULL,NULL,NULL,0,'N20DCCN113',13),(NULL,NULL,NULL,0,'N20DCCN114',13),(NULL,NULL,NULL,0,'N20DCCN115',13),(NULL,NULL,NULL,0,'N20DCCN117',13),(NULL,NULL,NULL,0,'N20DCCN118',13),(NULL,NULL,NULL,0,'N20DCCN120',13),(NULL,NULL,NULL,0,'N20DCCN121',13),(NULL,NULL,NULL,0,'N20DCCN122',13),(NULL,NULL,NULL,0,'N20DCCN123',13),(NULL,NULL,NULL,0,'N20DCCN126',13),(NULL,NULL,NULL,0,'N20DCCN127',13),(NULL,NULL,NULL,0,'N20DCCN128',13),(NULL,NULL,NULL,0,'N20DCCN129',13),(NULL,NULL,NULL,0,'N20DCCN130',13),(NULL,NULL,NULL,0,'N20DCCN131',13),(NULL,NULL,NULL,0,'N20DCCN133',13),(NULL,NULL,NULL,0,'N20DCCN134',13),(NULL,NULL,NULL,0,'N20DCCN135',13),(NULL,NULL,NULL,0,'N20DCCN136',13),(NULL,NULL,NULL,0,'N20DCCN137',13),(NULL,NULL,NULL,0,'N20DCCN138',13),(NULL,NULL,NULL,0,'N20DCCN139',13),(NULL,NULL,NULL,0,'N20DCCN140',13),(NULL,NULL,NULL,0,'N20DCCN141',13),(NULL,NULL,NULL,0,'N20DCCN142',13),(NULL,NULL,NULL,0,'N20DCCN143',13),(NULL,NULL,NULL,0,'N20DCCN144',13),(NULL,NULL,NULL,0,'N20DCCN146',13),(NULL,NULL,NULL,0,'N20DCCN147',13),(NULL,NULL,NULL,0,'N20DCCN148',13),(NULL,NULL,NULL,0,'N20DCCN149',13),(NULL,NULL,NULL,0,'N20DCCN150',13),(NULL,NULL,NULL,0,'N20DCCN151',13),(NULL,NULL,NULL,0,'N20DCCN152',13),(NULL,NULL,NULL,0,'N20DCCN153',13),(NULL,NULL,NULL,0,'N20DCCN154',13),(NULL,NULL,NULL,0,'N20DCCN155',13),(NULL,NULL,NULL,0,'N20DCCN156',13),(NULL,NULL,NULL,0,'N20DCCN157',13),(NULL,NULL,NULL,0,'N20DCCN158',13),(NULL,NULL,NULL,0,'N20DCCN159',13),(NULL,NULL,NULL,0,'N20DCCN160',13),(NULL,NULL,NULL,0,'N20DCCN161',13),(NULL,NULL,NULL,0,'N20DCCN162',13),(NULL,NULL,NULL,0,'N20DCCN163',13),(NULL,NULL,NULL,0,'N20DCCN165',13),(NULL,NULL,NULL,0,'N15DCAT024',14),(NULL,NULL,NULL,0,'N15DCAT047',14),(NULL,NULL,NULL,0,'N15DCCN164',14),(NULL,NULL,NULL,0,'N17DCCN060',14),(NULL,NULL,NULL,0,'N15DCCN164',16),(NULL,NULL,NULL,0,'N16DCPT058',16),(NULL,NULL,NULL,0,'N17DCCN060',16),(NULL,NULL,NULL,0,'N17DCCN123',16);
/*!40000 ALTER TABLE `dangky` ENABLE KEYS */;
UNLOCK TABLES;

--
-- Table structure for table `dethi`
--

DROP TABLE IF EXISTS `dethi`;
/*!40101 SET @saved_cs_client     = @@character_set_client */;
/*!50503 SET character_set_client = utf8mb4 */;
CREATE TABLE `dethi` (
  `madethi` int NOT NULL AUTO_INCREMENT,
  `taoluc` datetime(6) NOT NULL,
  `tendethi` varchar(255) NOT NULL,
  `capnhatluc` datetime(6) DEFAULT NULL,
  `dasudung` tinyint(1) DEFAULT '0',
  `macathi` int DEFAULT NULL,
  `mamh` char(12) CHARACTER SET utf8mb3 COLLATE utf8mb3_general_ci DEFAULT NULL,
  `magv` char(10) CHARACTER SET utf8mb3 COLLATE utf8mb3_general_ci DEFAULT NULL,
  `consudung` tinyint(1) DEFAULT '1',
  PRIMARY KEY (`madethi`),
  UNIQUE KEY `UK_f2toy0yqbsela3o2cgy4t47oa` (`tendethi`),
  KEY `FK68g6jhvq6yjo5luw47xun2fk5` (`macathi`),
  KEY `FKc4e109jljbq6n5q790vi0coa0` (`mamh`),
  KEY `FKofs796ml9lb4ebnijci7bu751` (`magv`),
  CONSTRAINT `FK68g6jhvq6yjo5luw47xun2fk5` FOREIGN KEY (`macathi`) REFERENCES `cathi` (`macathi`),
  CONSTRAINT `FKc4e109jljbq6n5q790vi0coa0` FOREIGN KEY (`mamh`) REFERENCES `monhoc` (`mamh`),
  CONSTRAINT `FKofs796ml9lb4ebnijci7bu751` FOREIGN KEY (`magv`) REFERENCES `nguoidung` (`manguoidung`)
) ENGINE=InnoDB AUTO_INCREMENT=22 DEFAULT CHARSET=utf8mb4 COLLATE=utf8mb4_0900_ai_ci;
/*!40101 SET character_set_client = @saved_cs_client */;

--
-- Dumping data for table `dethi`
--

LOCK TABLES `dethi` WRITE;
/*!40000 ALTER TABLE `dethi` DISABLE KEYS */;
INSERT INTO `dethi` VALUES (1,'2022-11-26 17:16:22.379000','Đề thi Lập trình với Python 1669457757134','2022-12-01 22:07:34.344000',1,2,'INT13162','N18DCCN220',1),(9,'2022-12-03 08:51:12.742000','Đề thi Lập trình với Python 1670032242815','2022-12-03 08:51:41.867000',1,3,'INT13162','N18DCCN220',1),(11,'2022-12-03 13:06:27.547000','Đề thi Cấu trúc dữ liệu và giải thuật 1670047574821','2022-12-03 13:07:57.978000',1,5,'INT1306','N18DCCN220',1),(12,'2022-12-03 13:09:42.671000','Đề thi Cấu trúc dữ liệu và giải thuật 1670047748373','2022-12-03 13:10:35.522000',1,6,'INT1306','N18DCCN220',1),(13,'2022-12-03 14:59:09.732000','Đề thi Lập trình với Python 1670054324555','2022-12-03 15:10:48.539000',1,7,'INT13162','N18DCCN220',1),(14,'2022-12-03 15:28:12.626000','Đề thi Lập trình với Python 1670056063193','2022-12-03 15:28:40.363000',1,8,'INT13162','GV-20238',1),(16,'2022-12-03 16:46:57.933000','Đề thi Lập trình với Python 1670060794171','2022-12-03 16:48:51.653000',1,9,'INT13162','N18DCCN220',1),(17,'2022-12-03 16:49:51.561000','Đề thi Lập trình với Python 1670060980627','2022-12-03 16:50:41.121000',1,10,'INT13162','N18DCCN220',1),(18,'2022-12-10 02:09:49.392000','Đề thi Lập trình với Python 1670612966767','2022-12-10 02:10:59.291000',1,11,'INT13162','N18DCCN220',1),(21,'2022-12-10 16:23:55.870000','Đề thi Cấu trúc dữ liệu và giải thuật 1670664226718','2022-12-12 23:05:27.674000',0,NULL,'INT13162','N18DCCN220',0);
/*!40000 ALTER TABLE `dethi` ENABLE KEYS */;
UNLOCK TABLES;

--
-- Table structure for table `dethi_cauhoi`
--

DROP TABLE IF EXISTS `dethi_cauhoi`;
/*!40101 SET @saved_cs_client     = @@character_set_client */;
/*!50503 SET character_set_client = utf8mb4 */;
CREATE TABLE `dethi_cauhoi` (
  `madethi` int NOT NULL,
  `macauhoi` int NOT NULL,
  PRIMARY KEY (`madethi`,`macauhoi`),
  KEY `FKboufsoism44h28w03vvuayk8u` (`macauhoi`),
  CONSTRAINT `FKboufsoism44h28w03vvuayk8u` FOREIGN KEY (`macauhoi`) REFERENCES `cauhoi` (`macauhoi`),
  CONSTRAINT `FKoux7mtifundfv6k60545bmkx0` FOREIGN KEY (`madethi`) REFERENCES `dethi` (`madethi`)
) ENGINE=InnoDB DEFAULT CHARSET=utf8mb4 COLLATE=utf8mb4_0900_ai_ci;
/*!40101 SET character_set_client = @saved_cs_client */;

--
-- Dumping data for table `dethi_cauhoi`
--

LOCK TABLES `dethi_cauhoi` WRITE;
/*!40000 ALTER TABLE `dethi_cauhoi` DISABLE KEYS */;
INSERT INTO `dethi_cauhoi` VALUES (1,1),(16,1),(17,1),(1,2),(13,2),(17,2),(1,3),(17,3),(13,4),(16,4),(17,4),(1,5),(17,5),(1,6),(13,6),(16,6),(17,6),(13,7),(16,7),(17,7),(13,8),(1,9),(13,9),(16,9),(17,9),(13,10),(16,10),(17,10),(1,11),(13,11),(13,12),(16,12),(17,12),(21,12),(1,13),(13,13),(16,13),(17,13),(14,14),(16,14),(17,14),(18,14),(1,15),(13,15),(14,15),(16,15),(17,15),(18,15),(16,16),(17,16),(1,17),(13,17),(16,17),(13,18),(16,18),(13,19),(1,20),(13,20),(16,20),(17,20),(1,21),(13,21),(16,21),(17,21),(1,22),(13,22),(16,22),(17,22),(1,23),(13,23),(17,23),(9,24),(13,24),(14,24),(16,24),(1,25),(9,25),(13,25),(14,25),(16,25),(9,26),(13,26),(14,26),(16,26),(17,26),(1,27),(13,27),(17,27),(21,27),(9,28),(16,28),(18,28),(1,29),(9,29),(13,29),(16,29),(17,29),(18,29),(21,29),(1,31),(9,31),(13,31),(16,31),(17,31),(18,31),(21,31),(1,32),(9,32),(16,32),(17,32),(18,32),(21,32),(1,33),(9,33),(16,33),(17,33),(18,33),(9,34),(14,34),(16,34),(17,34),(9,35),(13,35),(18,35),(11,41),(12,41);
/*!40000 ALTER TABLE `dethi_cauhoi` ENABLE KEYS */;
UNLOCK TABLES;

--
-- Table structure for table `loptinchi`
--

DROP TABLE IF EXISTS `loptinchi`;
/*!40101 SET @saved_cs_client     = @@character_set_client */;
/*!50503 SET character_set_client = utf8mb4 */;
CREATE TABLE `loptinchi` (
  `maltc` int NOT NULL AUTO_INCREMENT,
  `nhom` smallint NOT NULL,
  `nienkhoa` char(9) CHARACTER SET utf8mb3 COLLATE utf8mb3_general_ci NOT NULL,
  `hocky` smallint NOT NULL,
  `huylop` tinyint(1) DEFAULT '0',
  `mamh` char(12) CHARACTER SET utf8mb3 COLLATE utf8mb3_general_ci NOT NULL,
  `magv` char(10) CHARACTER SET utf8mb3 COLLATE utf8mb3_general_ci NOT NULL,
  PRIMARY KEY (`maltc`),
  UNIQUE KEY `UKcl8y4b2r43bhixc27bevf9j29` (`nienkhoa`,`hocky`,`mamh`,`nhom`),
  KEY `FK37xe7n8agfnal22rw5ftil1i1` (`mamh`),
  KEY `FKrrn4s6ae4pbntq2fd4x7lje84` (`magv`),
  CONSTRAINT `FK37xe7n8agfnal22rw5ftil1i1` FOREIGN KEY (`mamh`) REFERENCES `monhoc` (`mamh`),
  CONSTRAINT `FKrrn4s6ae4pbntq2fd4x7lje84` FOREIGN KEY (`magv`) REFERENCES `nguoidung` (`manguoidung`)
) ENGINE=InnoDB AUTO_INCREMENT=17 DEFAULT CHARSET=utf8mb4 COLLATE=utf8mb4_0900_ai_ci;
/*!40101 SET character_set_client = @saved_cs_client */;

--
-- Dumping data for table `loptinchi`
--

LOCK TABLES `loptinchi` WRITE;
/*!40000 ALTER TABLE `loptinchi` DISABLE KEYS */;
INSERT INTO `loptinchi` VALUES (1,5,'2022-2023',1,0,'INT1332','211,017'),(2,1,'2022-2023',1,0,'INT1332','GV-20214'),(3,6,'2022-2023',1,0,'INT1332','GV-20228'),(4,1,'2022-2023',2,0,'INT1306','211,120'),(5,5,'2022-2023',1,0,'INT1339','GV-20238'),(6,6,'2022-2023',1,0,'INT1339','GV-20282'),(7,1,'2022-2023',1,0,'INT1339','GV-20214'),(8,4,'2022-2023',1,0,'INT1339','GV-20237'),(9,7,'2022-2023',1,0,'INT1339','GV-20214'),(10,8,'2022-2023',1,0,'INT1339','GV-20237'),(11,1,'2022-2023',2,0,'INT1306_CLC','211,120'),(12,1,'2022-2023',1,0,'INT13162','211,017'),(13,2,'2022-2023',1,0,'INT13162','211,017'),(14,1,'2022-2023',2,1,'TEST','211,017'),(15,7,'2022-2023',1,0,'TEST','211,017'),(16,8,'2022-2023',1,0,'TEST','GV-20214');
/*!40000 ALTER TABLE `loptinchi` ENABLE KEYS */;
UNLOCK TABLES;

--
-- Table structure for table `luachon`
--

DROP TABLE IF EXISTS `luachon`;
/*!40101 SET @saved_cs_client     = @@character_set_client */;
/*!50503 SET character_set_client = utf8mb4 */;
CREATE TABLE `luachon` (
  `id` int NOT NULL AUTO_INCREMENT,
  `noidung` text NOT NULL,
  `ladapan` tinyint(1) DEFAULT '0',
  `thutu` char(3) CHARACTER SET utf8mb3 COLLATE utf8mb3_general_ci DEFAULT NULL,
  `macauhoi` int NOT NULL,
  PRIMARY KEY (`id`),
  KEY `FK1l11ljg8kbtypcfrwdwn1n018` (`macauhoi`),
  CONSTRAINT `FK1l11ljg8kbtypcfrwdwn1n018` FOREIGN KEY (`macauhoi`) REFERENCES `cauhoi` (`macauhoi`)
) ENGINE=InnoDB AUTO_INCREMENT=181 DEFAULT CHARSET=utf8mb4 COLLATE=utf8mb4_0900_ai_ci;
/*!40101 SET character_set_client = @saved_cs_client */;

--
-- Dumping data for table `luachon`
--

LOCK TABLES `luachon` WRITE;
/*!40000 ALTER TABLE `luachon` DISABLE KEYS */;
INSERT INTO `luachon` VALUES (1,'Trong nhóm không tồn tại ba người là bạn của nhau hoặc là kẻ thù của nhau.',1,'A',1),(2,'Trong nhóm có ba người là bạn của nhau hoặc là kẻ thù của nhau.',0,'B',1),(3,'Có ba người là thù của nhau',0,'C',1),(4,'Có ba người là bạn của nhau',0,'D',1),(5,'Nk',0,'A',2),(6,'n! / k!(n-k)!',0,'B',2),(7,'n!/(n-k)!',1,'C',2),(8,'n!',0,'D',2),(9,'n!/(n-k)!',0,'A',3),(10,'n! / k!(n-k)!',0,'B',3),(11,'Nk',0,'C',3),(12,'n!',1,'D',3),(13,'n!',0,'A',4),(14,'Nk',0,'B',4),(15,'n!/(n-k)!',0,'C',4),(16,'C(n+r-1,r)',1,'D',4),(17,'Trực tiếp',1,'A',5),(18,'Gián tiếp',0,'B',5),(19,'Phản chứng',0,'C',5),(20,'Quy nạp',0,'D',5),(21,'Phản chứng',1,'A',6),(22,'Quy nạp',0,'B',6),(23,'Gián tiếp',0,'C',6),(24,'Trực tiếp',0,'D',6),(25,'f= a.b + d',1,'A',7),(26,'f = (a+b).d',0,'B',7),(27,'f = a.b + d',0,'C',7),(28,'f = b.c +d',0,'D',7),(29,'Bước phân tích và bước thay thế ngược lại',1,'A',8),(30,'Bước tính toán và phân tích',0,'B',8),(31,'Bước thay thế ngược lại và phân tích',0,'C',8),(32,'Bước phân tích và bước tính toán',0,'D',8),(33,'Xác định được phần cơ sở và phần đệ quy ',1,'A',9),(34,'Xác định được phần cơ sở và phần truy hồi',0,'B',9),(35,'Xác định được phần suy biến và phần quy nạp',0,'C',9),(36,'Xác định được phần dừng và phần lặp vô hạn',0,'D',9),(37,'200.0',0,'A',10),(38,'300.0',1,'B',10),(39,'100.0',0,'C',10),(40,'0.0',0,'D',10),(41,'250.0',0,'A',11),(42,'160.0',1,'B',11),(43,'200.0',0,'C',11),(44,'300.0',0,'D',11),(45,'Trong nhóm không tồn tại ba người là bạn của nhau hoặc là kẻ thù của nhau.',0,'A',12),(46,'Trong nhóm có ba người là bạn của nhau hoặc là kẻ thù của nhau.',1,'B',12),(47,'Có ba người là thù của nhau',0,'C',12),(48,'Có ba người là bạn của nhau',0,'D',12),(49,'(nk)',1,'A',13),(50,'(n-k)!',0,'B',13),(51,'(kn)',0,'C',13),(52,'(n! / k!)',0,'D',13),(53,'2 3 1 4 5 6 7 8 9',0,'A',14),(54,'2 1 4 3 5 6 7 8 9',0,'B',14),(55,'2 1 3 4 5 6 7 9 8',1,'C',14),(56,'3 1 2 4 5 6 7 8 9',0,'D',14),(57,'C(n,r) = C(n+r-1,r)',0,'A',15),(58,'C(n,r) = C(n, r-1)',0,'B',15),(59,'C(n,r) = C(n,n-r)',1,'C',15),(60,'C(n,r) = C(n-r,r)',0,'D',15),(61,'Là một dãy các bước mỗi bước mô tả các thao tác được thực hiên để giải quyết bài toán',0,'A',16),(62,'Là một dãy vô hạn các bước mỗi bước mô tả các thao tác được thực hiên để giải quyết bài toán ban đầu.',0,'B',16),(63,'Là một dãy hữu hạn các bước, mỗi bước mô tả chính sách các phép toán hoặc hành động cần thực hiện để giải quyết một vấn đề.',1,'C',16),(64,'Là một dãy tuần tự các bước được thực hiên để giải quyết bài toán',0,'D',16),(65,'Nhập, xuất, tính xác định, tính hữu hạn, tính hiệu quả, tính đúng đắn',0,'A',17),(66,'Nhập, xuất, tính xác định, tính hiệu quả, tính tổng quát, tính đúng đắn',0,'B',17),(67,'Nhập, xuất, tính xác định, tính hữu hạn, tính hiệu quả, tính tổng quát, tính đúng đắn.',1,'C',17),(68,'Xuất, tính xác định, tính hữu hạn, tính hiệu quả, tính tổng quát, tính đúng đắn',0,'D',17),(69,'Dùng ngôn ngữ tự nhiên, dùng ngôn ngữ lập trình, viết chương trình',0,'A',18),(70,'Dùng sơ đồ khối, dùng ngôn ngữ lập trình, viết chương trình',0,'B',18),(71,'Dùng ngôn ngữ tự nhiên, dùng ngôn ngữ lập trình, dùng mã nhị phân',0,'C',18),(72,'Dùng ngôn ngữ tự nhiên, dùng sơ đồ khối, dùng giả mã',1,'D',18),(73,'Đưa ra một công thức cho lời giải bài toán',0,'A',19),(74,'Chỉ ra nghiệm tốt nhất theo một nghĩa nào đó của bài toán.',0,'B',19),(75,'Đưa ra danh sách tất cả các cấu hình tổ hợp có thể có.',1,'C',19),(76,'Chỉ ra một nghiệm hoặc chứng minh bài toán không có nghiệm',0,'D',19),(77,'Không duyệt các cấu hình không thuộc tập các cấu hình',0,'A',20),(78,'Không bỏ xót và không lặp lại bất kì một cấu hình nào',1,'B',20),(79,'Không bỏ xót một cấu hình nào',0,'C',20),(80,'Không duyệt lại các cấu hình đã duyệt',0,'D',20),(81,'Định nghĩa đối tượng thông qua chính nó.',1,'A',21),(82,'Định nghĩa đối tượng thông qua các đối tượng trừu tượng',0,'B',21),(83,'Định nghĩa đối tượng thông qua các đối tượng đã xác định',0,'C',21),(84,'Định nghĩa đối tượng thông qua các đối tượng khác',0,'D',21),(85,'Xây dựng toàn bộ các thành phần của cấu hình bằng cách thử tất cả các khả năng',0,'A',22),(86,'Xây dựng dần các thành phần của cấu hình bằng cách thử tất cả các khả năng.',1,'B',22),(87,'Xây dựng mỗi thành phần của cấu hình bằng cách thử tất cả các khả năng',0,'C',22),(88,'Xây dựng bất kì thành phần nào của cấu hình bằng cách thử tất cả các khả năng',0,'D',22),(89,'Giải quyết bài toán bằng cách chia nhỏ bài toán ban đầu tới các bài toán cơ sở',0,'A',23),(90,'Giải quyết bài toán bằng cách rút gọn liên tiếp bài toán ban đầu tới bài toán cũng như vậy nhưng có dữ liệu đầu vào nhỏ hơn.',0,'B',23),(91,'Giải quyết bài toán bằng cách rút gọn liên tiếp bài toán ban đầu tới bài toán cũng như vậy nhưng có dữ liệu đầu vào nhỏ hơn.',1,'C',23),(92,'Giải quyết bài toán bằng cách rút gọn liên tiếp bài toán ban đầu tới bài toán cũng như vậy nhưng có dữ liệu đầu vào bằng một nửa.',0,'D',23),(93,'Phần dễ giải quyết và phần khó giải quyết',0,'A',24),(94,'Phần cơ sở và phần đệ quy',1,'B',24),(95,'Phần cơ sở và phần quy nạp',0,'C',24),(96,'Phần hữu hạn và phần quy nạp',0,'D',24),(97,'Nếu A và B là hai tập hợp rời nhau thì: N( A+B )= N(A) + N(B)',0,'A',25),(98,'Nếu A và B là hai tập hợp thì: N(A . B ) = N(A).N(B)',0,'B',25),(99,'Nếu A và B là hai tập hợp thì: N(A+B)= N(A) + N(B) – N(A+B)',1,'C',25),(100,'Nếu có N đồ vật được đặt vào K hộp thì sẽ tồn tại một hộp chứa ít nhất đồ vật.',0,'D',25),(101,'Nếu có N đồ vật được đặt vào K hộp thì sẽ tồn tại một hộp chứa ít nhất đồ vật.',0,'A',26),(102,'Nếu A và B là hai tập hợp rời nhau thì: N( A+B )= N(A) + N(B)',1,'B',26),(103,'Nếu A và B là hai tập hợp thì: N(A+B)= N(A) + N(B) – N(A+B)',0,'C',26),(104,'Nếu A và B là hai tập hợp thì: N(A.B ) = N(A).N(B)',0,'D',26),(105,'Nếu A và B là hai tập hợp thì: N(A . B) = N(A).N(B)',1,'A',27),(106,'Nếu A và B là hai tập hợp thì: N(A+B)= N(A) + N(B) – N(A+B)',0,'B',27),(107,'Nếu A và B là hai tập hợp rời nhau thì: N( A+B )= N(A) + N(B)',0,'C',27),(108,'Nếu có N đồ vật được đặt vào K hộp thì sẽ tồn tại một hộp chứa ít nhất đồ vật.',0,'D',27),(109,'Là một bộ không kể thứ tự gồm k thành phần khác nhau lấy từ n phần tử đã cho.',0,'A',28),(110,'Là bộ có thứ tự gồm k thành phần lấy ra từ n phần tử đã cho. Các phần tử không được lặp lại.',0,'B',28),(111,'Là một cách xếp có thứ tự n phần tử đó thành một dãy.',1,'C',28),(112,'Là bộ có thứ tự gồm k thành phần lấy từ n phần tử của tập đã cho.',0,'D',28),(113,'Là một bộ không kể thứ tự gồm k thành phần khác nhau lấy từ n phần tử đã cho.',0,'A',29),(114,'Là bộ có thứ tự gồm k thành phần lấy từ n phần tử của tập đã cho.',0,'B',29),(115,'Là bộ có thứ tự gồm k phần tử khác nhau lấy ra từ n phần tử đã cho. Các phần tử không được lặp lại.',1,'C',29),(116,'Là một cách xếp có thứ tự n phần tử đó.',0,'D',29),(121,'Là một cách xếp có thứ tự n phần tử đó',0,'A',31),(122,'Là một bộ không kể thứ tự gồm k thành phần khác nhau lấy từ n phần tử đã cho.',1,'B',31),(123,'Là bộ có thứ tự gồm k thành phần lấy từ n phần tử của tập đã cho',0,'C',31),(124,'Là bộ có thứ tự gồm k thành phần lấy ra từ n phần tử đã cho. Các phần tử không được lặp lại.',0,'D',31),(125,'n!',0,'A',32),(126,'n! / k!(n-k)!',0,'B',32),(127,'Nk',1,'C',32),(128,'n!/(n-k)!',0,'D',32),(129,'Câu trả lơi đáp án điền',1,'A',33),(130,'Là một cách xếp có thứ tự n phần tử đó',1,'A',34),(131,'Là một bộ không kể thứ tự gồm k thành phần khác nhau lấy từ n phần tử đã cho.',0,'B',34),(132,'Là bộ có thứ tự gồm k thành phần lấy từ n phần tử của tập đã cho',1,'C',34),(133,'Là bộ có thứ tự gồm k thành phần lấy ra từ n phần tử đã cho. Các phần tử không được lặp lại.',1,'D',34),(134,'Nk',0,'E',34),(135,'Là bộ có thứ tự gồm k thành phần lấy ra từ n phần tử đã cho. Các phần tử không được lặp lại.',0,'A',35),(136,'Là bộ có thứ tự gồm k thành phần lấy từ n phần tử của tập đã cho.',1,'B',35),(137,'Là một bộ không kể thứ tự gồm k thành phần khác nhau lấy từ n phần tử đã cho.',0,'C',35),(138,'Là một cách xếp có thứ tự n phần tử đó.',0,'D',35),(154,'Đáp án 1',1,'A',41),(155,'Đáp án 2',0,'B',41),(156,'Đáp án 3',0,'C',41),(158,'Hello 123',1,'D',41),(159,'đáp án 1',1,'A',42),(160,'đáp án 2',1,'B',42),(161,'đáp án 3',0,'C',42),(166,'cau tra loi A',0,'A',44),(167,'cau tra loi B',0,'B',44),(168,'cau tra loi C',0,'C',44),(169,'cau tra loi D',1,'D',44),(170,'dap an dien khuyết',1,NULL,45);
/*!40000 ALTER TABLE `luachon` ENABLE KEYS */;
UNLOCK TABLES;

--
-- Table structure for table `monhoc`
--

DROP TABLE IF EXISTS `monhoc`;
/*!40101 SET @saved_cs_client     = @@character_set_client */;
/*!50503 SET character_set_client = utf8mb4 */;
CREATE TABLE `monhoc` (
  `mamh` char(12) CHARACTER SET utf8mb3 COLLATE utf8mb3_general_ci NOT NULL,
  `tenmh` varchar(50) CHARACTER SET utf8mb3 COLLATE utf8mb3_general_ci NOT NULL,
  `sotiet_th` smallint NOT NULL,
  `sotiet_lt` smallint NOT NULL,
  PRIMARY KEY (`mamh`)
) ENGINE=InnoDB DEFAULT CHARSET=utf8mb4 COLLATE=utf8mb4_0900_ai_ci;
/*!40101 SET character_set_client = @saved_cs_client */;

--
-- Dumping data for table `monhoc`
--

LOCK TABLES `monhoc` WRITE;
/*!40000 ALTER TABLE `monhoc` DISABLE KEYS */;
INSERT INTO `monhoc` VALUES ('INT1306','Cấu trúc dữ liệu và giải thuật',25,20),('INT1306_CLC','Cấu trúc dữ liệu và giải thuật',10,35),('INT13162','Lập trình với Python',11,34),('INT1332','Lập trình hướng đối tượng',10,35),('INT1339','Ngôn ngữ lập trình C++',10,35),('TEST','test',20,10);
/*!40000 ALTER TABLE `monhoc` ENABLE KEYS */;
UNLOCK TABLES;

--
-- Table structure for table `nguoidung`
--

DROP TABLE IF EXISTS `nguoidung`;
/*!40101 SET @saved_cs_client     = @@character_set_client */;
/*!50503 SET character_set_client = utf8mb4 */;
CREATE TABLE `nguoidung` (
  `manguoidung` char(10) CHARACTER SET utf8mb3 COLLATE utf8mb3_general_ci NOT NULL,
  `diachi` varchar(255) CHARACTER SET utf8mb3 COLLATE utf8mb3_general_ci DEFAULT NULL,
  `anhdaidien` varchar(255) DEFAULT NULL,
  `ngaysinh` date NOT NULL,
  `email` varchar(255) NOT NULL,
  `ten` varchar(100) CHARACTER SET utf8mb3 COLLATE utf8mb3_general_ci NOT NULL,
  `ho` varchar(100) CHARACTER SET utf8mb3 COLLATE utf8mb3_general_ci NOT NULL,
  `matkhau` varchar(255) NOT NULL,
  `madoimatkhau` int DEFAULT NULL,
  `thoihandoimatkhau` datetime(6) DEFAULT NULL,
  `gioitinh` varchar(10) NOT NULL,
  `hoatdong` tinyint(1) DEFAULT '0',
  PRIMARY KEY (`manguoidung`),
  UNIQUE KEY `UK_fypgm4q7hwro4gipdmwew5f33` (`email`)
) ENGINE=InnoDB DEFAULT CHARSET=utf8mb4 COLLATE=utf8mb4_0900_ai_ci;
/*!40101 SET character_set_client = @saved_cs_client */;

--
-- Dumping data for table `nguoidung`
--

LOCK TABLES `nguoidung` WRITE;
/*!40000 ALTER TABLE `nguoidung` DISABLE KEYS */;
INSERT INTO `nguoidung` VALUES ('211,017',NULL,NULL,'2000-01-01','211,017@teacher.ptithcm.edu.vn','Hải','Nguyễn Thị Tuyết','$2a$10$FkQoTK2S1jxFnUC6UG4XuuFQyV7dFmBEt0S7GfGNh2vqPGePhFkk6',NULL,NULL,'MALE',1),('211,120',NULL,NULL,'2000-01-01','211,120@teacher.ptithcm.edu.vn','Thư','Lưu Nguyễn Kỳ','$2a$10$SlxGLo66y7N96t2d17nX0uSroXdhr34qMyz9nlaf2OJtGm1mubmQy',NULL,NULL,'MALE',1),('GV-20214',NULL,NULL,'2000-01-01','gv-20214@teacher.ptithcm.edu.vn','Nguyên','Nguyễn Thị Bích','$2a$10$6e938YBliC0Ah3de9rtS7O8LvFHBYLMhSQrVgUNV0QMDTldp7c.zC',NULL,NULL,'MALE',1),('GV-20228',NULL,NULL,'2000-01-01','gv-20228@teacher.ptithcm.edu.vn','Hiếu','Nguyễn Trung','$2a$10$7WZeEWzCVXrJmR9EztK7ieoV.jaqtrG2/yt2KFP8fyQrmDATEpAxK',NULL,NULL,'MALE',1),('GV-20237',NULL,NULL,'2000-01-01','gv-20237@teacher.ptithcm.edu.vn','Thành','Nguyễn Hoàng','$2a$10$9dqIiMTtQ.6I0XAdMAQKgehzgdzAhQqfRm1xn8z1cXrrAOSndnmgq',NULL,NULL,'MALE',1),('GV-20238',NULL,NULL,'2000-01-01','gv-20238@teacher.ptithcm.edu.vn','Hiệp','Phan Nghĩa','$2a$10$Opye7PNJnodzCxK4Cck0.OtNNeNlHG8.4BcrlBUhk0tr2KPOi95ey',NULL,NULL,'MALE',1),('GV-20282',NULL,NULL,'2000-01-01','gv-20282@teacher.ptithcm.edu.vn','Minh','Hồ Nhựt','$2a$10$BSUmtnwKbTpuoAs4NZDtquOuwGMj6aYxX1MVQ8DkOqjqiGb/20fmK',NULL,NULL,'MALE',1),('N15DCAT024',NULL,NULL,'2000-01-01','n15dcat024@student.ptithcm.edu.vn','Đạt','Phạm Ngọc','$2a$10$e2K6XUtokVtMbiyUVU7ExOp6T/dbSMg80WwPQ.GhqOXCunT6mR2EK',NULL,NULL,'MALE',1),('N15DCAT047',NULL,NULL,'2000-01-01','n15dcat047@student.ptithcm.edu.vn','Hưng','Trần Phú','$2a$10$9M56dyHhn6Zl7YRcXi7Oy.KCh36hXyuNCKgQ2OddilQRO7coLv/S6',NULL,NULL,'MALE',1),('N15DCCN164',NULL,NULL,'2000-01-01','n15dccn164@student.ptithcm.edu.vn','Cường','Nguyễn Quốc','$2a$10$mD1GvsvjIxfg0vPddlfM8OP4DDy/7jIdVGm5nw8E7ynCL8rI7G0K2',NULL,NULL,'MALE',1),('N16DCCN111',NULL,NULL,'2000-01-01','n16dccn111@student.ptithcm.edu.vn','Nhật','Nguyễn Đông','$2a$10$gX.OwU/da8wG3MogzMktw.vSs.2lNA40S9dLJivEoodtgR4uS2kxW',NULL,NULL,'MALE',1),('N16DCCN149',NULL,NULL,'2000-01-01','n16dccn149@student.ptithcm.edu.vn','Thái','Giang Quốc','$2a$10$lVBj9Kk2FPlUTKyNyqCkweUtjWRr8vZ4URuKNUoYFmX9D47wO/JPm',NULL,NULL,'MALE',1),('N16DCDT026',NULL,NULL,'2000-01-01','n16dcdt026@student.ptithcm.edu.vn','Đức','Lê Hồng','$2a$10$6idQeqhbobgvpIpHtxhAC.F9wIQcMKVCYD/h.eVUAN0vBspLoFpL2',NULL,NULL,'MALE',1),('N16DCPT058',NULL,NULL,'2000-01-01','n16dcpt058@student.ptithcm.edu.vn','Quỳnh','Đinh Hoàng','$2a$10$APjZvA/mgmHqoDog7xR4SOoamhqXAGGGMlX3dtkAUexntTu7iCEIa',NULL,NULL,'MALE',1),('N17DCAT046',NULL,NULL,'2000-01-01','n17dcat046@student.ptithcm.edu.vn','My','Trần Huỳnh Hoàng','$2a$10$IGJPhLJCcAAqDSLqWmQ1eu78Wj3bqFZ6PbClNOuCRmBiq.g51Xg5O',NULL,NULL,'MALE',1),('N17DCAT057',NULL,NULL,'2000-01-01','n17dcat057@student.ptithcm.edu.vn','Tài','Lê Vĩnh Đức','$2a$10$PtTPccvj//IZfk6V5gYJQunTEj7mkjpMr8ybp6CbBAoIFzYS7CHsK',NULL,NULL,'MALE',1),('N17DCAT077',NULL,NULL,'2000-01-01','n17dcat077@student.ptithcm.edu.vn','Việt','Nguyễn Quốc','$2a$10$GgiNUB6ytMWfLO0MJtCBR.HcRvgFvuxJJ0wDM.DykZRXmu13oRpx6',NULL,NULL,'MALE',1),('N17DCCN003',NULL,NULL,'2000-01-01','n17dccn003@student.ptithcm.edu.vn','Anh','Hà Thị Mai','$2a$10$5B8d2yofspmCue00TUba5.cWWq41DCSc2wzQM9ceOHkicoQmCOGQ6',NULL,NULL,'MALE',1),('N17DCCN060',NULL,NULL,'2000-01-01','n17dccn060@student.ptithcm.edu.vn','Huy','Trịnh Võ Quốc','$2a$10$JMCOXzEILuaBu/.mHluhvOHdiiWymhg/UAD8t1BxVyNSXjfvzFaHa',NULL,NULL,'MALE',1),('N17DCCN086',NULL,NULL,'2000-01-01','n17dccn086@student.ptithcm.edu.vn','Lộc','Phan Thiên','$2a$10$0HHQhlItIjLl0FJEK3HwS.I18l4X3Vfd3a0KbaqhOuK1Z8hg7jHW2',NULL,NULL,'MALE',1),('N17DCCN093',NULL,NULL,'2000-01-01','n17dccn093@student.ptithcm.edu.vn','Minh','Cổ Hoàng','$2a$10$/l0qOGUHbTX2ejw1FxkBpuEdEwv/xFXTDMrED6v.PscpR3eIOVFAq',NULL,NULL,'MALE',1),('N17DCCN122',NULL,NULL,'2000-01-01','n17dccn122@student.ptithcm.edu.vn','Phát','Lê Thành','$2a$10$UFEDp8uNYv5G/jnsHxatQediKdQ9ehLedXgiPfpbu53uayv/VY.u.',NULL,NULL,'MALE',1),('N17DCCN123',NULL,NULL,'2000-01-01','n17dccn123@student.ptithcm.edu.vn','Phát','Nguyễn Kim','$2a$10$PrDOCLzbz6qO/W1CrODXXOXK4vM.4auAdX9mfyoClX.Rk0ZV8jRR2',NULL,NULL,'MALE',1),('N17DCCN137',NULL,NULL,'2000-01-01','n17dccn137@student.ptithcm.edu.vn','Quân','Đồng Nguyễn Anh','$2a$10$EHuiSnxu2luSotRhXYDIDe0TnhoxginWwDJEU90mWB6qJCyxoCQEe',NULL,NULL,'MALE',1),('N17DCCN149',NULL,NULL,'2000-01-01','n17dccn149@student.ptithcm.edu.vn','Tâm','Trần Vũ Hoàng','$2a$10$F4NbvctjkACrEoP9Oe4xO.p6qLPcNGVf9aAZJfADdJnZew/zq0f1S',NULL,NULL,'MALE',1),('N17DCCN192',NULL,NULL,'2000-01-01','n17dccn192@student.ptithcm.edu.vn','Quốc','Đồng Phúc','$2a$10$sqbUZ8WjspKG2aHjlV8OSuuqEsr2G1AbLSpBztEHRKkBj/IIyAjSy',NULL,NULL,'MALE',1),('N17DCDT055',NULL,NULL,'2000-01-01','n17dcdt055@student.ptithcm.edu.vn','Nhân','Cao Thanh','$2a$10$4XHSIjWH330UQBYtOIOaw.0Ol6Ujr0lK2irPsHi8/Gyi1UIZ8SIB2',NULL,NULL,'MALE',1),('N17DCDT056',NULL,NULL,'2000-01-01','n17dcdt056@student.ptithcm.edu.vn','Nhân','Nguyễn Danh','$2a$10$XgjgljS3gw5MZoo9LZwzzeGXNFKl8DOZG0xww32slcnOYRdKQhpBq',NULL,NULL,'MALE',1),('N17DCDT070',NULL,NULL,'2000-01-01','n17dcdt070@student.ptithcm.edu.vn','Tiến','Lại Minh','$2a$10$zNVLAhEZj7gnd/qB9W.veOXGqNsvF0lebRHyKmGzpUofAkh7XTOGG',NULL,NULL,'MALE',1),('N17DCPT013',NULL,NULL,'2000-01-01','n17dcpt013@student.ptithcm.edu.vn','Hiệp','Nguyễn Ngọc','$2a$10$gbjRr4lnIpxs01BEIkjow.7W0wE.Zcq1o8zyTlxuLN6WUrCjfoeme',NULL,NULL,'MALE',1),('N18DCAT011',NULL,NULL,'2000-01-01','n18dcat011@student.ptithcm.edu.vn','Chuẩn','Đoàn Ngọc','$2a$10$tA3Y9nmh5Hj58tBBVrwiVuBHEM1Rcosu4lBk/PsasEV1V392vapba',NULL,NULL,'MALE',1),('N18DCAT062',NULL,NULL,'2000-01-01','n18dcat062@student.ptithcm.edu.vn','Quang','Lê Nhựt','$2a$10$s2YThGnmr4Dj0aeqrn2lJOXjaCUnAI0CVPxxxvGPoFpRtNIW.Iuqu',NULL,NULL,'MALE',1),('N18DCAT079',NULL,NULL,'2000-01-01','n18dcat079@student.ptithcm.edu.vn','Tuấn','Đỗ Anh','$2a$10$cI.HY6oAOIvGpoB4yG7N4.jgq.kfive3h1bYmEryDMWqLXRwZvIee',NULL,NULL,'MALE',1),('N18DCAT083',NULL,NULL,'2000-01-01','n18dcat083@student.ptithcm.edu.vn','Thành','Nguyễn Văn','$2a$10$Cmc6x..Eh9tcFM7o7YlcPeOYmvSwo75/SJMVPcEnADI7gb.Hlr2R.',NULL,NULL,'MALE',1),('N18DCAT091',NULL,NULL,'2000-01-01','n18dcat091@student.ptithcm.edu.vn','Tranh','Võ Thị Hoa','$2a$10$oEyuVRUrP3kvnuAqWi.qkOlCY9sOqkUgMjPhLvk2BblEoJ.vfemOW',NULL,NULL,'MALE',1),('N18DCCN003',NULL,NULL,'2000-01-01','n18dccn003@student.ptithcm.edu.vn','Anh','Đặng Tuấn','$2a$10$yHygdkxIH56vPokbX4FuT.8yRj0fS6fg3QCOEuXE1UfOgK8dm.Soa',NULL,NULL,'MALE',1),('N18DCCN008',NULL,NULL,'2000-01-01','n18dccn008@student.ptithcm.edu.vn','Anh','Trần Bá Tiến','$2a$10$rze8CfsS9xW19c3UaRHazu7PGOQh4tnEdN/vVr3kdYrsgp3kpozgG',NULL,NULL,'MALE',1),('N18DCCN009',NULL,NULL,'2000-01-01','n18dccn009@student.ptithcm.edu.vn','Anh','Trần Nhật','$2a$10$l.TxIZEp1uqcwbKDznhN9eixXOSvzpHoTV0w7w1HgD2mU0NNzlEBe',NULL,NULL,'MALE',1),('N18DCCN012',NULL,NULL,'2000-01-01','n18dccn012@student.ptithcm.edu.vn','Bảo','Lương Thái','$2a$10$XeuQxA06f50Dl4CmzLm4Q.v6tBia6BvJsEAZUAs3ypG9YM7c91dWq',NULL,NULL,'MALE',1),('N18DCCN050',NULL,NULL,'2000-01-01','n18dccn050@student.ptithcm.edu.vn','Đức','Vũ Tấn','$2a$10$Z1pLxiGMNsN3RqFYDiYGwu8M0Sg02lO8OF3CtT.X9CbIBUcIgsO0.',NULL,NULL,'MALE',1),('N18DCCN051',NULL,NULL,'2000-01-01','n18dccn051@student.ptithcm.edu.vn','Giáp','Nguyễn Huy','$2a$10$mRApKA9dk2/uXuCUVSgds.GQbD2uuRlr0akHRxJVHkZE/98Ag4B5e',NULL,NULL,'MALE',1),('N18DCCN084',NULL,NULL,'2000-01-01','n18dccn084@student.ptithcm.edu.vn','Huỳnh','Nguyễn','$2a$10$a2HCrk0nc699mquCZ6ZL3e9KqI9YbmqAynWf0.3jYfA.D/W.C52BK',NULL,NULL,'MALE',1),('N18DCCN094',NULL,NULL,'2000-01-01','n18dccn094@student.ptithcm.edu.vn','Khang','Nguyễn Viết','$2a$10$BRWkKuiV/JeHrLdT8IpdYO.M1WwOFQybVg0ZoP7K6tCytUa/hq6A6',NULL,NULL,'MALE',1),('N18DCCN095',NULL,NULL,'2000-01-01','n18dccn095@student.ptithcm.edu.vn','Khánh','Đào Quốc','$2a$10$xMKbfiI.C0uWRk6fNh0VCuUkAjSYvzkYBMhf6my0WcWzNwb/kgaDK',NULL,NULL,'MALE',1),('N18DCCN100',NULL,NULL,'2000-01-01','n18dccn100@student.ptithcm.edu.vn','Khánh','Vũ Hồ Huy','$2a$10$0YfPYqdywJzqAHbyFy/mnO4HVK1YFZk5LBLfk/BvHice2M/IeKtL6',NULL,NULL,'MALE',1),('N18DCCN107',NULL,NULL,'2000-01-01','n18dccn107@student.ptithcm.edu.vn','Long','Lê Phi','$2a$10$mxI6OV6w.cAx/RqDyEb2QeFmMBJCrt.RGz9kuXZjvmEAdA33Ucoxi',NULL,NULL,'MALE',1),('N18DCCN112',NULL,NULL,'2000-01-01','n18dccn112@student.ptithcm.edu.vn','Long','Phan Đình Hoàng','$2a$10$UMq6tcU9GPUbU7iIuz1wi.8TCiN82AnzF8wF3x8TJ.xkeVVybjoPm',NULL,NULL,'MALE',1),('N18DCCN117',NULL,NULL,'2000-01-01','n18dccn117@student.ptithcm.edu.vn','Lộc','Lê Quang','$2a$10$iIunsXQxeKWWAA/knodd9OwwqMt6lc0BeVW/CUXSf2QpWP07aAACy',NULL,NULL,'MALE',1),('N18DCCN127',NULL,NULL,'2000-01-01','n18dccn127@student.ptithcm.edu.vn','Mỹ','Lê Đình','$2a$10$SjA.rWPQJkbYWwyQ20buGuR0hf44wM4bQ2ncgMAoNKLbh2e4TyAKa',NULL,NULL,'MALE',1),('N18DCCN134',NULL,NULL,'2000-01-01','n18dccn134@student.ptithcm.edu.vn','Nguyên','Trung Đỗ','$2a$10$1e.AYw7dq8WC8RFTHtXNeOUJkuz0EpMO/k5vns49GGJcagNODY4UG',NULL,NULL,'MALE',1),('N18DCCN135',NULL,NULL,'2000-01-01','n18dccn135@student.ptithcm.edu.vn','Nhanh','Nguyễn Phước','$2a$10$MurQVSGEANK3hBnET8UmYuKt4QGcQ/o/JTSHt/Nubfi6fGEm1TDba',NULL,NULL,'MALE',1),('N18DCCN152',NULL,NULL,'2000-01-01','n18dccn152@student.ptithcm.edu.vn','Phú','Võ Vĩnh','$2a$10$EAQ3mWihL4kDAcInh5wsjOnwOkS4PgUu6yveZjwzH9tNm5GzBr4f2',NULL,NULL,'MALE',1),('N18DCCN168',NULL,NULL,'2000-01-01','n18dccn168@student.ptithcm.edu.vn','Quý','Phan Quang','$2a$10$GGWEEy9k5ravQWymbQCyIOliXMNktAVRwQy5ObbSG2KRUZCuQ8LF2',NULL,NULL,'MALE',1),('N18DCCN174',NULL,NULL,'2000-01-01','n18dccn174@student.ptithcm.edu.vn','Sang','Trần Ngọc','$2a$10$1hTOEZL68pssy34zH3UNaeY7FtqZY4E0YPJd2Lpd7prDodxqhzjNe',NULL,NULL,'MALE',1),('N18DCCN185',NULL,NULL,'2000-01-01','n18dccn185@student.ptithcm.edu.vn','Tấn','Lê Quốc','$2a$10$zH2uh0VbWZZSc7r.BRvtFOPt0Gri/NkBQwlqI7PZ27h3vVxcOfVIi',NULL,NULL,'MALE',1),('N18DCCN188',NULL,NULL,'2000-01-01','n18dccn188@student.ptithcm.edu.vn','Tín','Nguyễn Chí','$2a$10$8004ZS6pvmUOvMZJI0iCyetlQCWxPJ3oPsB4fzWoRJhuydH.Tv7Tm',NULL,NULL,'MALE',1),('N18DCCN194',NULL,NULL,'2000-01-01','n18dccn194@student.ptithcm.edu.vn','Tú','Trần Anh','$2a$10$M5r.OdmxENy4KY0ky405aeOPKLyqu7r1.3uf2vU9hDUh7nawgscXS',NULL,NULL,'MALE',1),('N18DCCN220','Lâm Đồng',NULL,'2000-05-22','N18DCCN220@gmail.com','Thuận','Lê','$2a$10$olWgI3yIffNZbX84Si88JeO81g5OOlDKJlPTZyKMIqjkpq28R/mzW',NULL,NULL,'MALE',1),('N18DCCN250',NULL,NULL,'2000-01-01','n18dccn250@student.ptithcm.edu.vn','Xanh','MLô Y','$2a$10$SCRmj0U6b6F1aJp4AT4t9uITYS/NTtqfszZNyVNdtQi/XsOrGO/fW',NULL,NULL,'MALE',1),('N18DCCN300','',NULL,'2000-11-27','thuan@gmail.com','thuan','le','$2a$10$jEMfoNgKXSBXXdR7V1X25epqzkgz7bYCnScKhuqzM1UJt.gKudJUu',NULL,NULL,'MALE',1),('N18DCCN301','Hải Phòng 321',NULL,'2000-12-17','meaningful@gmail.com','Something','Meaningful','$2a$10$It.8Gy0rfnX97/rFNdppiuIcR7dsz90Jlmuja/lhctvsW2o5YCTKK',NULL,NULL,'MALE',1),('N18DCDT031',NULL,NULL,'2000-01-01','n18dcdt031@student.ptithcm.edu.vn','Lộc','Nguyễn Văn','$2a$10$eCogztupAGciqe5bsqD7.ulbZAu6x57vj.ZlFLKhRQEzFIIhDIFk.',NULL,NULL,'MALE',1),('N18DCDT057',NULL,NULL,'2000-01-01','n18dcdt057@student.ptithcm.edu.vn','Thương','Phạm Ngọc','$2a$10$CDH8zShgiH5riPbkXTetvulZPRlWFEtF9tROAB8m2qLpmmpeda2ku',NULL,NULL,'MALE',1),('N18DCPT007',NULL,NULL,'2000-01-01','n18dcpt007@student.ptithcm.edu.vn','Bình','Lê Quốc','$2a$10$T/6C9QxNbmG1Fx8T6l3lF.O3BxMSJ0a3NVGIcLrDypIyVO2wvoH1q',NULL,NULL,'MALE',1),('N18DCPT011',NULL,NULL,'2000-01-01','n18dcpt011@student.ptithcm.edu.vn','Chiêu','Lê Anh','$2a$10$Y.WcldUZmHN7gpNQbGcF.uUzjaJxst90dLcrFSgPJna0W9Ui67ysW',NULL,NULL,'MALE',1),('N18DCPT012',NULL,NULL,'2000-01-01','n18dcpt012@student.ptithcm.edu.vn','Diễm','Trương Hồng Thúy','$2a$10$/q712bIqlNtZCxJUlonfOe4lQIi0gKDTuTHJLHlP7IVcGVvFDJFda',NULL,NULL,'MALE',1),('N18DCPT016',NULL,NULL,'2000-01-01','n18dcpt016@student.ptithcm.edu.vn','Hà','Nguyễn Diệu','$2a$10$LkUZ4pdMDW8nPlmP5yIbN.2zhASbddFzUmwaGN95VQH3kD0HyB6da',NULL,NULL,'MALE',1),('N18DCPT022',NULL,NULL,'2000-01-01','n18dcpt022@student.ptithcm.edu.vn','Hiếu','Nguyễn Dương','$2a$10$t9gwNHqzEQCcb3hdLv8PoOty4vgouuxDalcsDOeraefLO/6ioz0yu',NULL,NULL,'MALE',1),('N18DCPT030',NULL,NULL,'2000-01-01','n18dcpt030@student.ptithcm.edu.vn','Khánh','Phạm Võ Gia','$2a$10$O5vY5vsz8KWISzVUsrdbs..HHLAIV/RTFkEzTem2Aot6LrvksitZ2',NULL,NULL,'MALE',1),('N18DCPT035',NULL,NULL,'2000-01-01','n18dcpt035@student.ptithcm.edu.vn','Lộc','Huỳnh Kiều Tấn','$2a$10$xyrb73vp6bDiZ6BDFTmNeu/.plGRX4XZreQjaBHyme/5Sfj7/FDmy',NULL,NULL,'MALE',1),('N18DCPT061',NULL,NULL,'2000-01-01','n18dcpt061@student.ptithcm.edu.vn','Tuấn','Hoàng Minh','$2a$10$0eRp5PNJKFQtl.RGnyHpnuQSdJnoI/C53XLI9x99qo33//CfpEnGi',NULL,NULL,'MALE',1),('N18DCPT064',NULL,NULL,'2000-01-01','n18dcpt064@student.ptithcm.edu.vn','Thái','Lê Sỹ','$2a$10$pDTVKXwLK9nu2oKC1qmZou7pPf/jsDa0THYlUrtR7PZDoqFQMHQrW',NULL,NULL,'MALE',1),('N18DCPT067',NULL,NULL,'2000-01-01','n18dcpt067@student.ptithcm.edu.vn','Thiện','Đặng Ngọc','$2a$10$D.2.r8xB5wFko1VOCfP7O.opbH1PtThShNYTBc0Iy4KqGEsF0wYBO',NULL,NULL,'MALE',1),('N18DCPT069',NULL,NULL,'2000-01-01','n18dcpt069@student.ptithcm.edu.vn','Thư','Nguyễn Thị Anh','$2a$10$pB3EOGDFu7PupA9TiBZjPOuHy4NGmxqURBkaWXCW/r7MXs5WHiePS',NULL,NULL,'MALE',1),('N19DCAT003',NULL,NULL,'2000-01-01','n19dcat003@student.ptithcm.edu.vn','Anh','Nguyễn Thị Bảo','$2a$10$dR0PZZPwT4W630xQ9jBkR.C6y5V4KffpWvy9ELlmVnVY1PeqWNBpS',NULL,NULL,'MALE',1),('N19DCAT004',NULL,NULL,'2000-01-01','n19dcat004@student.ptithcm.edu.vn','Bảo','Huỳnh Nhật Huy','$2a$10$cQwmw.pNowmx521vD1izWuj4pewLgpedbX41twiZuj9hxicMgeWUq',NULL,NULL,'MALE',1),('N19DCAT009',NULL,NULL,'2000-01-01','n19dcat009@student.ptithcm.edu.vn','Cường','Phạm Mạnh','$2a$10$HhEMBUWNQGgOElfA7Wpki.G0pqHtpcFOoaMeZYFbD6rb3f3UASvcO',NULL,NULL,'MALE',1),('N19DCAT010',NULL,NULL,'2000-01-01','n19dcat010@student.ptithcm.edu.vn','Chiến','Trần Đình','$2a$10$ZyGxJrLfztPUaeOTN70pheIMPr.ay8GBe6tO/vigQofnlV1oThWpy',NULL,NULL,'MALE',1),('N19DCAT011',NULL,NULL,'2000-01-01','n19dcat011@student.ptithcm.edu.vn','Chính','Nguyễn Quang','$2a$10$YLZEnvGN5eHAUX4n7SJlEuD9ejPKJ7rdgLVsWPfJC/GnmYapyKOUy',NULL,NULL,'MALE',1),('N19DCAT013',NULL,NULL,'2000-01-01','n19dcat013@student.ptithcm.edu.vn','Dũng','Trần Anh','$2a$10$Zac8tHKFJEUqHJwwVX994eaSqOlU1XcZzQhq/kO33Q3JSGkrTi0Je',NULL,NULL,'MALE',1),('N19DCAT014',NULL,NULL,'2000-01-01','n19dcat014@student.ptithcm.edu.vn','Duy','Nguyễn Thế','$2a$10$LR2Te9STgqFMGXxLm3Lel.G/1d5HnOKfh3C36bE0.k0wm4kDZIPu2',NULL,NULL,'MALE',1),('N19DCAT015',NULL,NULL,'2000-01-01','n19dcat015@student.ptithcm.edu.vn','Duyên','Lê Ngọc Kim','$2a$10$MpvTjqXmI6mDYIY004Uc4u2o96.REzroRDdJHLUiJxKIiuAmU52PO',NULL,NULL,'MALE',1),('N19DCAT016',NULL,NULL,'2000-01-01','n19dcat016@student.ptithcm.edu.vn','Đạt','Võ Tiến','$2a$10$H7hn8PIaQO.5llqqFWmvHOgFUpy.5LQiSXqF17KkW5rrDCOahscai',NULL,NULL,'MALE',1),('N19DCAT017',NULL,NULL,'2000-01-01','n19dcat017@student.ptithcm.edu.vn','Đức','Lê Minh','$2a$10$jkmgBPIvYFp6zSNzzZ4JyezIQkm3A2ib8XkF/avIAfw5UwkYfM1uW',NULL,NULL,'MALE',1),('N19DCAT019',NULL,NULL,'2000-01-01','n19dcat019@student.ptithcm.edu.vn','Giang','Đặng Trường','$2a$10$Pffmhw6qniMq8sXgqiJN5u.pj1b3BMe427XQVfvU4t4x70v2zMqiu',NULL,NULL,'MALE',1),('N19DCAT022',NULL,NULL,'2000-01-01','n19dcat022@student.ptithcm.edu.vn','Hiền','Nguyễn Văn','$2a$10$H4Vq21EqKw9zAGaAda8HS.vQggZ2g877OWraS.nsdH7J0ufgkG2EG',NULL,NULL,'MALE',1),('N19DCAT023',NULL,NULL,'2000-01-01','n19dcat023@student.ptithcm.edu.vn','Hiền','Phạm Thị','$2a$10$mavQgjYBo/wmaENQ/ZXRieAj/gPtpUHN2zjzW/Kg0u05yOPtIjnju',NULL,NULL,'MALE',1),('N19DCAT024',NULL,NULL,'2000-01-01','n19dcat024@student.ptithcm.edu.vn','Hiếu','Lê Minh','$2a$10$qcHCIieGcLEI1BL9KjC5.eMCBE3MO5bOkuxhsNbhJJuoo/UiFXw0u',NULL,NULL,'MALE',1),('N19DCAT031',NULL,NULL,'2000-01-01','n19dcat031@student.ptithcm.edu.vn','Hoàng','Nguyễn Trọng','$2a$10$koPuT/6z9pKdm9DL2vrPrO1uMi9ltVOObYYPVP/KOOgwGYvGzb5qa',NULL,NULL,'MALE',1),('N19DCAT037',NULL,NULL,'2000-01-01','n19dcat037@student.ptithcm.edu.vn','Huy','Nguyễn Quốc','$2a$10$wAiqeC1ygnSs..dUcJb5iO3y1aAirytwH.Vtl4g0wfijK/wVJFFhe',NULL,NULL,'MALE',1),('N19DCAT042',NULL,NULL,'2000-01-01','n19dcat042@student.ptithcm.edu.vn','Khánh','Đào Duy','$2a$10$FxH2otz9LOEEh50BumyX/.mTj7lC.WR4xrpU1hlhrcNT7sg7mWS3S',NULL,NULL,'MALE',1),('N19DCAT044',NULL,NULL,'2000-01-01','n19dcat044@student.ptithcm.edu.vn','Liêm','Nguyễn Thanh','$2a$10$Z1CTBDxhYQUyVSpcr.xpguSxjCbU8k94Z6j4dCuk3GeyAAMnBydsG',NULL,NULL,'MALE',1),('N19DCAT047',NULL,NULL,'2000-01-01','n19dcat047@student.ptithcm.edu.vn','Luân','Trương Đinh Kim','$2a$10$YF28nmvhENeL0RZLOABCYe5hcjQUW38Wlq9dh0SDUvFmv5Hc1u.cC',NULL,NULL,'MALE',1),('N19DCAT052',NULL,NULL,'2000-01-01','n19dcat052@student.ptithcm.edu.vn','Minh','Trần Tú','$2a$10$mO5gdnzZEqubrvhN27zqIOJhgX69r2svC7Xj2Eym3gjDkrTz8nXLe',NULL,NULL,'MALE',1),('N19DCAT054',NULL,NULL,'2000-01-01','n19dcat054@student.ptithcm.edu.vn','Nghĩa','Nguyễn Hoàng Đại','$2a$10$RZIX5ZOWpOF0sNYqxgG2xui3zsMjY955Ym93dmbZi9aNSriW6pavG',NULL,NULL,'MALE',1),('N19DCAT058',NULL,NULL,'2000-01-01','n19dcat058@student.ptithcm.edu.vn','Nhi','Phan Thị Nguyệt','$2a$10$tOk0jYOsKzbakOB7Q2NuYOwMMsk3A3yqAhl25O0NgpHsKdAqy11bS',NULL,NULL,'MALE',1),('N19DCAT059',NULL,NULL,'2000-01-01','n19dcat059@student.ptithcm.edu.vn','Phan','Ngô Hoàng','$2a$10$oVeUt8OruC963sDf5tfQcuRc9ywRtCfNHUA2fscJzq8Tm9RN.EU.q',NULL,NULL,'MALE',1),('N19DCAT063',NULL,NULL,'2000-01-01','n19dcat063@student.ptithcm.edu.vn','Quang','Phạm Minh','$2a$10$eUcYNPw6i0U4lEADRt7waOjZM.5eAEs4Gb4R0I5j4b7WFa25JaW..',NULL,NULL,'MALE',1),('N19DCAT066',NULL,NULL,'2000-01-01','n19dcat066@student.ptithcm.edu.vn','Sương','Dương Thị Mỹ','$2a$10$x65D9z7M.WE8/xWpa9v1iuvtV5sjS8ouK7sf6NyiKhj9OjTBFcULO',NULL,NULL,'MALE',1),('N19DCAT081',NULL,NULL,'2000-01-01','n19dcat081@student.ptithcm.edu.vn','Thắng','Huỳnh Đức','$2a$10$40fG5HPKUpZSOtNB8lHQyu40d7F22UYZ3KbceVNgeRdXDZbJueYhW',NULL,NULL,'MALE',1),('N19DCAT084',NULL,NULL,'2000-01-01','n19dcat084@student.ptithcm.edu.vn','Thịnh','Trần Đức','$2a$10$yXV.vCoC0qLeHPy30C1kMuEVWc9wT26rwPtUkQwMX2j/XDkbZCbaW',NULL,NULL,'MALE',1),('N19DCAT090',NULL,NULL,'2000-01-01','n19dcat090@student.ptithcm.edu.vn','Trang','Nguyễn Thị Kiều','$2a$10$w2oWsnTTxi9FZIuS8hG7QeAw.vGF2HbOOO8UkQiOK10w4ryuspS9q',NULL,NULL,'MALE',1),('N19DCAT092',NULL,NULL,'2000-01-01','n19dcat092@student.ptithcm.edu.vn','Trí','Võ Quốc','$2a$10$i.5tMz/5xmTuXTm2.9QirOSjRL1iYTB43m/WjJOEWwdDyBLydRQFq',NULL,NULL,'MALE',1),('N19DCAT093',NULL,NULL,'2000-01-01','n19dcat093@student.ptithcm.edu.vn','Trình','Trần Đặng Khánh','$2a$10$S3aICJ8bCTMSJSwwjzMkfOjP5rfgplNYuWqEMqKLu3cQEx3.L56RO',NULL,NULL,'MALE',1),('N19DCAT095',NULL,NULL,'2000-01-01','n19dcat095@student.ptithcm.edu.vn','Vi','Phạm Thị Thùy','$2a$10$Fn0e59XdNnAhMrFfj6M.leq9A6XvABDvYxspUbQwn/WuHhAJG1eTS',NULL,NULL,'MALE',1),('N19DCAT097',NULL,NULL,'2000-01-01','n19dcat097@student.ptithcm.edu.vn','Vinh','Nguyễn Quang','$2a$10$vav29hNiGmmhctg9bz2xuOJMeo516mZ0XQ8NijRfIHMFn91aCC6by',NULL,NULL,'MALE',1),('N19DCCN017',NULL,NULL,'2000-01-01','n19dccn017@student.ptithcm.edu.vn','Bảo','Trần Nguyễn Gia','$2a$10$kLCkR5QM5Fxi9lV7ZPIgx.i4.0mFdViSD7WKti/LZYcMJuxBPeap6',NULL,NULL,'MALE',1),('N19DCCN018',NULL,NULL,'2000-01-01','n19dccn018@student.ptithcm.edu.vn','Bắc','Nguyễn Đăng','$2a$10$uf5t4iNrWehmFzzBmwRwA.MeVyc9lXzyt6e5rvooSeY4LN47Qjqpy',NULL,NULL,'MALE',1),('N19DCCN025',NULL,NULL,'2000-01-01','n19dccn025@student.ptithcm.edu.vn','Chương','Nguyễn Thanh','$2a$10$eLk/7C0YZlPJfPY7YOTDpeWIXExBvqD/igzmijHJyCKsRpdR.maV2',NULL,NULL,'MALE',1),('N19DCCN042',NULL,NULL,'2000-01-01','n19dccn042@student.ptithcm.edu.vn','Giang','Đồng Nguyễn Bút','$2a$10$Zi7s6X6WnA37/kS2mlA3JuXmK/r/.Inc.KA2ihOE8LBV6NHMdasum',NULL,NULL,'MALE',1),('N19DCCN058',NULL,NULL,'2000-01-01','n19dccn058@student.ptithcm.edu.vn','Hiếu','Nguyễn Văn','$2a$10$zqioWnxinNX8ELX8WXtZnuPV0BicVqC094i7OpUFGVY7uC9Zs4EdK',NULL,NULL,'MALE',1),('N19DCCN062',NULL,NULL,'2000-01-01','n19dccn062@student.ptithcm.edu.vn','Hoài','Nguyễn Huy','$2a$10$DW1FImoNy2bX4I1MdfCRi.6/xtYJhhVj3QCQqMcTOOLRXIy/8OPPC',NULL,NULL,'MALE',1),('N19DCCN073',NULL,NULL,'2000-01-01','n19dccn073@student.ptithcm.edu.vn','Huy','Đặng Quang','$2a$10$yrHm21ueVw2hg41FloWR1.yfVCGPQfG6luSOcX9t9ihDUaZ9eNZSi',NULL,NULL,'MALE',1),('N19DCCN083',NULL,NULL,'2000-01-01','n19dccn083@student.ptithcm.edu.vn','Kỳ','Nguyễn Tất','$2a$10$e.5xvp/k9c22Cs7gp3ziCegWn.fS4SG3aOiQXv7QDU9Ipal/u3aHq',NULL,NULL,'MALE',1),('N19DCCN086',NULL,NULL,'2000-01-01','n19dccn086@student.ptithcm.edu.vn','Khang','Nguyễn Minh','$2a$10$/jzpr0Rx5O5oDGohlaZ3Eez4fcbXSbVGFpGHCidIzj9wBf61aapdW',NULL,NULL,'MALE',1),('N19DCCN097',NULL,NULL,'2000-01-01','n19dccn097@student.ptithcm.edu.vn','Linh','Nguyễn Thị Mỹ','$2a$10$AzazikCy.vgps5AZNy98led33ocB.rpJhFqPSTHmA65Zjg89moq7O',NULL,NULL,'MALE',1),('N19DCCN102',NULL,NULL,'2000-01-01','n19dccn102@student.ptithcm.edu.vn','Lợi','Mai Văn','$2a$10$fcOI6//LvkAsPdvq5pWqYuy2k9Apn04gxw0mdybHfWCaa86N03e96',NULL,NULL,'MALE',1),('N19DCCN110',NULL,NULL,'2000-01-01','n19dccn110@student.ptithcm.edu.vn','Minh','Nguyễn Nhật','$2a$10$xsZye5iPRkc.j9m2CKvzvOZHS2qm5QlOnF/0/iGp0XJ6v9CnjfpuO',NULL,NULL,'MALE',1),('N19DCCN127',NULL,NULL,'2000-01-01','n19dccn127@student.ptithcm.edu.vn','Nhật','Huỳnh Lê Thanh','$2a$10$UzJna1aq5nyiuDDTcQKaouBq31K8oOi3VRLDZQ31WXMWPZFAsYXqS',NULL,NULL,'MALE',1),('N19DCCN139',NULL,NULL,'2000-01-01','n19dccn139@student.ptithcm.edu.vn','Phong','Phùng Tín','$2a$10$j50BFHVJx16Xs4f3lpoQRO3NyuCEzun5ZjoHLopr96gWtZP6y8Byq',NULL,NULL,'MALE',1),('N19DCCN146',NULL,NULL,'2000-01-01','n19dccn146@student.ptithcm.edu.vn','Phước','Trần Minh','$2a$10$UUio6.E8Gw48DKkrvEoh..6a41EAIWyl3t44UmOAPQCp60IoAxTEO',NULL,NULL,'MALE',1),('N19DCCN158',NULL,NULL,'2000-01-01','n19dccn158@student.ptithcm.edu.vn','Sơn','Bùi Thanh','$2a$10$F4EDcKyne3.YFUaF1QbfA.WiU1oFPOfl9gtysC30W06MVN18GEEH.',NULL,NULL,'MALE',1),('N19DCCN164',NULL,NULL,'2000-01-01','n19dccn164@student.ptithcm.edu.vn','Tài','Nguyễn Tiến','$2a$10$K80Pm/qCTkCD2ByqFRFhDO1Z2iM1OOZTxRNcsahkwyq7vaajkKVp.',NULL,NULL,'MALE',1),('N19DCCN176',NULL,NULL,'2000-01-01','n19dccn176@student.ptithcm.edu.vn','Tuấn','Giang Mạnh','$2a$10$9ehhsGT5jz1fsi17YCujROeIUAF1cZ6cv5m0AuAEXeKj8skZixLCi',NULL,NULL,'MALE',1),('N19DCCN182',NULL,NULL,'2000-01-01','n19dccn182@student.ptithcm.edu.vn','Tuyền','Đỗ Văn','$2a$10$gxuppuoWiPWi6Qs3.Ofb7.FmFXsllMUO4vVVus5ij6we.6JCC2tIK',NULL,NULL,'MALE',1),('N19DCCN187',NULL,NULL,'2000-01-01','n19dccn187@student.ptithcm.edu.vn','Thái','Hà Nam','$2a$10$r7qcXv6eaJDzw83LjDeCnORk.IZz9QzIfRr3oak9RWl6H.RozgwAu',NULL,NULL,'MALE',1),('N19DCCN195',NULL,NULL,'2000-01-01','n19dccn195@student.ptithcm.edu.vn','Thiên','Lê Quốc','$2a$10$a5ZF2POWqtFWuXeCMSORPePMAVwVzzdZBkT4wEI7U7oM00anpnVi.',NULL,NULL,'MALE',1),('N19DCCN199',NULL,NULL,'2000-01-01','n19dccn199@student.ptithcm.edu.vn','Thõa','Nguyễn Thị Thanh','$2a$10$LaRNJSTIFimFv7kh3GdtB.FxMDDmPFf7uQMUVScg1AknEezq5skle',NULL,NULL,'MALE',1),('N19DCCN206',NULL,NULL,'2000-01-01','n19dccn206@student.ptithcm.edu.vn','Thường','Nguyễn Xuân','$2a$10$P2QH4oW//OsuMSswvJ9PouChtHYlFXpR2QX.DWqDsOJ3rPid4mHTu',NULL,NULL,'MALE',1),('N19DCCN222',NULL,NULL,'2000-01-01','n19dccn222@student.ptithcm.edu.vn','Trưởng','Trần Hữu','$2a$10$vrH4Aw6/URn5l5kn.C7lduiE1b9J53co.UecUOXlwCsaCzxT5btaO',NULL,NULL,'MALE',1),('N19DCPT005',NULL,NULL,'2000-01-01','n19dcpt005@student.ptithcm.edu.vn','Cam','Trần Thị','$2a$10$F/O3BIitqAdHUnBn4jHK9uPSRhAvcNqSLf95cQ1qbp0oATMuscEMq',NULL,NULL,'MALE',1),('N20DCAT001',NULL,NULL,'2000-01-01','n20dcat001@student.ptithcm.edu.vn','An','Huỳnh Thúy','$2a$10$1ucx69QDFwvDdx4hj4jbjuudTy3Z1bYZhEdhTmDT/dr4WbMXSg.ii',NULL,NULL,'MALE',1),('N20DCAT002',NULL,NULL,'2000-01-01','n20dcat002@student.ptithcm.edu.vn','An','Vương Hữu','$2a$10$yMo3GPU1hXr1ZiZhSsRaJeyesfjr5ay69pcH7YZcwS2rweNsI6eR.',NULL,NULL,'MALE',1),('N20DCAT003',NULL,NULL,'2000-01-01','n20dcat003@student.ptithcm.edu.vn','Anh','Vũ Hoàng Vân','$2a$10$1fdHI6rz.y1f3NLhzUXYw.XquSqe8zsn90ag436LPtb.9nI.skDyC',NULL,NULL,'MALE',1),('N20DCAT004',NULL,NULL,'2000-01-01','n20dcat004@student.ptithcm.edu.vn','Bình','Lê Hoài Duy','$2a$10$FGtO0GuW2.tNJR3.nfjrfeCa/7PAuR60TgNOgaj/UT9mMjBSV8One',NULL,NULL,'MALE',1),('N20DCAT005',NULL,NULL,'2000-01-01','n20dcat005@student.ptithcm.edu.vn','Công','Lưu Văn','$2a$10$dfp/vK0ZtX1YrPJXlo/nJevlWhr6R46KUJrsTITnNI3b74aWvwoYy',NULL,NULL,'MALE',1),('N20DCAT006',NULL,NULL,'2000-01-01','n20dcat006@student.ptithcm.edu.vn','Duy','Bùi Quốc','$2a$10$wHxnSlvueo/A4mPjlM7BmO8D7JCIlzHDwAc8br7Yw9idsX1UZBEH6',NULL,NULL,'MALE',1),('N20DCAT007',NULL,NULL,'2000-01-01','n20dcat007@student.ptithcm.edu.vn','Dương','Bế Trương','$2a$10$gWyhpCK0sbH8IK6sDLCvyeC0gdvva171E8vbZOh3VrDXIVwbjAhhm',NULL,NULL,'MALE',1),('N20DCAT008',NULL,NULL,'2000-01-01','n20dcat008@student.ptithcm.edu.vn','Dương','Hoàng','$2a$10$U0dWGHpRxyUZfoJ660pW0.jQGbB5epYVux.XCjXyITUJ.aMPFvDmG',NULL,NULL,'MALE',1),('N20DCAT009',NULL,NULL,'2000-01-01','n20dcat009@student.ptithcm.edu.vn','Đài','Trần Trọng','$2a$10$Vd7KWiFAeC92pye9spjaP.0PFeq9K9TY.YnnysNo/5C20LwpHOcMG',NULL,NULL,'MALE',1),('N20DCAT010',NULL,NULL,'2000-01-01','n20dcat010@student.ptithcm.edu.vn','Đạt','Huỳnh Lương Trọng','$2a$10$EOrIq3ZG9M.0iXUXjTESze66caToI0xe2vIJU5Uernyc.OeqU6oV.',NULL,NULL,'MALE',1),('N20DCAT011',NULL,NULL,'2000-01-01','n20dcat011@student.ptithcm.edu.vn','Đạt','Nguyễn Tấn','$2a$10$OcGgM/dxJAU4KfvHszGlz.u02Dx.gP9SgewIz0PIPyKLhLJjiSb9a',NULL,NULL,'MALE',1),('N20DCAT012',NULL,NULL,'2000-01-01','n20dcat012@student.ptithcm.edu.vn','Đăng','Diệp Bảo','$2a$10$fu4BAZm1pgvKKYFYTq/IHeYR9Xf8C/L72h6qxT3UoC3mvdcr0xTJC',NULL,NULL,'MALE',1),('N20DCAT013',NULL,NULL,'2000-01-01','n20dcat013@student.ptithcm.edu.vn','Đông','Cao Văn','$2a$10$ZUAPnvOhGtkcwk18qtzZ3OWBhIqO4FWAsHz0aebp6fVVt/U9DofHm',NULL,NULL,'MALE',1),('N20DCAT014',NULL,NULL,'2000-01-01','n20dcat014@student.ptithcm.edu.vn','Đức','Lê Huỳnh','$2a$10$9boNDOPZsksUSYnij/mJC.wMyoKfu7EcFU/fzH4B3ZIayj/uN9KS.',NULL,NULL,'MALE',1),('N20DCAT015',NULL,NULL,'2000-01-01','n20dcat015@student.ptithcm.edu.vn','Đức','Nguyễn Hữu','$2a$10$cN1O3aM4SMY4THd3/mZ5lu.WZC20Z9KoDa5dampy42zehzuzgmquq',NULL,NULL,'MALE',1),('N20DCAT017',NULL,NULL,'2000-01-01','n20dcat017@student.ptithcm.edu.vn','Hiền','Phạm Thị','$2a$10$vfoABxXxGc5l9IotwE7sWuJ0AA/QLvt4BoHeohyge41YY635cOoW.',NULL,NULL,'MALE',1),('N20DCAT018',NULL,NULL,'2000-01-01','n20dcat018@student.ptithcm.edu.vn','Hiếu','Phạm Hoàng','$2a$10$1xxnV56.LTElmIiWDkkTxuQTvVEnVMlv3eVkdM2RTJwl76oVBIpsy',NULL,NULL,'MALE',1),('N20DCAT019',NULL,NULL,'2000-01-01','n20dcat019@student.ptithcm.edu.vn','Hòa','Nguyễn Thị Thu','$2a$10$FHr0NzyY7L5dhfGx8A7Q/en/0u1eQ4QcogvSMfnl2Ng0cmha6YVh.',NULL,NULL,'MALE',1),('N20DCAT020',NULL,NULL,'2000-01-01','n20dcat020@student.ptithcm.edu.vn','Huy','Nguyễn Minh','$2a$10$ZlHIhL0rjfp3QGnL1pGul.vZWp2ob/CpdB5r3YSx8Sx46kNin/v4S',NULL,NULL,'MALE',1),('N20DCAT021',NULL,NULL,'2000-01-01','n20dcat021@student.ptithcm.edu.vn','Huy','Nguyễn Thành','$2a$10$X8C5OyHGGHNrYfVi52fGS.0tOKdG1KtuZPECa/ycnUr8J5ZzKi.4u',NULL,NULL,'MALE',1),('N20DCAT022',NULL,NULL,'2000-01-01','n20dcat022@student.ptithcm.edu.vn','Huy','Võ Đặng Quốc','$2a$10$5CnkrjdnMz5DD0.SPkgci.rFEPnJki6RVdZInBWaX.DdypuVNAfpy',NULL,NULL,'MALE',1),('N20DCAT023',NULL,NULL,'2000-01-01','n20dcat023@student.ptithcm.edu.vn','Huỳnh','Trần Nhật','$2a$10$oXhkNWCiwGliM.zeKhyegOKrtQfB1.IGvM9kIkhxNMtCsUvGD2k.y',NULL,NULL,'MALE',1),('N20DCAT024',NULL,NULL,'2000-01-01','n20dcat024@student.ptithcm.edu.vn','Hưng','Nguyễn Ngọc','$2a$10$HZHs8nUO1qFjeHTRVqkt0Ooc7ZGvnkouAeWDtaLop.lnWvvhr9Z0O',NULL,NULL,'MALE',1),('N20DCAT025',NULL,NULL,'2000-01-01','n20dcat025@student.ptithcm.edu.vn','Kiên','Trần Trung','$2a$10$yKlMn4QNb3Qbxc2xjdjxh.3n2.m7xAjGC.N1Sl9XXs6KzlPhASKTu',NULL,NULL,'MALE',1),('N20DCAT026',NULL,NULL,'2000-01-01','n20dcat026@student.ptithcm.edu.vn','Kiện','Nguyễn Thành','$2a$10$2z4j8dTvNq1IdJ6Icp8s3OdwDbBFTiskDf1594zoWdMoqZjDlumwm',NULL,NULL,'MALE',1),('N20DCAT027',NULL,NULL,'2000-01-01','n20dcat027@student.ptithcm.edu.vn','Kiệt','Lê Tấn','$2a$10$PhrNkAzAFycOVaC1hgWEWuXnkfawC84R.fa9x8gOopEW4wjXLv79a',NULL,NULL,'MALE',1),('N20DCAT028',NULL,NULL,'2000-01-01','n20dcat028@student.ptithcm.edu.vn','Kiệt','Nguyễn Tuấn','$2a$10$017sV.g0PHn9kdksB.hBquAedbDHTIh4pfeq2S3IgVuVFo5JkuV8i',NULL,NULL,'MALE',1),('N20DCAT029',NULL,NULL,'2000-01-01','n20dcat029@student.ptithcm.edu.vn','Khải','Vũ Quang','$2a$10$Hxu3Ozh/akdK0anJCwCTKeVSXhq5lBWH9RIVYH2lf9eDMW.FSl1QG',NULL,NULL,'MALE',1),('N20DCAT030',NULL,NULL,'2000-01-01','n20dcat030@student.ptithcm.edu.vn','Khoa','Bùi Nhật','$2a$10$pgsrcGzT9OD4.UAMJaeBAOe30IEyv9Rt60yQ8KveLvMddHejdPJwu',NULL,NULL,'MALE',1),('N20DCAT031',NULL,NULL,'2000-01-01','n20dcat031@student.ptithcm.edu.vn','Lĩnh','Phan Hồng','$2a$10$0SHD1.hAjGIFESp47tAu/uJ6z58.WzHbol0e78QifFvBSW21f03dG',NULL,NULL,'MALE',1),('N20DCAT032',NULL,NULL,'2000-01-01','n20dcat032@student.ptithcm.edu.vn','Long','Trần Tiến','$2a$10$fUuEqvm5QVKcvUCiai/ZqOdo90opHl8Xng6gxf49a/mQJaan6nOge',NULL,NULL,'MALE',1),('N20DCAT033',NULL,NULL,'2000-01-01','n20dcat033@student.ptithcm.edu.vn','Lộc','Nguyễn Gia','$2a$10$zZiqx..YshKfGvCKdLouQeNvVHSsTAk6o8SUGR.rF8ZOMZL3HpG1O',NULL,NULL,'MALE',1),('N20DCAT034',NULL,NULL,'2000-01-01','n20dcat034@student.ptithcm.edu.vn','Mai','Lê Thanh','$2a$10$xZa8ux0LONTdzdW159REVO4vlWoYObMt5UyIsGYbnTYKMVU1lCi5e',NULL,NULL,'MALE',1),('N20DCAT035',NULL,NULL,'2000-01-01','n20dcat035@student.ptithcm.edu.vn','Nhân','Trần Thiện','$2a$10$EEsLjc9O5TMNGqC4SUa6W.YrbsFX1rWMr8fPkfSwaDCwMTXPLNDSa',NULL,NULL,'MALE',1),('N20DCAT036',NULL,NULL,'2000-01-01','n20dcat036@student.ptithcm.edu.vn','Nhật','Nguyễn Tiến','$2a$10$Y.WKhu.GLAhf52OjPbACdOgcTaIvSb5CX8t6i3YPC4kRLuyf6schy',NULL,NULL,'MALE',1),('N20DCAT038',NULL,NULL,'2000-01-01','n20dcat038@student.ptithcm.edu.vn','Nhung','Nguyễn Thị Mỹ','$2a$10$JKhnbe9lsYklY2HfJKNoeeBHGXtry2rVskkgjtVa5xQkbZgrdQUvW',NULL,NULL,'MALE',1),('N20DCAT040',NULL,NULL,'2000-01-01','n20dcat040@student.ptithcm.edu.vn','Phong','Dương Minh','$2a$10$.ggvbybIDUhAm5cKxiqTyOoU.sZa/MWaqXz6vXyBhBKOmBEBgpwBq',NULL,NULL,'MALE',1),('N20DCAT041',NULL,NULL,'2000-01-01','n20dcat041@student.ptithcm.edu.vn','Phong','Võ Thanh','$2a$10$j79ZiO/9lRYtAdVv/SWpUui3m9F2dV9kLWJozkndAPHIMCWmrB03S',NULL,NULL,'MALE',1),('N20DCAT042',NULL,NULL,'2000-01-01','n20dcat042@student.ptithcm.edu.vn','Phú','Bùi Đức','$2a$10$62uczLjsrniF7McIuL9h9.vpnwsIeLAcEYXIiVtr/bwfMd.6KzMXC',NULL,NULL,'MALE',1),('N20DCAT043',NULL,NULL,'2000-01-01','n20dcat043@student.ptithcm.edu.vn','Phú','Ngô Huỳnh Vĩnh','$2a$10$LfNZXq31STvpY9vTlZUdsuFnkykTrWlyRmfVhflGOuiJmHYSeGqKu',NULL,NULL,'MALE',1),('N20DCAT044',NULL,NULL,'2000-01-01','n20dcat044@student.ptithcm.edu.vn','Quân','Đoàn Hải','$2a$10$czAgjlLhm5YgLIcuCUdEm.Tqm51yqzX33IzYZj8Nlplsd85b.F2lO',NULL,NULL,'MALE',1),('N20DCAT045',NULL,NULL,'2000-01-01','n20dcat045@student.ptithcm.edu.vn','Quân','Nguyễn Đắc Hồng','$2a$10$wNSDA6/6w.AtWk2f6ViFOOCm1GN9lmJeEJXhRWlGxDjtaTXRkvbM6',NULL,NULL,'MALE',1),('N20DCAT046',NULL,NULL,'2000-01-01','n20dcat046@student.ptithcm.edu.vn','Quốc','Cao Hữu','$2a$10$VJyXh0yILpzFcTTPTi5CluyMDsVC5GuVi0z..SlJ65Wq/rQVJZyRi',NULL,NULL,'MALE',1),('N20DCAT048',NULL,NULL,'2000-01-01','n20dcat048@student.ptithcm.edu.vn','Sĩ','Phan Tiến','$2a$10$GAbM4H8oIZOuyBryxFVKou5cFo9euATr.FKBe5xVcMWE1iH1vO4Ry',NULL,NULL,'MALE',1),('N20DCAT049',NULL,NULL,'2000-01-01','n20dcat049@student.ptithcm.edu.vn','Sơn','Nguyễn Thanh','$2a$10$G2REC8YTuBMyjM6Z/XL8duuSf52J4W4jBdw/tWDCujfw/OsXmgBvy',NULL,NULL,'MALE',1),('N20DCAT051',NULL,NULL,'2000-01-01','n20dcat051@student.ptithcm.edu.vn','Tân','Viên Ngọc','$2a$10$.ll5xDk/ZUos2qHw0FntmekKomouD5rVVz6B2bRS6rfHAJvgBAg4a',NULL,NULL,'MALE',1),('N20DCAT053',NULL,NULL,'2000-01-01','n20dcat053@student.ptithcm.edu.vn','Toàn','Nguyễn Hữu Vẹn','$2a$10$zHNwrLhcnQwzL2UEkcmQU.0C5tUSk3XP/uQBocHPfJRsVVy9i.V16',NULL,NULL,'MALE',1),('N20DCAT054',NULL,NULL,'2000-01-01','n20dcat054@student.ptithcm.edu.vn','Tuấn','Ngô Đức','$2a$10$NCgLdoKCnhIPEwcJnrErJOC4C61v6R1erX6LqPtPgRjmtjy3cITD.',NULL,NULL,'MALE',1),('N20DCAT055',NULL,NULL,'2000-01-01','n20dcat055@student.ptithcm.edu.vn','Tự','Trần Ngô Gia','$2a$10$xfGtNpxQjn2le4Qwv0MK8uF7aNdINnT4a.wxmqa.satkFM4sscg/6',NULL,NULL,'MALE',1),('N20DCAT056',NULL,NULL,'2000-01-01','n20dcat056@student.ptithcm.edu.vn','Thái','Hoàng Nhật','$2a$10$dAUWPiIZjKwoeOFn8Hk4teARyMX/weHn272BrRJvsLegeeCdLv7uW',NULL,NULL,'MALE',1),('N20DCAT057',NULL,NULL,'2000-01-01','n20dcat057@student.ptithcm.edu.vn','Thăng','Phan Công','$2a$10$tcaG8gg7jHXA7Qy2E4816eXKaQgsG4r9dhd9.JqRV/Z/GrlhW/lPm',NULL,NULL,'MALE',1),('N20DCAT060',NULL,NULL,'2000-01-01','n20dcat060@student.ptithcm.edu.vn','Thiên','Lê Nguyễn Thanh Duy','$2a$10$Xu2nsKKcjPxu3miyRUpXVuI7fi13t9.zxCN7MyMz0bDyMX8JXqI66',NULL,NULL,'MALE',1),('N20DCAT061',NULL,NULL,'2000-01-01','n20dcat061@student.ptithcm.edu.vn','Thịnh','Trịnh Ngọc','$2a$10$mfDrVlrpJUNuLDhTfk2PeekgmZMGG8Cie/6/Q5Jw6y4xyAEqGXcIe',NULL,NULL,'MALE',1),('N20DCAT062',NULL,NULL,'2000-01-01','n20dcat062@student.ptithcm.edu.vn','Trang','Nguyễn Xuân','$2a$10$p/ZZyOmsArea1.d1TM5y3ON9Tgl8wNyCMtuAWUNerdiv4I4AEnzEy',NULL,NULL,'MALE',1),('N20DCAT063',NULL,NULL,'2000-01-01','n20dcat063@student.ptithcm.edu.vn','Triều','Vũ Hải','$2a$10$8wlz8WFlKC5HGJPpRecwL.t0rcJ1/Le656IMpVBXWUXbRh6IhfWTm',NULL,NULL,'MALE',1),('N20DCAT064',NULL,NULL,'2000-01-01','n20dcat064@student.ptithcm.edu.vn','Việt','Trần Quang','$2a$10$PXiJPODbbfFKSR9HGFa6Cu2TjHeuFSEfw69vzVmSgJdUaPTRA0K7i',NULL,NULL,'MALE',1),('N20DCAT065',NULL,NULL,'2000-01-01','n20dcat065@student.ptithcm.edu.vn','Vũ','Nguyễn Tấn','$2a$10$eFSZnZvaUnlnYBECmdeQqeuBkHRQvurC0Psdemrw5bFhdUL8zG5My',NULL,NULL,'MALE',1),('N20DCCN001',NULL,NULL,'2000-01-01','n20dccn001@student.ptithcm.edu.vn','Mạnh','Vũ Hoàng','$2a$10$ex2d9O/feoX7ghz8Ttt2hud/IqkUmvY4Zsh62QOF9MoCAaA80zaEC',NULL,NULL,'MALE',1),('N20DCCN002',NULL,NULL,'2000-01-01','n20dccn002@student.ptithcm.edu.vn','Anh','Bùi Tuấn','$2a$10$C3bQyiThCHz0lVwtHuYQAe6B7LqrfMUxmEuPxWfcArZXBGsf0Q8i6',NULL,NULL,'MALE',1),('N20DCCN003',NULL,NULL,'2000-01-01','n20dccn003@student.ptithcm.edu.vn','Ánh','Huỳnh Ngọc','$2a$10$YEASsVVkZQWtqbA3Pbn2luT9ozT/p2Et4Klk2XfqcaHs5a2gjbfmm',NULL,NULL,'MALE',1),('N20DCCN004',NULL,NULL,'2000-01-01','n20dccn004@student.ptithcm.edu.vn','Âu','Đoàn Long','$2a$10$7Ac3s4IZ518.QZxDqPHxCeUXlr7WWv3/XO33QQ/MBva8GCPCDtCUO',NULL,NULL,'MALE',1),('N20DCCN005',NULL,NULL,'2000-01-01','n20dccn005@student.ptithcm.edu.vn','Bảo','Phạm Gia','$2a$10$HyJ3.84ExWUstvanWOooreI9b.F2JJ5x/7cK8Zl1LTz/PVHcX1Avm',NULL,NULL,'MALE',1),('N20DCCN006',NULL,NULL,'2000-01-01','n20dccn006@student.ptithcm.edu.vn','Bảo','Phạm Ngọc','$2a$10$tHgL9TOc2e1YKIUGJDfZUuqLctujkTBCg4NOzY9tLM4XQo1eCHJTe',NULL,NULL,'MALE',1),('N20DCCN007',NULL,NULL,'2000-01-01','n20dccn007@student.ptithcm.edu.vn','Băng','Phạm Khánh','$2a$10$M0VfWWzIg9nKfz3t.qVqfODRaSmw2nvHnFb4mu1McXS6TVPXu30qK',NULL,NULL,'MALE',1),('N20DCCN008',NULL,NULL,'2000-01-01','n20dccn008@student.ptithcm.edu.vn','Chiến','Trần Hữu','$2a$10$U.k/DXfUSoqpcTjKEHMvQeQswggC78fW6YbnYPnySY387xMbCjaHu',NULL,NULL,'MALE',1),('N20DCCN009',NULL,NULL,'2000-01-01','n20dccn009@student.ptithcm.edu.vn','Danh','Nguyễn Đức Chí','$2a$10$KXiB/ciQRJ4DBlM6cfVLw.0rF3r/YhdwSLL1uK77zwpmurry5yXB.',NULL,NULL,'MALE',1),('N20DCCN010',NULL,NULL,'2000-01-01','n20dccn010@student.ptithcm.edu.vn','Diễn','Châu Huy','$2a$10$tW/z1dtzfHnpD6tQFb69HeNV24mfqZy2Z2zG8T8xo0zzAFPHub7.e',NULL,NULL,'MALE',1),('N20DCCN011',NULL,NULL,'2000-01-01','n20dccn011@student.ptithcm.edu.vn','Du','Trần Văn','$2a$10$IlIdsPjCPVHTNhGVyrZfzu6v.n7rH.6jawiAf2VKRPKJbCci4cWZK',NULL,NULL,'MALE',1),('N20DCCN012',NULL,NULL,'2000-01-01','n20dccn012@student.ptithcm.edu.vn','Dũng','Nguyễn Hữu','$2a$10$JhcB1bdk88BXIxQNjqbi3uQA4INOa9Y5wpLs1BtTVSGCctJP/8SqO',NULL,NULL,'MALE',1),('N20DCCN013',NULL,NULL,'2000-01-01','n20dccn013@student.ptithcm.edu.vn','Duy','Nguyễn Quốc','$2a$10$WWsfvURIi3qdNYBumsDS.ee71ySFTCjlUUl7egI1DS6Lo3qSBisOq',NULL,NULL,'MALE',1),('N20DCCN014',NULL,NULL,'2000-01-01','n20dccn014@student.ptithcm.edu.vn','Đạt','Hồ Thái','$2a$10$LOE1LejEgOrsx2nsnfMZ8.YKMFnM9Cb6PTPu6Rc5BIRkUdt8QDtXS',NULL,NULL,'MALE',1),('N20DCCN015',NULL,NULL,'2000-01-01','n20dccn015@student.ptithcm.edu.vn','Đạt','Võ Thành','$2a$10$bDgUqB8eSVhadStkcUaHo.JsG0vEk/Z9M4YQY6TAJfYMM68gyFx4G',NULL,NULL,'MALE',1),('N20DCCN016',NULL,NULL,'2000-01-01','n20dccn016@student.ptithcm.edu.vn','Hoa','Hoàng Lê Thúy','$2a$10$kGSKSBoHrszeFFhgIL3JZOiw1MVIJseBPx1xNMNRghxn0NLAtk6FW',NULL,NULL,'MALE',1),('N20DCCN017',NULL,NULL,'2000-01-01','n20dccn017@student.ptithcm.edu.vn','Hoàng','Đậu Văn','$2a$10$1hgb45P7nDOdaipZM7frOu4dAc0/V6/AQLRq5eNPhXIZiLAGV1CZu',NULL,NULL,'MALE',1),('N20DCCN018',NULL,NULL,'2000-01-01','n20dccn018@student.ptithcm.edu.vn','Hoàng','Hồ Đức','$2a$10$Mo.pt97tQtV8fILIy3yD0.cVpJZ5phN.U/GsUJdI2wJIGLW.XrczS',NULL,NULL,'MALE',1),('N20DCCN019',NULL,NULL,'2000-01-01','n20dccn019@student.ptithcm.edu.vn','HoàNg','Trương TháI','$2a$10$2.jRrCqUeqhuM0genUyusuIVXzubHpQYOIBWxeO3QjmLfCfUs0Vg.',NULL,NULL,'MALE',1),('N20DCCN020',NULL,NULL,'2000-01-01','n20dccn020@student.ptithcm.edu.vn','Hùng','Vũ Huy','$2a$10$Y1iEofUkn2c5ZArk6gpjcO1Z3TNKyJUz53CyaEgUI.2LVQTgOd.52',NULL,NULL,'MALE',1),('N20DCCN021',NULL,NULL,'2000-01-01','n20dccn021@student.ptithcm.edu.vn','Huy','Nguyễn Đức','$2a$10$Em3XR0W4cq2CkOqRh2UaUe9bAEe89odMXzjxBix/EhOMbf0lCo2d2',NULL,NULL,'MALE',1),('N20DCCN022',NULL,NULL,'2000-01-01','n20dccn022@student.ptithcm.edu.vn','Huy','Võ Quang','$2a$10$5aryesGvpp7jajsd57zusOiD/ixnktCqhLmdAfyPz07z5Shmz8FI2',NULL,NULL,'MALE',1),('N20DCCN023',NULL,NULL,'2000-01-01','n20dccn023@student.ptithcm.edu.vn','Huynh','Phan Xuân','$2a$10$vHm2GohuQChfHV5hiVi8l.xBBeI9Xx9nvrjosTS11VCP7i.ufYIO.',NULL,NULL,'MALE',1),('N20DCCN024',NULL,NULL,'2000-01-01','n20dccn024@student.ptithcm.edu.vn','Hưng','Huỳnh Gia','$2a$10$aM0FdKqrEjgiVyqADzUR7OtU4v9fPNQsBVVbPVGDXD5NFuzEZC5C6',NULL,NULL,'MALE',1),('N20DCCN025',NULL,NULL,'2000-01-01','n20dccn025@student.ptithcm.edu.vn','Hưng','Ngô Tiến','$2a$10$1cYR1NuFp3HfuXsoeDHkx.nHVtayACmw7etGMzkzQHkQ3WueUaWVy',NULL,NULL,'MALE',1),('N20DCCN026',NULL,NULL,'2000-01-01','n20dccn026@student.ptithcm.edu.vn','Hữu','Văn Tố','$2a$10$lMFWpnWJKY8aCma3Yuep0O00Xypmbrd99W9qIIu4HA2E6D8RqYhWe',NULL,NULL,'MALE',1),('N20DCCN027',NULL,NULL,'2000-01-01','n20dccn027@student.ptithcm.edu.vn','Kiên','Đoàn Trung','$2a$10$oTU33dE1F6D2/K3/DhTfE.UXbThYxkSkXADwTYiDvV3JBC6vIYGOC',NULL,NULL,'MALE',1),('N20DCCN028',NULL,NULL,'2000-01-01','n20dccn028@student.ptithcm.edu.vn','Kiệt','Lê Ngọc Tuấn','$2a$10$Ee8Rw52mkG7BgqaogbCuWeJiCOVqtAWtZ1BtPVH/hd6cv0MXsokQC',NULL,NULL,'MALE',1),('N20DCCN029',NULL,NULL,'2000-01-01','n20dccn029@student.ptithcm.edu.vn','Kông','Đinh Hồng','$2a$10$i/BkWvNT2ZH0Bn4OKduqWuDNkPry/0xfKF2O6/vIAODArov.yCh3q',NULL,NULL,'MALE',1),('N20DCCN031',NULL,NULL,'2000-01-01','n20dccn031@student.ptithcm.edu.vn','Kha','Nguyễn Nhật','$2a$10$b.MAlNVL/ouYcEgkRsX3YeBIzgP7aMXE0rnGcUs9/98K/gU3kGgpG',NULL,NULL,'MALE',1),('N20DCCN032',NULL,NULL,'2000-01-01','n20dccn032@student.ptithcm.edu.vn','Khanh','Văn Chí','$2a$10$UKdLKLep8Y6IyozSThgeluFk9a7iL52RHAJxTjzpky0wdSRTmmIJy',NULL,NULL,'MALE',1),('N20DCCN033',NULL,NULL,'2000-01-01','n20dccn033@student.ptithcm.edu.vn','Khoa','Trần Ngọc Đăng','$2a$10$iEeBUAac.mLC6OZGuy9kHeTCrJtD7GA/xWRFwmKhouUN5WbZDHxim',NULL,NULL,'MALE',1),('N20DCCN034',NULL,NULL,'2000-01-01','n20dccn034@student.ptithcm.edu.vn','Lâm','Vũ Văn','$2a$10$7pNbktpnIuajLZQv2FPHJeC59iy0ND12bxnbuE6iWowEEzcLlMmZK',NULL,NULL,'MALE',1),('N20DCCN035',NULL,NULL,'2000-01-01','n20dccn035@student.ptithcm.edu.vn','Long','Trần Gia','$2a$10$xZ02oGXl2Bm7J4RYTPdPZ.XeeBQkhJYnmGgkeW6GMxGLBul5LN0HS',NULL,NULL,'MALE',1),('N20DCCN036',NULL,NULL,'2000-01-01','n20dccn036@student.ptithcm.edu.vn','Luân','Nguyễn Phúc','$2a$10$E1wmp4HYOUVo//q9Dcsfd.3sj7jSmH7lU2/.0v8t9QgrZHNv0tuD2',NULL,NULL,'MALE',1),('N20DCCN037',NULL,NULL,'2000-01-01','n20dccn037@student.ptithcm.edu.vn','Lục','Phan Văn','$2a$10$ouvZGqxZVLNZrG7EZ8Sm9OqH0e6thenGSCJUdkNu1FvBQRviRHVTa',NULL,NULL,'MALE',1),('N20DCCN038',NULL,NULL,'2000-01-01','n20dccn038@student.ptithcm.edu.vn','Lương','Lê Văn','$2a$10$CJegjccFMxqpOWX3muq69OMxGV66SGATeZIqo8zQ15pj0UzTvH0WK',NULL,NULL,'MALE',1),('N20DCCN039',NULL,NULL,'2000-01-01','n20dccn039@student.ptithcm.edu.vn','Lương','Quách Nam','$2a$10$gNX5nJjGVtC0Fftq2.XP8.S3WTiZqj.oLiLiIoXP7kXp23wavfvjC',NULL,NULL,'MALE',1),('N20DCCN040',NULL,NULL,'2000-01-01','n20dccn040@student.ptithcm.edu.vn','Mạnh','Phùng Đức','$2a$10$4mjB6t38puvNpP4d3FPXneZhTjGRN5R1JBuSbnWD8FwoKLWCZ82xO',NULL,NULL,'MALE',1),('N20DCCN041',NULL,NULL,'2000-01-01','n20dccn041@student.ptithcm.edu.vn','Minh','Đỗ Xuân','$2a$10$qu3t8P2xskptj8f0orzz9OdB32FxdcY7WQRBnzcG.j4NFqcizdFyS',NULL,NULL,'MALE',1),('N20DCCN042',NULL,NULL,'2000-01-01','n20dccn042@student.ptithcm.edu.vn','Minh','Vũ Đức','$2a$10$4AKjPybOjYHI9NezGXuB8O0Pi/6ciq/vmYPvllysqjLXPolsCjXem',NULL,NULL,'MALE',1),('N20DCCN043',NULL,NULL,'2000-01-01','n20dccn043@student.ptithcm.edu.vn','Nam','Nguyễn Văn Hoài','$2a$10$sU1fgNF6XJ5ItnA0DI8Kju2mGzq5UfHxxj7/pFLWuv30E4.RrIHmO',NULL,NULL,'MALE',1),('N20DCCN045',NULL,NULL,'2000-01-01','n20dccn045@student.ptithcm.edu.vn','Nghĩa','Nguyễn Quang','$2a$10$29QlFr5Q5AUHTOFw6xhCVefBNN1g1eIXsJSxUciojYi3j5Xot8E9.',NULL,NULL,'MALE',1),('N20DCCN046',NULL,NULL,'2000-01-01','n20dccn046@student.ptithcm.edu.vn','Ngọc','Nguyễn Tiến','$2a$10$phBYHbSXdFk5kcD98.K40.zoF5alkJk/d6oh4juXQ1mgN1TBDuY3y',NULL,NULL,'MALE',1),('N20DCCN047',NULL,NULL,'2000-01-01','n20dccn047@student.ptithcm.edu.vn','Nguyên','Hồ Đức','$2a$10$tMw1v9q2HktRJEaNx1FJ8e496dNAREGSVcQCQB0eEuJgo8Jl0ejzC',NULL,NULL,'MALE',1),('N20DCCN048',NULL,NULL,'2000-01-01','n20dccn048@student.ptithcm.edu.vn','Nguyên','Từ Thị Thảo','$2a$10$iUGEBzMdsaiiYvTN4T.56upqtA16T8fRsrKaAEGNA8tdq.LtSOiWC',NULL,NULL,'MALE',1),('N20DCCN049',NULL,NULL,'2000-01-01','n20dccn049@student.ptithcm.edu.vn','Nhân','Hồ Đức','$2a$10$JiQ3QDlSSGZYTQi/fAvw.O/sfWg2DN3om624bK6kARRLQpvg/LviG',NULL,NULL,'MALE',1),('N20DCCN050',NULL,NULL,'2000-01-01','n20dccn050@student.ptithcm.edu.vn','Nhi','Nguyễn Thị Tuyết','$2a$10$QxRaULC9mIioU0mrl4wQ8uqfqU20xQBDCZr8enInBEp87sILkDx9y',NULL,NULL,'MALE',1),('N20DCCN051',NULL,NULL,'2000-01-01','n20dccn051@student.ptithcm.edu.vn','Nhung','Ngô Thị Trang','$2a$10$4ZwiSVVsRMEHSuy7M4gQ1uTYq.mx5fpuiZ.nMjCtm8.2O280pQh9a',NULL,NULL,'MALE',1),('N20DCCN052',NULL,NULL,'2000-01-01','n20dccn052@student.ptithcm.edu.vn','Nhung','Nguyễn Thị','$2a$10$VXhwlN4XEkdb0XsSzENSXuAZQpNGOnJsrPkAhv6liYBISALsfOGHO',NULL,NULL,'MALE',1),('N20DCCN053',NULL,NULL,'2000-01-01','n20dccn053@student.ptithcm.edu.vn','Phát','Nguyễn Đình','$2a$10$08D84t1APPuvy.vJydIIBOfU.BrdZqJ.xcYIFvv4tyiCRuLpNiERG',NULL,NULL,'MALE',1),('N20DCCN054',NULL,NULL,'2000-01-01','n20dccn054@student.ptithcm.edu.vn','Phát','Nguyễn Tấn','$2a$10$CC6DfBhYPw2DZpqffzCbYOnqvHMfC6nT.u7Zc.nKnr6JeEAM/MtGK',NULL,NULL,'MALE',1),('N20DCCN055',NULL,NULL,'2000-01-01','n20dccn055@student.ptithcm.edu.vn','Phúc','Lê Văn','$2a$10$9tQ.qrTfQehe6nOsBmEKvuSRxTeNLdyWZDOmAsnFB/mrxHhCYWBSq',NULL,NULL,'MALE',1),('N20DCCN056',NULL,NULL,'2000-01-01','n20dccn056@student.ptithcm.edu.vn','Quang','Lại Khắc Minh','$2a$10$IZ0x2A1qtBHeKxkb0DK6EuxYO6JdcLFa/4epXKdY9IBp/0okPG3/m',NULL,NULL,'MALE',1),('N20DCCN057',NULL,NULL,'2000-01-01','n20dccn057@student.ptithcm.edu.vn','Quân','Trịnh Khánh','$2a$10$Z54ZlEGwI39sH3tQrgTdRej4u.I.bSazZeaM2OtHVvVnQj4aYIm.u',NULL,NULL,'MALE',1),('N20DCCN058',NULL,NULL,'2000-01-01','n20dccn058@student.ptithcm.edu.vn','Quý','Lương Thanh','$2a$10$ZgQy/ZYOnIavvuDbOWCdAedLqBy0/sa31PUNrTmgWHowzuyhPepfq',NULL,NULL,'MALE',1),('N20DCCN059',NULL,NULL,'2000-01-01','n20dccn059@student.ptithcm.edu.vn','Sĩ','Nguyễn Viết','$2a$10$H2JK6DdrlegPQYWvrv7hweDLjioSIIvv7mdb7W6mmSYjnKxbdfVMG',NULL,NULL,'MALE',1),('N20DCCN060',NULL,NULL,'2000-01-01','n20dccn060@student.ptithcm.edu.vn','Sơn','Trịnh Công','$2a$10$f48NmxL8qhnJJfiI2qOXTOHjlUVaN2gEpDIUnDZw.CM2f1w250huC',NULL,NULL,'MALE',1),('N20DCCN061',NULL,NULL,'2000-01-01','n20dccn061@student.ptithcm.edu.vn','Tài','Đoàn Ngọc','$2a$10$jFx3e2BYJuBpSVDpkH7g4.Q8RproaBgFKR.qn3HjbDtD1/K4S5lyG',NULL,NULL,'MALE',1),('N20DCCN062',NULL,NULL,'2000-01-01','n20dccn062@student.ptithcm.edu.vn','Tân','Đặng Thành','$2a$10$6N7tIKl6ruNfrdgqK3zinuY4AeOWDTVv.l5UTDMlnMhq4tuxhzTHO',NULL,NULL,'MALE',1),('N20DCCN063',NULL,NULL,'2000-01-01','n20dccn063@student.ptithcm.edu.vn','Tiến','Hoàng Minh','$2a$10$ONVXcJ.fW.Fq.Ek3xzx4V.nlul.V4DlrD9gX07wIioVAe2yW.yriO',NULL,NULL,'MALE',1),('N20DCCN064',NULL,NULL,'2000-01-01','n20dccn064@student.ptithcm.edu.vn','Tiến','Lê Văn','$2a$10$E3VbdCH2s3754crm5wdQDu5dDaf5snKEzQrchbvUkDCEaHq7D1QaS',NULL,NULL,'MALE',1),('N20DCCN065',NULL,NULL,'2000-01-01','n20dccn065@student.ptithcm.edu.vn','Tín','Nguyễn Trần Trọng','$2a$10$5aqrcFPmEYwTxTNLu454pupHEUya6ikwAtLBFYCVfUjnwW1bT2Xh2',NULL,NULL,'MALE',1),('N20DCCN066',NULL,NULL,'2000-01-01','n20dccn066@student.ptithcm.edu.vn','Tín','Nguyễn Trọng','$2a$10$CVw4MazXRlEFejIdV8p4oeJZPAzNIrliBrzv9/CFvPq5iKbaBkDgO',NULL,NULL,'MALE',1),('N20DCCN067',NULL,NULL,'2000-01-01','n20dccn067@student.ptithcm.edu.vn','Toản','Đặng Khắc','$2a$10$ZtN.wPjCknsNglpeaIyjHuZi8l7GQk391/cPqlIzOTnUssLIUL1Iq',NULL,NULL,'MALE',1),('N20DCCN068',NULL,NULL,'2000-01-01','n20dccn068@student.ptithcm.edu.vn','Tú','Bùi Ngọc','$2a$10$8sVDK9BTvVfCsfVr7Q7H7e2a9VlAdoyClt3qvmv6DE0ubP7Yx3d8C',NULL,NULL,'MALE',1),('N20DCCN069',NULL,NULL,'2000-01-01','n20dccn069@student.ptithcm.edu.vn','Tuấn','Lê Văn','$2a$10$bXWbjS5BDB6RMqiKgcZ4Ve3Zd4DOV89U8v4F4y3fFKqV2gR71NRqa',NULL,NULL,'MALE',1),('N20DCCN070',NULL,NULL,'2000-01-01','n20dccn070@student.ptithcm.edu.vn','Ty','Đinh Văn','$2a$10$5cHxLKXMb2vi3El713X8j.nIALFD/ET6EbwtAoV272JR.IMWUlrmS',NULL,NULL,'MALE',1),('N20DCCN071',NULL,NULL,'2000-01-01','n20dccn071@student.ptithcm.edu.vn','Thái','Nguyễn Khắc','$2a$10$IxNmJCogY8yH5gmEq9.t8.cxCzdlWPB52rnOrjO0wP43EagX.qBsi',NULL,NULL,'MALE',1),('N20DCCN072',NULL,NULL,'2000-01-01','n20dccn072@student.ptithcm.edu.vn','Thành','Phạm Văn','$2a$10$o.JLFTFCTp49vx.uVNQQPun/q5m.rFcxlGYQNKayp7NHnJRkVf7n.',NULL,NULL,'MALE',1),('N20DCCN073',NULL,NULL,'2000-01-01','n20dccn073@student.ptithcm.edu.vn','Thắng','Phạm Đức','$2a$10$fOQu2OXvcSXFaPkh86KJvuFPVT5wZnc4vSSmx.b/tkb08qGlN03u2',NULL,NULL,'MALE',1),('N20DCCN075',NULL,NULL,'2000-01-01','n20dccn075@student.ptithcm.edu.vn','Thịnh','Nguyễn Phước Duy','$2a$10$4GTIoHBivrn0aWsPV7heOun0Qp9kisWHVk7f5XIztlDfiaSLoieZC',NULL,NULL,'MALE',1),('N20DCCN076',NULL,NULL,'2000-01-01','n20dccn076@student.ptithcm.edu.vn','Thọ','Nguyễn Văn','$2a$10$XErfO1q9qgdY5ulZlaH2L.ChQHDpu8h5eTjpSkngpW02vB0InJfIu',NULL,NULL,'MALE',1),('N20DCCN077',NULL,NULL,'2000-01-01','n20dccn077@student.ptithcm.edu.vn','Thuận','Nguyễn Văn','$2a$10$seXFNsazc7RM8h/j40HPQ.DW.KpDNbs8PyXiGpqtkpsxdzoK4EwGe',NULL,NULL,'MALE',1),('N20DCCN078',NULL,NULL,'2000-01-01','n20dccn078@student.ptithcm.edu.vn','Trang','Nguyễn Thị Thùy','$2a$10$w5kTQ4xa/bor/3Icz11ZZeE80vk8LJcQRpFReMo5qvsnlGaefPW9W',NULL,NULL,'MALE',1),('N20DCCN079',NULL,NULL,'2000-01-01','n20dccn079@student.ptithcm.edu.vn','Trọng','Đặng Đức','$2a$10$pM5ezfV48aWKEVGPX4PWUO47FcXpMuNjkXKAH7Tvt0ZqpAm4bA5Om',NULL,NULL,'MALE',1),('N20DCCN080',NULL,NULL,'2000-01-01','n20dccn080@student.ptithcm.edu.vn','Trung','Nguyễn Quang','$2a$10$6wehVra9C5p.z3PSQ166JOC6Aozabnu6NUmcmwOE5I/lkMfLDzX2u',NULL,NULL,'MALE',1),('N20DCCN081',NULL,NULL,'2000-01-01','n20dccn081@student.ptithcm.edu.vn','Trường','Lê Xuân','$2a$10$J9M7wkxFs.imd1bpWBBC/OvgvKwlzu2Ps/4ooaxuHem6qjYf3yEdK',NULL,NULL,'MALE',1),('N20DCCN082',NULL,NULL,'2000-01-01','n20dccn082@student.ptithcm.edu.vn','Trường','Nguyễn Phan Nhựt','$2a$10$zaXlRNnkjiwUAlw7L4xCXeeg4D5YhNbVFi5reYZD3gA3ed4pgzIAG',NULL,NULL,'MALE',1),('N20DCCN083',NULL,NULL,'2000-01-01','n20dccn083@student.ptithcm.edu.vn','Trưởng','Nguyễn Thái','$2a$10$r76XT.DXTCHtDYsBrS.wE.1akH4mck4cbSzUHenaKahfibe0M86oq',NULL,NULL,'MALE',1),('N20DCCN084',NULL,NULL,'2000-01-01','n20dccn084@student.ptithcm.edu.vn','Văn','Trần Ngọc Khánh','$2a$10$yF8Mb619TG076/5J8R07puHsdnZXxJkn7jsBo7mYK/o229KjDtlGC',NULL,NULL,'MALE',1),('N20DCCN085',NULL,NULL,'2000-01-01','n20dccn085@student.ptithcm.edu.vn','Vy','Lương Thúy','$2a$10$LgZJ98pd/1pix6L5xfQQsuR/ztMSE9LvWgCZtB.cIGYwIIQUaf4za',NULL,NULL,'MALE',1),('N20DCCN086',NULL,NULL,'2000-01-01','n20dccn086@student.ptithcm.edu.vn','Anh','Lê Tuấn','$2a$10$x6cqajvLojEA2tTr7gCsfO9D/hcoH5I0peZpMLZIkwfaAt88jCcg.',NULL,NULL,'MALE',1),('N20DCCN087',NULL,NULL,'2000-01-01','n20dccn087@student.ptithcm.edu.vn','Anh','Trần Việt','$2a$10$IBnOqDGnMqRrVgFbYBLEs.A3snJ1kP8hjyLVTDou2/8m9J8B4.5/a',NULL,NULL,'MALE',1),('N20DCCN088',NULL,NULL,'2000-01-01','n20dccn088@student.ptithcm.edu.vn','Ân','Đặng Mai Hồng','$2a$10$vWPwucwOW86a5itZGf4OiOSKYdjt/Fv/ZS49vs1n0ZmbrgZQrPxW2',NULL,NULL,'MALE',1),('N20DCCN089',NULL,NULL,'2000-01-01','n20dccn089@student.ptithcm.edu.vn','Cường','Đào Xuân','$2a$10$B2eY9lR03JLUjwCwCDa1COA2H9JT9e1ums/HtIMLQ2FxHNnJExv/i',NULL,NULL,'MALE',1),('N20DCCN090',NULL,NULL,'2000-01-01','n20dccn090@student.ptithcm.edu.vn','Chiến','Lê Trọng','$2a$10$Yy6dhsv4aBU/K0fZO3W6T.q6kxyx4Sjz9jKmhEd84jcrgASoKCgF.',NULL,NULL,'MALE',1),('N20DCCN091',NULL,NULL,'2000-01-01','n20dccn091@student.ptithcm.edu.vn','Dinh','Võ Quốc','$2a$10$EL2kClE7mWDP3H7HiIPbvu0d4aolh9BkD0BSOZyMKj9ozZT3Ln.Qi',NULL,NULL,'MALE',1),('N20DCCN092',NULL,NULL,'2000-01-01','n20dccn092@student.ptithcm.edu.vn','Duy','Nguyễn Hoàng','$2a$10$5zg3zHHENSx1DWdP03EkL./kjk3WtXyNjuo78pkcqDXzRb45gq16u',NULL,NULL,'MALE',1),('N20DCCN093',NULL,NULL,'2000-01-01','n20dccn093@student.ptithcm.edu.vn','Đại','Nguyễn Văn','$2a$10$DZsy5ffAFSpytke/TDQyT.fZuG6ExnPafCJkP/ydaGzssEfPb7uHC',NULL,NULL,'MALE',1),('N20DCCN094',NULL,NULL,'2000-01-01','n20dccn094@student.ptithcm.edu.vn','Đạt','Hồ Quốc','$2a$10$WNy06PyQ3QT00xjIV8iKi.8qYrHGtAMXrtPtBLxVYhgUQfat/MhCO',NULL,NULL,'MALE',1),('N20DCCN095',NULL,NULL,'2000-01-01','n20dccn095@student.ptithcm.edu.vn','Đạt','Nguyễn Minh','$2a$10$aa9sJJE32Nw6wc3tZ8SxUuWFVQ3QBfOUjI2XCq3ewkwi.RGtZsh4S',NULL,NULL,'MALE',1),('N20DCCN096',NULL,NULL,'2000-01-01','n20dccn096@student.ptithcm.edu.vn','Đạt','Nguyễn Tiến','$2a$10$E4DQjw0I9XePwW9aCu.j6uyWFOvzk87tcwaPyLeoOsWjDrGnzXFMm',NULL,NULL,'MALE',1),('N20DCCN097',NULL,NULL,'2000-01-01','n20dccn097@student.ptithcm.edu.vn','Hải','Mai Thanh','$2a$10$UHcQziILEab4JIbb9/QvXe9sbPCSLJI9P8/aJHebhEEgtTFKWQ5vK',NULL,NULL,'MALE',1),('N20DCCN098',NULL,NULL,'2000-01-01','n20dccn098@student.ptithcm.edu.vn','Hân','Nguyễn Hoài','$2a$10$mdfCAx5E3YCf/pO48Zf.XOOphY8jJA8r6re10pZUeuax8wY65WcpG',NULL,NULL,'MALE',1),('N20DCCN099',NULL,NULL,'2000-01-01','n20dccn099@student.ptithcm.edu.vn','Hiền','Nguyễn Thị','$2a$10$sE309qG.w6yQvgi6wCJL9OtY4JYdGccKKKVrxSwojFon8vCy/ybwq',NULL,NULL,'MALE',1),('N20DCCN100',NULL,NULL,'2000-01-01','n20dccn100@student.ptithcm.edu.vn','Hiền','Nguyễn Thị Thu','$2a$10$zl2tj9oc2yUOLYQOKxrU8uVk703RYceGP6xzS5FiKV0naFLCtcJYC',NULL,NULL,'MALE',1),('N20DCCN102',NULL,NULL,'2000-01-01','n20dccn102@student.ptithcm.edu.vn','Hiếu','Nguyễn Hữu','$2a$10$hAPWeJXC3A3h7dC6IgW8vOsX1lgEr22ZAWsHsnzDwU6lUzmMvGZ8e',NULL,NULL,'MALE',1),('N20DCCN103',NULL,NULL,'2000-01-01','n20dccn103@student.ptithcm.edu.vn','Hiệu','Đào Huy','$2a$10$WESeNyh/J6qdCz0dAHrVU.HLs5EGrUtZTE17XZdwrykKHqSKQa8S.',NULL,NULL,'MALE',1),('N20DCCN104',NULL,NULL,'2000-01-01','n20dccn104@student.ptithcm.edu.vn','Hoàng','Trần Minh','$2a$10$Bt6LsOGc7VduH/ifakTLkuOJLKz8vEjZ7mEHDpty2tGWfGadQuuBq',NULL,NULL,'MALE',1),('N20DCCN105',NULL,NULL,'2000-01-01','n20dccn105@student.ptithcm.edu.vn','Hùng','Lê Phi','$2a$10$1bbRmBNZeRAVQrtmtOuDtuarjL3znsDUNSrSSFl3VK.W9REifxq7.',NULL,NULL,'MALE',1),('N20DCCN106',NULL,NULL,'2000-01-01','n20dccn106@student.ptithcm.edu.vn','Huy','Nguyễn Thanh','$2a$10$Ft7CLlZ3IHgCUxOLR1E.P.Mje3VkWRhL9a0aFGPIxSSpNtjtT88U2',NULL,NULL,'MALE',1),('N20DCCN107',NULL,NULL,'2000-01-01','n20dccn107@student.ptithcm.edu.vn','Hưng','Võ Hoàng','$2a$10$CH.lG8t6kR/7em9zW3zzuuDOcGaXkrDaWk7Zlg.Hryrss5G0E1Uii',NULL,NULL,'MALE',1),('N20DCCN108',NULL,NULL,'2000-01-01','n20dccn108@student.ptithcm.edu.vn','Hữu','Nguyễn Thanh','$2a$10$radI4C4xbyZOVU161XUGvOQRJKpj.y3KrgyIUD89zT2SvdNBQtp2S',NULL,NULL,'MALE',1),('N20DCCN109',NULL,NULL,'2000-01-01','n20dccn109@student.ptithcm.edu.vn','Kiều','Nguyễn Thiên','$2a$10$r.uAvjp3Wyt/EjEYe2KArOwN/Bw3dMmTs4AFHS7W5X/dQ5tFvu66S',NULL,NULL,'MALE',1),('N20DCCN110',NULL,NULL,'2000-01-01','n20dccn110@student.ptithcm.edu.vn','Kha','Liêu Minh','$2a$10$bL0FeiwbJ959igJ6t5H1keVlRK44A4DiHJaVEgQfEETNfMdpGXf2G',NULL,NULL,'MALE',1),('N20DCCN111',NULL,NULL,'2000-01-01','n20dccn111@student.ptithcm.edu.vn','Khánh','Đào Tâm','$2a$10$IrPF0QO6UGT8p35PCURy6.ltpAonhp1JAkIqfDFgw.HSGEDBej4aW',NULL,NULL,'MALE',1),('N20DCCN112',NULL,NULL,'2000-01-01','n20dccn112@student.ptithcm.edu.vn','Khánh','Từ Văn','$2a$10$/64TUtfxI7yKn0VINQi79.EBDOnFkgCNKmyGLlPcnyJASHUDsVga.',NULL,NULL,'MALE',1),('N20DCCN113',NULL,NULL,'2000-01-01','n20dccn113@student.ptithcm.edu.vn','Khôi','Nguyễn Hoàng Nguyên','$2a$10$XecDqq3GYXqemTU0boZZw.eNcydiSAfi.fHO6YWrd51zv.jv9dY5K',NULL,NULL,'MALE',1),('N20DCCN114',NULL,NULL,'2000-01-01','n20dccn114@student.ptithcm.edu.vn','Lâm','Mai Phương','$2a$10$qdsZ1XPPJHsGCESiViKmx.OQzKrAwWAlUmgW98Za4C1Gpv3jQXg3K',NULL,NULL,'MALE',1),('N20DCCN115',NULL,NULL,'2000-01-01','n20dccn115@student.ptithcm.edu.vn','Long','Dương Ngọc Duy','$2a$10$WHsNR3a2V.pQFhEGxmddzOQhrv6hQiSxQ62CqdlR.OI/6yUtVynxa',NULL,NULL,'MALE',1),('N20DCCN117',NULL,NULL,'2000-01-01','n20dccn117@student.ptithcm.edu.vn','Luận','Đào Quốc','$2a$10$F7d3hnu6EjQ2cayL8a6SkOs2PKhSCgTpUXgxA1.zccWKy3cssA0I.',NULL,NULL,'MALE',1),('N20DCCN118',NULL,NULL,'2000-01-01','n20dccn118@student.ptithcm.edu.vn','Minh','Trang Tuấn','$2a$10$JU0MzDvcBC4C8v7GMnWF0ORVRoqRabVI/Z9m2XRf/BJmA9b0KZrFO',NULL,NULL,'MALE',1),('N20DCCN120',NULL,NULL,'2000-01-01','n20dccn120@student.ptithcm.edu.vn','Nghĩa','Nguyễn Hữu','$2a$10$Tgc1vu2tJOlg5iWuo9X7tuAPawu1p1osqUS9P6cO5ZttuILFGndFS',NULL,NULL,'MALE',1),('N20DCCN121',NULL,NULL,'2000-01-01','n20dccn121@student.ptithcm.edu.vn','Nghiêm','Lê Gia','$2a$10$E6oz4YF3k9Bqv2EtCKZtmOlnPzJ5.b/MFSWtdfZF0OUNA2GNjSHXm',NULL,NULL,'MALE',1),('N20DCCN122',NULL,NULL,'2000-01-01','n20dccn122@student.ptithcm.edu.vn','Nhân','Nguyễn Trọng','$2a$10$x6drEl1THTM0UKPTth2dROoWmoc97NmlWGyXkYgKvUqhQUzmKBNLm',NULL,NULL,'MALE',1),('N20DCCN123',NULL,NULL,'2000-01-01','n20dccn123@student.ptithcm.edu.vn','Nhật','Nguyễn Xuân','$2a$10$37ZYyWp/.SbJUgJLAmvr4ewRzuV6ROnKspeTjXMHVli58U1ZgMlxa',NULL,NULL,'MALE',1),('N20DCCN125',NULL,NULL,'2000-01-01','n20dccn125@student.ptithcm.edu.vn','Phi','Nguyễn Dương','$2a$10$aOddoo/sr.2RZ/FTcp8MkuIP0PHE90sq5q2/h89GhgtPvwtb7U/RC',NULL,NULL,'MALE',1),('N20DCCN126',NULL,NULL,'2000-01-01','n20dccn126@student.ptithcm.edu.vn','Phi','Nguyễn Quốc Khả','$2a$10$NpdUxiJKBSOhBW3lMHu/n.VfXOG40mkBDoCazhwlbNtsChGI2dk2O',NULL,NULL,'MALE',1),('N20DCCN127',NULL,NULL,'2000-01-01','n20dccn127@student.ptithcm.edu.vn','Phi','Nguyễn Quốc','$2a$10$h7R5PUWWliw2VCAwEk1vCORl4i2WM18JuATx3wTii5OBG.A47jvLi',NULL,NULL,'MALE',1),('N20DCCN128',NULL,NULL,'2000-01-01','n20dccn128@student.ptithcm.edu.vn','Phúc','Lê Văn','$2a$10$LJVsozd9rWlOoTs4o.P/lO96Ftkzs/k.aVd4Q76n18YB1IaM4CuBC',NULL,NULL,'MALE',1),('N20DCCN129',NULL,NULL,'2000-01-01','n20dccn129@student.ptithcm.edu.vn','Phương','Nguyễn Phan Đình','$2a$10$f0Kmav/hEbnRDGeXoRWPuuj5gb1tZyLKAtiyd6OJFbHYKLGAhnXD2',NULL,NULL,'MALE',1),('N20DCCN130',NULL,NULL,'2000-01-01','n20dccn130@student.ptithcm.edu.vn','Quang','Nguyễn Vũ','$2a$10$uHlG28DSSwbDFxFqkAqOFu37eptulxkHUS18zTerUcbg.qQ9Xo6Te',NULL,NULL,'MALE',1),('N20DCCN131',NULL,NULL,'2000-01-01','n20dccn131@student.ptithcm.edu.vn','Quy','Nguyễn Trần Tấn','$2a$10$84fpNG4Z7c4RtOLh2A0Q6eo9KOruNPML7rBN.Irh7MMNe396rCn2m',NULL,NULL,'MALE',1),('N20DCCN133',NULL,NULL,'2000-01-01','n20dccn133@student.ptithcm.edu.vn','Quỳnh','Trần Đức','$2a$10$rFG7ZrvD0PiA0ZenACUts.GTeFYpfB4zUp/kNsLTtxRiIKuLwwUCa',NULL,NULL,'MALE',1),('N20DCCN134',NULL,NULL,'2000-01-01','n20dccn134@student.ptithcm.edu.vn','Sơn','Trịnh Thanh','$2a$10$tg1.zDtYTCon/EWh8E3CMu/wBQ4UvS5lhkxdqg3H8qKxJaEhdPl4i',NULL,NULL,'MALE',1),('N20DCCN135',NULL,NULL,'2000-01-01','n20dccn135@student.ptithcm.edu.vn','Tài','Nguyễn Văn','$2a$10$k3.qOIKMRABv06mOq88oneAHKM30VtMl5I62vJfk33vghU8N/gF5O',NULL,NULL,'MALE',1),('N20DCCN136',NULL,NULL,'2000-01-01','n20dccn136@student.ptithcm.edu.vn','Tiến','Nguyễn Đình','$2a$10$vTaPqn1odp5BOxgk0GgRg..lgIBAQtg5vZg0UMEdRbfxXMF9/GiSm',NULL,NULL,'MALE',1),('N20DCCN137',NULL,NULL,'2000-01-01','n20dccn137@student.ptithcm.edu.vn','Tín','Văn Trung','$2a$10$ChxaBbyvRa.zd5q8Knmgg.iKk23s.e5Q1vxiUTqeua3dADSdEEho2',NULL,NULL,'MALE',1),('N20DCCN138',NULL,NULL,'2000-01-01','n20dccn138@student.ptithcm.edu.vn','Tịnh','Phạm Khánh','$2a$10$ZxySa9efqJPDLlrijaBAYera3FmPkKy0lc/qXXvan/11ofOkd1/HW',NULL,NULL,'MALE',1),('N20DCCN139',NULL,NULL,'2000-01-01','n20dccn139@student.ptithcm.edu.vn','Toàn','Chung Khánh','$2a$10$xXdNpy9NumL4dD1odhKc3e0S8YD4j3R9uDgcsiQWP2UoLaVTC1Z36',NULL,NULL,'MALE',1),('N20DCCN140',NULL,NULL,'2000-01-01','n20dccn140@student.ptithcm.edu.vn','Toản','Nguyễn Quốc','$2a$10$7Kzt066G2514IIQTUGZYN.HKRVfg1t4dY1mgFROEorlIjpgoNJ3u2',NULL,NULL,'MALE',1),('N20DCCN141',NULL,NULL,'2000-01-01','n20dccn141@student.ptithcm.edu.vn','Thanh','Hà Xuân','$2a$10$WsVP6aBcBImyWfbkw0n8jO5txGnDmD9D8HsAesugrDMvdK4S6lPAG',NULL,NULL,'MALE',0),('N20DCCN142',NULL,NULL,'2000-01-01','n20dccn142@student.ptithcm.edu.vn','Thanh','Nguyễn Huỳnh Trúc','$2a$10$NQJ2SVp8Td.cvdF/RkeI6ud1WdBNqoZ.oX7GCw1f.9Cj29qf5pgCa',NULL,NULL,'MALE',1),('N20DCCN143',NULL,NULL,'2000-01-01','n20dccn143@student.ptithcm.edu.vn','Thành','Lê Việt','$2a$10$jnzNC.ponBmXJq0nNNbHwOcLunAxdAgH0KLAdGoYt1RFfZy/ahLMW',NULL,NULL,'MALE',1),('N20DCCN144',NULL,NULL,'2000-01-01','n20dccn144@student.ptithcm.edu.vn','Thảo','Nguyễn Thị Thanh','$2a$10$7zlnThnbvU7UmS15J1cJvu78afAuBCfmiSIqiNf/IB2XtbT1QDHxa',NULL,NULL,'MALE',1),('N20DCCN145',NULL,NULL,'2000-01-01','n20dccn145@student.ptithcm.edu.vn','Thảo','Phạm Thụy Dạ','$2a$10$SVYXxB.ecQt4suNV/YkAoeVnGfyBaHR9PLFQBqWQD6bQFyXDMq9I.',NULL,NULL,'MALE',1),('N20DCCN146',NULL,NULL,'2000-01-01','n20dccn146@student.ptithcm.edu.vn','Thắng','Phu Dự','$2a$10$BWkfvI1q3DI4wj4OOaaEAeiprE3eTZST49TF5uJgrGeWFGUauy48G',NULL,NULL,'MALE',1),('N20DCCN147',NULL,NULL,'2000-01-01','n20dccn147@student.ptithcm.edu.vn','Thiên','Đỗ Duy','$2a$10$RmDhAWgKOjWv57b82zENYe8wXMnYioWuvWxvgWppwpH89wsYpHm0S',NULL,NULL,'MALE',1),('N20DCCN148',NULL,NULL,'2000-01-01','n20dccn148@student.ptithcm.edu.vn','Thiện','Phan Minh','$2a$10$QARBf/yEZaANEfgaEQANtuXo6EaZm0.JOJlJu8tjGXrogSsdeLW52',NULL,NULL,'MALE',1),('N20DCCN149',NULL,NULL,'2000-01-01','n20dccn149@student.ptithcm.edu.vn','Thịnh','Lê Quang QuốC','$2a$10$RB0nHYQoGamMvkrnHzzfjuZ1o7YjrQL0rV0oJ2xYWO6O.M1yVVk0O',NULL,NULL,'MALE',1),('N20DCCN150',NULL,NULL,'2000-01-01','n20dccn150@student.ptithcm.edu.vn','Thịnh','Nguyễn Văn','$2a$10$k5eVX2lZGj67pIJ2YVAed.jL7AvMy48tgW54AZZbmHLz/PjVrqeu.',NULL,NULL,'MALE',1),('N20DCCN151',NULL,NULL,'2000-01-01','n20dccn151@student.ptithcm.edu.vn','Thịnh','Nguyễn Xuân','$2a$10$OCodRcBdOE4KjvqqTpZ/Xut3VB/LX3dWbP2wcHsq9lRCKgTuN6Rxm',NULL,NULL,'MALE',1),('N20DCCN152',NULL,NULL,'2000-01-01','n20dccn152@student.ptithcm.edu.vn','Thông','Nguyễn Ngọc','$2a$10$FdFio56bI3Qv983fT8INeOY2eEmNSc2zJGMU9sWFZbB7L3cXrz/xm',NULL,NULL,'MALE',1),('N20DCCN153',NULL,NULL,'2000-01-01','n20dccn153@student.ptithcm.edu.vn','Thuận','Ngô Đức','$2a$10$zFkzEVEdA1YWLh8X2U5nFeOyZ7TCXCWP0QGuW3xyYZqnV6f9AJvvO',NULL,NULL,'MALE',1),('N20DCCN154',NULL,NULL,'2000-01-01','n20dccn154@student.ptithcm.edu.vn','Thúy','Trần Thị','$2a$10$CV/GRbN9QiqirMJgB4IR3..o7ouzrKp4/nTB4DADxlQZZGWJjDhO6',NULL,NULL,'MALE',1),('N20DCCN155',NULL,NULL,'2000-01-01','n20dccn155@student.ptithcm.edu.vn','Trí','Nguyễn Đỗ','$2a$10$leYvo4B23qsgE.3VGgQecujYffm/J5IVmYxAlSKo1IXSf9WHTGCP.',NULL,NULL,'MALE',1),('N20DCCN156',NULL,NULL,'2000-01-01','n20dccn156@student.ptithcm.edu.vn','Triệu','Bùi Quốc','$2a$10$nC.eu9F3dVZ7VsF30xsGLuamonUDBtCrFDa3bO4b3RQs4GrvtmEI6',NULL,NULL,'MALE',1),('N20DCCN157',NULL,NULL,'2000-01-01','n20dccn157@student.ptithcm.edu.vn','Triệu','Lê Tuấn','$2a$10$zrtoTU0ThsnHtIzvGZ/k1OxjQuX9zhMizq1V5eEBut/GYY1ERR4cS',NULL,NULL,'MALE',1),('N20DCCN158',NULL,NULL,'2000-01-01','n20dccn158@student.ptithcm.edu.vn','Trúc','Nguyễn Thanh','$2a$10$JcmQ83zKWFqPYyO8MYhM2OpfMeCdRqsLb7vhD6sEyVk.eFzoUBIW.',NULL,NULL,'MALE',1),('N20DCCN159',NULL,NULL,'2000-01-01','n20dccn159@student.ptithcm.edu.vn','Trung','Nguyễn Đắc Xuân','$2a$10$qmX4rDdspVyeYsRWg9qaQOmtj96zdbDBR921Sx93ftxYvLIsunKNK',NULL,NULL,'MALE',1),('N20DCCN160',NULL,NULL,'2000-01-01','n20dccn160@student.ptithcm.edu.vn','Trung','Nguyễn Thành','$2a$10$locFHIDXSsu5gMb4UGNLxezgUE4BTm6YNknF/YyXfpGQhoL/ez2wm',NULL,NULL,'MALE',1),('N20DCCN161',NULL,NULL,'2000-01-01','n20dccn161@student.ptithcm.edu.vn','Trường','Nguyễn Văn','$2a$10$eaMmR1hYUO.6.oNzIc9DIO9aBOy4ATvsWjBVPpsXi6EOkkLGImsGS',NULL,NULL,'MALE',1),('N20DCCN162',NULL,NULL,'2000-01-01','n20dccn162@student.ptithcm.edu.vn','Vinh','Lương Tấn','$2a$10$iwy4V8RTPGLfn8v5K48wpeFaWvn4c7cm9K7uX0MtmF88qlkatSc8i',NULL,NULL,'MALE',1),('N20DCCN163',NULL,NULL,'2000-01-01','n20dccn163@student.ptithcm.edu.vn','Vinh','Nguyễn Gia','$2a$10$zv10Z/mVO4hv.OrRieJUYORiHkoZKLHrUdYs69FJx7NLA9OMc35SW',NULL,NULL,'MALE',1),('N20DCCN165',NULL,NULL,'2000-01-01','n20dccn165@student.ptithcm.edu.vn','Vũ','Nguyễn Thanh Tuấn','$2a$10$NRluLtFyH0rkTVRR.WnDTOqtT95/.diSgmDW3SCrsj6/PeQ6zTOWe',NULL,NULL,'MALE',1),('N21DCAT001',NULL,NULL,'2000-01-01','n21dcat001@student.ptithcm.edu.vn','Anh','Phạm Thị Mai','$2a$10$pIMwKNeaj3w9hKu9.cwEouFEZCBbGvqaB9HUUlasMr8cu99ibIvCW',NULL,NULL,'MALE',1),('N21DCAT002',NULL,NULL,'2000-01-01','n21dcat002@student.ptithcm.edu.vn','Anh','Vũ Trần Quỳnh','$2a$10$NZB9Ej5Z3nZOVzGbka6z1O/iXwGwVC7EXKNk8x4TTrn5v0YQ3gHiG',NULL,NULL,'MALE',1),('N21DCAT004',NULL,NULL,'2000-01-01','n21dcat004@student.ptithcm.edu.vn','Bảo','Nguyễn Chí','$2a$10$M7xaNACUS740VT0/IusfjOUtXHRbjGhEFHcsIsWcHL35BbVz83S3G',NULL,NULL,'MALE',1),('N21DCAT005',NULL,NULL,'2000-01-01','n21dcat005@student.ptithcm.edu.vn','Biện','Nguyễn Trần Hùng','$2a$10$jZTyiSELFIKYBuhRwodcE./aGpKkX9kMjBgw/.rASEIx5Ym2YYVt2',NULL,NULL,'MALE',1),('N21DCAT006',NULL,NULL,'2000-01-01','n21dcat006@student.ptithcm.edu.vn','Châu','Ngô Ngọc Minh','$2a$10$jN9Vp3wbkXi/.mRHxMDfC.SyQt4ed5Qmhm/w.JcpyefjxM3wfDffm',NULL,NULL,'MALE',1),('N21DCAT007',NULL,NULL,'2000-01-01','n21dcat007@student.ptithcm.edu.vn','Cường','Hoàng','$2a$10$UBw7bo7G33xSQAzm1R4KoexFo9omIhGJ6vCkJJ7NH/MAJOqQnPtdW',NULL,NULL,'MALE',1),('N21DCAT008',NULL,NULL,'2000-01-01','n21dcat008@student.ptithcm.edu.vn','Cường','Trần Phú','$2a$10$JmoCzkY7nG4kOHL0Grctf.IzbMZ8cOboBFuX/cc3AThFyyrfDfUpW',NULL,NULL,'MALE',1),('N21DCAT010',NULL,NULL,'2000-01-01','n21dcat010@student.ptithcm.edu.vn','Đạt','Ngô Văn','$2a$10$M6BziCgkAK9fsyB4gzKciu7M9yt1R.sRvUR0NTD5Ov942hayaE1Ry',NULL,NULL,'MALE',1),('N21DCAT011',NULL,NULL,'2000-01-01','n21dcat011@student.ptithcm.edu.vn','Định','Lê Quang','$2a$10$ASXdYYh7nnU7Tvv2vgN9s.3txTF5iquHDCY6Qd41xkD2w7cH7.Fe2',NULL,NULL,'MALE',1),('N21DCAT013',NULL,NULL,'2000-01-01','n21dcat013@student.ptithcm.edu.vn','Đức','Lê Khánh Bình','$2a$10$bE17p6ET/0eyQz7VbDCJduVsPB9xo6.KoabnJiS37ZCyauHZAn1n.',NULL,NULL,'MALE',1),('N21DCAT014',NULL,NULL,'2000-01-01','n21dcat014@student.ptithcm.edu.vn','Đức','Trần Tiến','$2a$10$fXG2xP3tZRcqnMrBIsruZunegZOQ0MmSbOn6z42yhqK889bcjb.Ci',NULL,NULL,'MALE',1),('N21DCAT015',NULL,NULL,'2000-01-01','n21dcat015@student.ptithcm.edu.vn','Dung','Nguyễn Thị Kim','$2a$10$0ZHWJayX5w8uX9lXM3N.cOlZ0Ez4lHzC4cUVrpXQpWQMV9OW.5TpG',NULL,NULL,'MALE',1),('N21DCAT017',NULL,NULL,'2000-01-01','n21dcat017@student.ptithcm.edu.vn','Hậu','Đinh Văn','$2a$10$LB030VYaslHhkvQhKq5ineyRN11YYsc4bNicG1KoSRKmC4v/YU3r6',NULL,NULL,'MALE',1),('N21DCAT018',NULL,NULL,'2000-01-01','n21dcat018@student.ptithcm.edu.vn','Hiếu','Nguyễn Đăng','$2a$10$EHWhdHijrSVkc9NjDWatp.U.2HibQd5teN90zeEOUm0g.VT7sNcAG',NULL,NULL,'MALE',1),('N21DCAT019',NULL,NULL,'2000-01-01','n21dcat019@student.ptithcm.edu.vn','Hiếu','Nguyễn Hoàng Minh','$2a$10$.xlcDyx82xRCWFF6vv7hmun1raU02eW/je/HLvucqNOd1AKGUcEoK',NULL,NULL,'MALE',1),('N21DCAT020',NULL,NULL,'2000-01-01','n21dcat020@student.ptithcm.edu.vn','Hiếu','Nguyễn Minh','$2a$10$X7zUFgg105BaqDQ/2h4ZOu8.S2UtOmK/uN78GEwUfIakBWWiS3qF6',NULL,NULL,'MALE',1),('N21DCAT021',NULL,NULL,'2000-01-01','n21dcat021@student.ptithcm.edu.vn','Hiếu','Nguyễn Quang','$2a$10$YKWP4feN6D7VxX8vZ7TEXOQYKYm3aslrGrEjgRqZF.e4Rc/bGeHCW',NULL,NULL,'MALE',1),('N21DCAT022',NULL,NULL,'2000-01-01','n21dcat022@student.ptithcm.edu.vn','Hoàng','Đoàn Văn Minh','$2a$10$Td84S3pJhtdwCY6/erz7XuljA14vHK.Qc8.dbiaRrEkeBS1F9Vmqm',NULL,NULL,'MALE',1),('N21DCAT024',NULL,NULL,'2000-01-01','n21dcat024@student.ptithcm.edu.vn','Huy','Lại Hoàng','$2a$10$ogrgj6RRCXeT8qDh5MnXk.3gMRitzM0taySD33h/TETD9LVPL65GS',NULL,NULL,'MALE',1),('N21DCAT025',NULL,NULL,'2000-01-01','n21dcat025@student.ptithcm.edu.vn','Kha','Trần Quang','$2a$10$ucPLKrAqRnN4hyQAbquXpOkm5VePgtTpQBzFBvwzOKg.5/j7GtgSi',NULL,NULL,'MALE',1),('N21DCAT026',NULL,NULL,'2000-01-01','n21dcat026@student.ptithcm.edu.vn','Khoa','Nguyễn Trọng Đăng','$2a$10$9SRVPoWv.xQALW9C3LQPG.5JmWoLJFKMuF17rL.jsfJwQZi/EwQo2',NULL,NULL,'MALE',1),('N21DCAT027',NULL,NULL,'2000-01-01','n21dcat027@student.ptithcm.edu.vn','Khoa','Tạ Minh','$2a$10$EMedpK.H/Xx.aaBWHi.30uQ2j8Bc9Bfh9kgmCq4jqm/GINp7klLKq',NULL,NULL,'MALE',1),('N21DCAT028',NULL,NULL,'2000-01-01','n21dcat028@student.ptithcm.edu.vn','Linh','Huỳnh Đức','$2a$10$X6S1Z.BAvh0NixR7Obx5u.qRjZLAO50CyKD1FUttfdLqr2T/OW1Va',NULL,NULL,'MALE',1),('N21DCAT029',NULL,NULL,'2000-01-01','n21dcat029@student.ptithcm.edu.vn','Long','Trần Lê Huỳnh','$2a$10$WytHBrBbsJqIaafbFJ6ebe7HgMp7C2tQOE46zBM7A5Fy0PQ0KG7DK',NULL,NULL,'MALE',1),('N21DCAT030',NULL,NULL,'2000-01-01','n21dcat030@student.ptithcm.edu.vn','Lý','Phan Hoàng','$2a$10$POnZjMGkDQcFxa9BYl.Bdu4KCvQujHABOZl0Yc6k2r3vDAKDQrYWe',NULL,NULL,'MALE',1),('N21DCAT031',NULL,NULL,'2000-01-01','n21dcat031@student.ptithcm.edu.vn','Minh','Đặng Trần','$2a$10$sdyOieb.P4eQOH6GaroCleMxq7CKL03D0.jZIHIPampVSkhtzeTM6',NULL,NULL,'MALE',1),('N21DCAT033',NULL,NULL,'2000-01-01','n21dcat033@student.ptithcm.edu.vn','Nam','Nguyễn Hoài','$2a$10$mc3MT1UFqqpux19jAhdRz.SCUFO9dC9aqfGrqM/uKtoXPIyp1/Lc6',NULL,NULL,'MALE',1),('N21DCAT034',NULL,NULL,'2000-01-01','n21dcat034@student.ptithcm.edu.vn','Nghĩa','Nguyễn Trung','$2a$10$XJLhzF3uHNSLV2e4Y/mwSe4LE0Wq5QMaGilwee3fYOTKdr9wejZca',NULL,NULL,'MALE',1),('N21DCAT035',NULL,NULL,'2000-01-01','n21dcat035@student.ptithcm.edu.vn','Ngọc','Võ Văn','$2a$10$kSxtDdHoxChvOk9tm0MpO.gxx5kmlruAA4omLb1fLR./4g2kH5W5W',NULL,NULL,'MALE',1),('N21DCAT036',NULL,NULL,'2000-01-01','n21dcat036@student.ptithcm.edu.vn','Nguyên','Võ Hồng','$2a$10$uYHC2TPJM6Jjz8QKF8JeUOonJzHFen30VmbNukHXWpPqlYhvPegOe',NULL,NULL,'MALE',1),('N21DCAT037',NULL,NULL,'2000-01-01','n21dcat037@student.ptithcm.edu.vn','Nhật','Hồ Thanh','$2a$10$PXCK5e5H/k359TCqs3fJKeq8vlks5l17/c83vN8cuXGI3DUoBABwC',NULL,NULL,'MALE',1),('N21DCAT038',NULL,NULL,'2000-01-01','n21dcat038@student.ptithcm.edu.vn','Phát','Tạ Tiến','$2a$10$0VNp1I.pVJjTgo37I8V4CuarnyeiHzqVHKB4YwZIw58O.TGtlRlay',NULL,NULL,'MALE',1),('N21DCAT039',NULL,NULL,'2000-01-01','n21dcat039@student.ptithcm.edu.vn','Phúc','Nguyễn Hoàng','$2a$10$ZIIYdGkAF8Aw0GqfCEfTSuIfVb2US7OkjFrCsmaF.Z9lmKI3FF2cO',NULL,NULL,'MALE',1),('N21DCAT041',NULL,NULL,'2000-01-01','n21dcat041@student.ptithcm.edu.vn','Phụng','Võ Anh','$2a$10$KxLOjVSAwC7mGPKJupmiluAKS1GNLGLrNr6CoJD1C.AN5KTPsS4he',NULL,NULL,'MALE',1),('N21DCAT042',NULL,NULL,'2000-01-01','n21dcat042@student.ptithcm.edu.vn','Quân','Huỳnh Minh','$2a$10$cl6hqxXHpfyTohp7R5DASuCeQI2N98za1L/4khe7HKV4wbHi2MsQy',NULL,NULL,'MALE',1),('N21DCAT043',NULL,NULL,'2000-01-01','n21dcat043@student.ptithcm.edu.vn','Quân','Nguyễn Anh','$2a$10$Jo9BR9nSf0Ygyg9igYiXQOHIu05Z8XBRsExnQ7pV5bB.fH9jmBmDm',NULL,NULL,'MALE',1),('N21DCAT044',NULL,NULL,'2000-01-01','n21dcat044@student.ptithcm.edu.vn','Tâm','Đào Duy','$2a$10$9gCX9kINPWajtwtUl.Xu3uHbKbWG2ZIh.Qqi.NAecguibUfuPQwLu',NULL,NULL,'MALE',1),('N21DCAT045',NULL,NULL,'2000-01-01','n21dcat045@student.ptithcm.edu.vn','Tân','Huỳnh Trần Nhật','$2a$10$Cpro64ER3ansvAfm5Ci8l.61dLZ7b/3/T1OMUysC0BnzDKRLyms3K',NULL,NULL,'MALE',1),('N21DCAT046',NULL,NULL,'2000-01-01','n21dcat046@student.ptithcm.edu.vn','Tân','Trần Ngọc','$2a$10$z7m9hevoB2Ugm43ddCFEnOUWJ/r1cH/g0BXEyZyTrYf7yG63O7Nay',NULL,NULL,'MALE',1),('N21DCAT047',NULL,NULL,'2000-01-01','n21dcat047@student.ptithcm.edu.vn','Thái','Nguyễn Trọng','$2a$10$2kqrq3kAGv2UwobiHKsn1.FKsVTkkO7.98BPXlT1txSJi0rw3JnVG',NULL,NULL,'MALE',1),('N21DCAT049',NULL,NULL,'2000-01-01','n21dcat049@student.ptithcm.edu.vn','Thắng','Nguyễn Lâm Tất','$2a$10$G8LAL.kjh.jl8G14b1DsculwslPj8l.cFoocC5pXnIXojmaz5sHgu',NULL,NULL,'MALE',1),('N21DCAT050',NULL,NULL,'2000-01-01','n21dcat050@student.ptithcm.edu.vn','Thắng','Trần Đức','$2a$10$b0jYvrFq1iUjwoWYLYbCm.PCNkVF003mmDhG3b6msUkkUAM1aMZm2',NULL,NULL,'MALE',1),('N21DCAT051',NULL,NULL,'2000-01-01','n21dcat051@student.ptithcm.edu.vn','Thiên','Đặng Kỳ','$2a$10$VjpByPRFjL9Kp2GF4MLDi.1cfu5b7L.7JcEyFQgYgoa4gge.m.XgC',NULL,NULL,'MALE',1),('N21DCAT052',NULL,NULL,'2000-01-01','n21dcat052@student.ptithcm.edu.vn','Thiện','Trần Đức','$2a$10$FnBqlaNR4hsm7Ig4.n3plupETxtnU2B3k6a6Ce5rny5.w.3cZJ3Mi',NULL,NULL,'MALE',1),('N21DCAT053',NULL,NULL,'2000-01-01','n21dcat053@student.ptithcm.edu.vn','Thịnh','Nguyễn Thế','$2a$10$rroq/DM746uSml1CQ4b0ROH/54OaVtkyQOxHCToUZGetEMoyovCzq',NULL,NULL,'MALE',1),('N21DCAT054',NULL,NULL,'2000-01-01','n21dcat054@student.ptithcm.edu.vn','Thức','Nguyễn Hoàng','$2a$10$SYGuFLmLZknqRT2RbJedHepzXWy/ESlol2bPEQqtZyS/GWkPCiFGW',NULL,NULL,'MALE',1),('N21DCAT055',NULL,NULL,'2000-01-01','n21dcat055@student.ptithcm.edu.vn','Thương','Tô Thành','$2a$10$1FIxXhY7NllQ7lybyZgy6.5os0WmF3/OMNKSg4q63lrN32JL0hIde',NULL,NULL,'MALE',1),('N21DCAT056',NULL,NULL,'2000-01-01','n21dcat056@student.ptithcm.edu.vn','Tiên','Lê Thị Mỹ','$2a$10$aT6Vss7vkTuOOV3dx0zprebf277XgbeGICCpbH/S11bZivIKRYsmq',NULL,NULL,'MALE',1),('N21DCAT057',NULL,NULL,'2000-01-01','n21dcat057@student.ptithcm.edu.vn','Toàn','Đinh Quốc','$2a$10$AKzQtfD.qYLUHCraD920Ou0ijD0Utf6MpllDJKJteFn7ed7xBZWwW',NULL,NULL,'MALE',1),('N21DCAT058',NULL,NULL,'2000-01-01','n21dcat058@student.ptithcm.edu.vn','Trí','Bùi Hữu','$2a$10$q0ZCTVOPhLg7ozvVwt7cROUjhzevlcUhAkRKHCtxbzMpPBLw7t7w6',NULL,NULL,'MALE',1),('N21DCAT059',NULL,NULL,'2000-01-01','n21dcat059@student.ptithcm.edu.vn','Trí','Nguyễn Minh','$2a$10$9TXpi7It/JmpyY6sh0T2SOtiJetals/6XHVV0zD5EfKk.tOJ1U4zG',NULL,NULL,'MALE',1),('N21DCAT060',NULL,NULL,'2000-01-01','n21dcat060@student.ptithcm.edu.vn','Trung','Nguyễn Bá','$2a$10$kjjnGQArrlKH371smcLJA.O5Kh/XUBTH7tJlpiHWoqi7XBzcyrYLq',NULL,NULL,'MALE',1),('N21DCAT061',NULL,NULL,'2000-01-01','n21dcat061@student.ptithcm.edu.vn','Tuấn','Lý Thanh','$2a$10$t0iZH9YFdb81MB4URz6pieiBlhLFGC5OjYVejhJniVrwwfkjBCQyW',NULL,NULL,'MALE',1),('N21DCAT062',NULL,NULL,'2000-01-01','n21dcat062@student.ptithcm.edu.vn','Tuấn','Vũ Trần Hoàng','$2a$10$s4Af8EM/dJXaOXYc0pLhgOEaAU66440oqRXXOTz2CrgWC9JW5lNvG',NULL,NULL,'MALE',1),('N21DCAT063',NULL,NULL,'2000-01-01','n21dcat063@student.ptithcm.edu.vn','Tường','Nguyễn Tấn','$2a$10$oZqJk1pMxZ2MPyFoj5yF1ugJ7uuItu4YU4zTGyJubb9qOEsQyyzVK',NULL,NULL,'MALE',1),('N21DCAT065',NULL,NULL,'2000-01-01','n21dcat065@student.ptithcm.edu.vn','Vĩ','Đặng Lợi','$2a$10$GZaYhDGg4eLza9Ni1Q79ae9xIWYItZ.TbNOcE1ZaJzh6wJoFnaeHK',NULL,NULL,'MALE',1),('N21DCAT067',NULL,NULL,'2000-01-01','n21dcat067@student.ptithcm.edu.vn','Tùng','Nguyễn Huy','$2a$10$KDQ1lQgbMT9JW68JubTe2u8exzlr4KwLgHHNCEe.WHag161stTIo6',NULL,NULL,'MALE',1),('N21DCCN002',NULL,NULL,'2000-01-01','n21dccn002@student.ptithcm.edu.vn','An','Trần Kim','$2a$10$/hq4VqsiJG.6Rof4qtNE9eb9e9MvTUvKwx/J.GZEOLLE6jaVGSAUG',NULL,NULL,'MALE',1),('N21DCCN003',NULL,NULL,'2000-01-01','n21dccn003@student.ptithcm.edu.vn','Anh','Bùi Vũ Tuấn','$2a$10$zW6NLZV7t3xNQNGADeqwDuhub8iPSvSbdnI6B0bF4FHiC7ntFKDba',NULL,NULL,'MALE',1),('N21DCCN004',NULL,NULL,'2000-01-01','n21dccn004@student.ptithcm.edu.vn','Anh','Kiều Tuấn Trung','$2a$10$kruihb/q0dHLjUQ9YT7MB.Djfxk8aAmW4bC2ie2w44U1jarUcDY2.',NULL,NULL,'MALE',1),('N21DCCN005',NULL,NULL,'2000-01-01','n21dccn005@student.ptithcm.edu.vn','Anh','Nguyễn Quang','$2a$10$PT4rOewTPhoTy2e/FP3eM.huUE/gkDWTwjI0LQv2tBqTtrzYCnWZK',NULL,NULL,'MALE',1),('N21DCCN006',NULL,NULL,'2000-01-01','n21dccn006@student.ptithcm.edu.vn','Bảo','Nguyễn Duy','$2a$10$I8Xq0mLbJWwciklqYE78r.gBwEPwgVv7i.ADTC7XMsFpvK6S4wzr6',NULL,NULL,'MALE',1),('N21DCCN007',NULL,NULL,'2000-01-01','n21dccn007@student.ptithcm.edu.vn','Bảo','Phạm Phú','$2a$10$S6PxiAH8dPEfS5TKxQ6K1O2TGSaPdAsJ1baDYxjHXgru/zan4EoqW',NULL,NULL,'MALE',1),('N21DCCN008',NULL,NULL,'2000-01-01','n21dccn008@student.ptithcm.edu.vn','Bảo','Võ Gia','$2a$10$oxPnKjgPkwZFTSoMkjnN8e2DCmHjyyBqZKjfeEuefRleCxRjbWK6m',NULL,NULL,'MALE',1),('N21DCCN009',NULL,NULL,'2000-01-01','n21dccn009@student.ptithcm.edu.vn','Châu','Nguyễn Minh','$2a$10$0A9dQftKAoPGtiCc6SEO7ucpHj62Lxq0GYdCF4QlIub9eugNjBm5G',NULL,NULL,'MALE',1),('N21DCCN010',NULL,NULL,'2000-01-01','n21dccn010@student.ptithcm.edu.vn','Chiến','Nguyễn Văn','$2a$10$d0RMM0Aa6DX47lLPEpJ92uXdFpG8ufeWykFuVzBplqcffEnlJBzje',NULL,NULL,'MALE',1),('N21DCCN012',NULL,NULL,'2000-01-01','n21dccn012@student.ptithcm.edu.vn','Chương','Phạm Đỗ Nguyên','$2a$10$xNQ3C8TDdF9zEq//QyqDL.8cKoxSdJVN7yrP5QfacSHnKfgx2/4Ki',NULL,NULL,'MALE',1),('N21DCCN013',NULL,NULL,'2000-01-01','n21dccn013@student.ptithcm.edu.vn','Đạt','Nguyễn Ngọc','$2a$10$rNMUWWil0siMv06TNZitg.GoaDuG3dqecLJ3I5uXbvWdXL8N3BgLe',NULL,NULL,'MALE',1),('N21DCCN015',NULL,NULL,'2000-01-01','n21dccn015@student.ptithcm.edu.vn','Đạt','Nguyễn Trần Tuấn','$2a$10$fpd79EMUPcvXogc4gvJj1OCL51i5jLvSNpWNsT64KxyecMFuWZAcO',NULL,NULL,'MALE',1),('N21DCCN017',NULL,NULL,'2000-01-01','n21dccn017@student.ptithcm.edu.vn','Điệp','Hoàng Linh','$2a$10$H6RwGaynlIcHSXOuXApRpO3JozrkszmjDb0UKgT.vNar4PdE8ZfQ2',NULL,NULL,'MALE',1),('N21DCCN018',NULL,NULL,'2000-01-01','n21dccn018@student.ptithcm.edu.vn','Dũng','Nguyễn Hữu','$2a$10$UFdt7ZovBXfUd1Q3/TdEL.aJq2fQxK28jnhSspDlnw4OFXtIXOG.q',NULL,NULL,'MALE',1),('N21DCCN020',NULL,NULL,'2000-01-01','n21dccn020@student.ptithcm.edu.vn','Dũng','Nguyễn Văn','$2a$10$WkpDzPdxzI2CGWZI7D8/GuhPss5mVv/PrM6cYWWlvI6nVdZJKdUvC',NULL,NULL,'MALE',1),('N21DCCN021',NULL,NULL,'2000-01-01','n21dccn021@student.ptithcm.edu.vn','Dũng','Lê Văn','$2a$10$qo51bYZBJmBbyZQQwoB/q.wPSsrd81nD064phv9rTPcnK7yj8vHiC',NULL,NULL,'MALE',1),('N21DCCN022',NULL,NULL,'2000-01-01','n21dccn022@student.ptithcm.edu.vn','Dương','Phạm Quốc','$2a$10$psoU6TBf9B6myc3wW9FcEOTFNg2PdO5GcpSUPBD0lZ.OoqSYQHEJK',NULL,NULL,'MALE',1),('N21DCCN023',NULL,NULL,'2000-01-01','n21dccn023@student.ptithcm.edu.vn','Duy','Nguyễn Đức','$2a$10$eU7VXKsqd3uzrh.y2iYAkO69o.ciGXAlX1/e4S8HdpLmgifLugZnW',NULL,NULL,'MALE',1),('N21DCCN025',NULL,NULL,'2000-01-01','n21dccn025@student.ptithcm.edu.vn','Duyên','Ngô Thị','$2a$10$teZWtIZiu6Ske9O3sPw2nuhr2kDFGmtmQiatH8KMcU.Ri8xt6vhru',NULL,NULL,'MALE',1),('N21DCCN026',NULL,NULL,'2000-01-01','n21dccn026@student.ptithcm.edu.vn','Giang','Nguyễn Trường','$2a$10$TwLfrwsFESW23xfX4q5Jgu3OZzSWdliys2UXbWSUkOnYdIsf5nAQe',NULL,NULL,'MALE',1),('N21DCCN027',NULL,NULL,'2000-01-01','n21dccn027@student.ptithcm.edu.vn','Hảo','Lê Văn','$2a$10$o80RyOHlootSfPAqG7P2E.veY.zxaHF0/MEPrj.kak1qbvv3RpBeu',NULL,NULL,'MALE',1),('N21DCCN028',NULL,NULL,'2000-01-01','n21dccn028@student.ptithcm.edu.vn','Hậu','Phan','$2a$10$HaWWqqi1ruSjTFGsp97mduDhkbbsti6ps7AuRPcD5KWO8J62rrIom',NULL,NULL,'MALE',1),('N21DCCN030',NULL,NULL,'2000-01-01','n21dccn030@student.ptithcm.edu.vn','Hiệp','Bùi Quang','$2a$10$hUN6F7E5OoyybYMrBm17zee4kNolR1h/Xu6wipN7QgxSCX87LTRgq',NULL,NULL,'MALE',1),('N21DCCN032',NULL,NULL,'2000-01-01','n21dccn032@student.ptithcm.edu.vn','Hoài','Đào Phan Quốc','$2a$10$NY9SuG5Apxg711DLomkBgufH4PE/tjbxnAK3GY19cimHwEd.h7rQe',NULL,NULL,'MALE',1),('N21DCCN033',NULL,NULL,'2000-01-01','n21dccn033@student.ptithcm.edu.vn','Hoàn','Nguyễn Đức Khải','$2a$10$3L7SckyXFXSxnKonc5AmiexNFHUWPYsX04kY4mDhHV708Y4Ozr/Zy',NULL,NULL,'MALE',1),('N21DCCN034',NULL,NULL,'2000-01-01','n21dccn034@student.ptithcm.edu.vn','Hoàng','Nguyễn Minh','$2a$10$NAoMlwSIcdAt.d65z2iRTej9a9dX8NOEIvagnzfh7/Ntl1LcgJpb6',NULL,NULL,'MALE',1),('N21DCCN035',NULL,NULL,'2000-01-01','n21dccn035@student.ptithcm.edu.vn','Hùng','Phạm Văn','$2a$10$j3C51ot4TUvaDPoaY5YUL.lJSvcQnw451j0m1vD6Fv.nQ5kAyRfzC',NULL,NULL,'MALE',1),('N21DCCN036',NULL,NULL,'2000-01-01','n21dccn036@student.ptithcm.edu.vn','Hùng','Trần Nguyễn Phi','$2a$10$JJ94n0Fme1EUALYhvAC2Je5uKzNJsGIu9Dzqr4lfsSXwbD1x34eNm',NULL,NULL,'MALE',1),('N21DCCN037',NULL,NULL,'2000-01-01','n21dccn037@student.ptithcm.edu.vn','Huy','Đặng Quốc','$2a$10$yOxpb52LN0tFe.4LHqWDyOkUqx5lYw7GnrIF74AKZX0QOTv8nkBZq',NULL,NULL,'MALE',1),('N21DCCN038',NULL,NULL,'2000-01-01','n21dccn038@student.ptithcm.edu.vn','Huy','Hà Gia','$2a$10$zYQpwQvAJNssgKEAE..O2Ov7G.qYX7THsIaq9ON8b3OCZkN1NAYIW',NULL,NULL,'MALE',1),('N21DCCN039',NULL,NULL,'2000-01-01','n21dccn039@student.ptithcm.edu.vn','Huy','Vũ Gia','$2a$10$Qx18QsTGEXfjZFIXfgE1KOZJwnzsn6qWCi64XoFCv1rzHEkXQjcnS',NULL,NULL,'MALE',1),('N21DCCN040',NULL,NULL,'2000-01-01','n21dccn040@student.ptithcm.edu.vn','Hy','Ngô Cao','$2a$10$TEcUkewHjQ0fxj.AhF2gV.zdrOiDMLqPTQtEVacEI3vh8N0ma3eZ6',NULL,NULL,'MALE',1),('N21DCCN042',NULL,NULL,'2000-01-01','n21dccn042@student.ptithcm.edu.vn','Khang','Lê Phúc','$2a$10$wm/PHmu5U8mwbAuUGadwhOIigOCCGape/39XWHSRj9zV1Aelxq2VG',NULL,NULL,'MALE',1),('N21DCCN043',NULL,NULL,'2000-01-01','n21dccn043@student.ptithcm.edu.vn','Khánh','Nguyễn Thị Vân','$2a$10$4V1aT/uw2cYu1D.FSWjoI.KqAeiGIOSLIaE7xdDpZXLca6XWw6KgG',NULL,NULL,'MALE',1),('N21DCCN045',NULL,NULL,'2000-01-01','n21dccn045@student.ptithcm.edu.vn','Kiệt','Võ Anh','$2a$10$wdfRq4XyUKnKCSb03n7NEe/GmrX2gdT0FsFqx6FdDHJ455HIZOd4m',NULL,NULL,'MALE',1),('N21DCCN046',NULL,NULL,'2000-01-01','n21dccn046@student.ptithcm.edu.vn','Lân','Hồ Hải','$2a$10$MswzL/W.R0VJ5bJZZVi.FuyGE/Jpw/993Td1MP/mr1L7H.Sigmyra',NULL,NULL,'MALE',1),('N21DCCN047',NULL,NULL,'2000-01-01','n21dccn047@student.ptithcm.edu.vn','Linh','Nguyễn Quang','$2a$10$wcnX9xvgsDJHgr4/YvDameb03/X.WR60NRkjZvtwFBaqkD4dAFJEO',NULL,NULL,'MALE',1),('N21DCCN048',NULL,NULL,'2000-01-01','n21dccn048@student.ptithcm.edu.vn','Lộc','Lê Hữu','$2a$10$RwlSGSNb5FsyCox37dp4d..kmrt66jvTLXpT1sFA1LYOEgd1lZm1.',NULL,NULL,'MALE',1),('N21DCCN049',NULL,NULL,'2000-01-01','n21dccn049@student.ptithcm.edu.vn','Lộc','Nguyễn Tấn','$2a$10$lECC5dBbUsTtOJs/I/V/4echIdknA3ioQnvbkvtHD2ay3WPQlItn2',NULL,NULL,'MALE',1),('N21DCCN050',NULL,NULL,'2000-01-01','n21dccn050@student.ptithcm.edu.vn','Lợi','Lương Thành','$2a$10$5Awbn7LAR1ANfKQeVJ4uU.hBpO8Nkk23RX3y3knggGMmoAeIS7gkC',NULL,NULL,'MALE',1),('N21DCCN051',NULL,NULL,'2000-01-01','n21dccn051@student.ptithcm.edu.vn','Lương','Vũ Hoàng Đức','$2a$10$5AO1aUWLw5ogO68tBCCO5e.jSCnl2pqHFNuVVfNEkb7qF.HakYRB6',NULL,NULL,'MALE',1),('N21DCCN052',NULL,NULL,'2000-01-01','n21dccn052@student.ptithcm.edu.vn','Minh','Bùi Văn','$2a$10$JVre2H8FZMs3KZCEAYNQ9OzIl0Yvsomy1GAifBnmDNhpcf41L/WxK',NULL,NULL,'MALE',1),('N21DCCN053',NULL,NULL,'2000-01-01','n21dccn053@student.ptithcm.edu.vn','Minh','Nguyễn Nhật','$2a$10$JeG1pRfT0RQbNGP3UhzEDeVJvg6kjxn7fFi4LIPtyfgFVWa86M0Uy',NULL,NULL,'MALE',1),('N21DCCN054',NULL,NULL,'2000-01-01','n21dccn054@student.ptithcm.edu.vn','Nam','Phạm Đình','$2a$10$tMdDKll0ZwyClHOXBykdtuo4UuAgXhWuhO.yLuB8kFxmTKckJLPGe',NULL,NULL,'MALE',1),('N21DCCN055',NULL,NULL,'2000-01-01','n21dccn055@student.ptithcm.edu.vn','Ngân','Trần Thị Thùy','$2a$10$COs/yjtEByMEEV3ENSlr6OAy3GsdGi.dKiN2uKbSw2dxazSzAUw76',NULL,NULL,'MALE',1),('N21DCCN057',NULL,NULL,'2000-01-01','n21dccn057@student.ptithcm.edu.vn','Nguyên','Lê Trung','$2a$10$ZpD/F1OSIOHQGyI9CxmZdeXsikp57FqWXxsstDmWm4oWhV7P3tffC',NULL,NULL,'MALE',1),('N21DCCN058',NULL,NULL,'2000-01-01','n21dccn058@student.ptithcm.edu.vn','Nguyên','Trần Song','$2a$10$LXYhuQpDvhGPLveLXWnIL.CX90rWeiyUNEjAM6d2XU6.lVkI1sl86',NULL,NULL,'MALE',1),('N21DCCN060',NULL,NULL,'2000-01-01','n21dccn060@student.ptithcm.edu.vn','Nhân','Dư Trọng','$2a$10$b.zzlbkIgQzseRJmGEQA2.qBx6QJQFqVXFLqQ5H0qxHg18PiIa6Mi',NULL,NULL,'MALE',1),('N21DCCN062',NULL,NULL,'2000-01-01','n21dccn062@student.ptithcm.edu.vn','Ninh','Hoàng Ngọc','$2a$10$0YCVpegdTYY3ZQGszMY7XONuxM5zck.0EmpD/1z.EZgO8l/KzcskW',NULL,NULL,'MALE',1),('N21DCCN063',NULL,NULL,'2000-01-01','n21dccn063@student.ptithcm.edu.vn','Phát','Trần Tấn','$2a$10$yyCRpbL4P9V.intiPyEPK.A8ZA.GOcGefwlrKRQrdbpaNmSPeSiJu',NULL,NULL,'MALE',1),('N21DCCN064',NULL,NULL,'2000-01-01','n21dccn064@student.ptithcm.edu.vn','Phi','Nguyễn Hùng','$2a$10$8YUIk762MgVVtgV17kmfjeO155b6j83COol6.vzJFUMjEBnBXi07u',NULL,NULL,'MALE',1),('N21DCCN065',NULL,NULL,'2000-01-01','n21dccn065@student.ptithcm.edu.vn','Phú','Lê Quang','$2a$10$.iwOaIWrQYBeelTeT5SxX.pI0aIX4vzIa.GVx2BjJpfRGe6LwxP1.',NULL,NULL,'MALE',1),('N21DCCN066',NULL,NULL,'2000-01-01','n21dccn066@student.ptithcm.edu.vn','Phúc','Nguyễn Ngọc Thiên','$2a$10$EYD6/eRDxemVM.blF/u4kOsVK306bFH1BbL1Rw68Vg91OwYN1zQG2',NULL,NULL,'MALE',1),('N21DCCN067',NULL,NULL,'2000-01-01','n21dccn067@student.ptithcm.edu.vn','Phương','Nguyễn Bình','$2a$10$JW5.icCzjxQO8hJGAqRhZuyFKhLA.XxDDA19tcSNfPMB/b/86rPV2',NULL,NULL,'MALE',1),('N21DCCN068',NULL,NULL,'2000-01-01','n21dccn068@student.ptithcm.edu.vn','Quân','Võ Trung','$2a$10$OUjxeZzBSTS2.WXU1xeQ9OQ3XlmcE2V4okO/PPusd2qNgev/mBKPa',NULL,NULL,'MALE',1),('N21DCCN069',NULL,NULL,'2000-01-01','n21dccn069@student.ptithcm.edu.vn','Quang','Trần Việt','$2a$10$YnDItS3FbnxVVDwo22DIxOIdCd7nhKM9bJPTjn6v8mBTvJdrp8cBy',NULL,NULL,'MALE',1),('N21DCCN070',NULL,NULL,'2000-01-01','n21dccn070@student.ptithcm.edu.vn','Quý','Nguyễn Ngọc','$2a$10$pCJVxGE/bWcQvoung2a5cuEYI29FhEaFk55rgY2pdUXqgnb.OiNFm',NULL,NULL,'MALE',1),('N21DCCN071',NULL,NULL,'2000-01-01','n21dccn071@student.ptithcm.edu.vn','Sang','Nguyễn Bá','$2a$10$3qhzWRQnUdzmiFDkYabxWe.0AYDYQzxBfN.MUviwg1NB2QA6yS91K',NULL,NULL,'MALE',1),('N21DCCN072',NULL,NULL,'2000-01-01','n21dccn072@student.ptithcm.edu.vn','Sơn','Tạ Hoàng Trung','$2a$10$P1m4QAQ/WD4x/.6JfOxbXOsk2NxYVv6nfeelqZxnQZSoV3FMnaIxS',NULL,NULL,'MALE',1),('N21DCCN074',NULL,NULL,'2000-01-01','n21dccn074@student.ptithcm.edu.vn','Tân','Huỳnh Ngọc','$2a$10$q0dz9oNzT0zidgWWq12Pzu2syxCG5SdKGWKGy12sDpBY4UObs/wFy',NULL,NULL,'MALE',1),('N21DCCN075',NULL,NULL,'2000-01-01','n21dccn075@student.ptithcm.edu.vn','Tấn','Trần Thiện','$2a$10$Fqr0UXCVFkgeQok27QvvIenB9ntzwYZPhTIsrjZ0T9ElrTbwtZv/.',NULL,NULL,'MALE',1),('N21DCCN076',NULL,NULL,'2000-01-01','n21dccn076@student.ptithcm.edu.vn','Thái','Lê Đức','$2a$10$cQehf4tsf/Hx8DGNKI0a5OC7C163kglwDsevAMc8v47nFQNZtq7lG',NULL,NULL,'MALE',1),('N21DCCN077',NULL,NULL,'2000-01-01','n21dccn077@student.ptithcm.edu.vn','Thành','Lưu Văn','$2a$10$IrYA78hn64UMePlplaGksO2FzLVCHR0yefbT1rH.cDbanBi.1Pg06',NULL,NULL,'MALE',1),('N21DCCN078',NULL,NULL,'2000-01-01','n21dccn078@student.ptithcm.edu.vn','Thảo','Nguyễn Thị Phương','$2a$10$hZiY05t5kRh7DYbjKxARyubM7AiIjzenAtin/NXuxcMN3HKx8YCx6',NULL,NULL,'MALE',1),('N21DCCN079',NULL,NULL,'2000-01-01','n21dccn079@student.ptithcm.edu.vn','Thiện','Dương Hoàng','$2a$10$4KhgGk3mbmkWUzUq7LwCv.CFz.rPRTu5zdYROyzwTzONn59Gag096',NULL,NULL,'MALE',1),('N21DCCN080',NULL,NULL,'2000-01-01','n21dccn080@student.ptithcm.edu.vn','Thiện','Nguyễn Hoàng','$2a$10$3GOXgiIpuE.Zb3FStW7Gb.LhJ9WnrkEcvpugg/9kZuzkLP19ug6xC',NULL,NULL,'MALE',1),('N21DCCN081',NULL,NULL,'2000-01-01','n21dccn081@student.ptithcm.edu.vn','Thông','Lê Minh','$2a$10$Me1c6CqaSp0zKypRj0VgI.UT31dRBYF70i1dpFZQsOtPT/dThJYTS',NULL,NULL,'MALE',1),('N21DCCN082',NULL,NULL,'2000-01-01','n21dccn082@student.ptithcm.edu.vn','Thư','Nguyễn Thị Minh','$2a$10$nCElhZDGK9JLubuvGxin.uSBsghFzOJCgHiEAUmCaB11il2CcV9zu',NULL,NULL,'MALE',1),('N21DCCN083',NULL,NULL,'2000-01-01','n21dccn083@student.ptithcm.edu.vn','Tiên','Đào Nguyễn Duy','$2a$10$GC1D7G60ljL7J1C9bupUDe.E0Brm.J.VZmOYjiSasahS3b5vzYd7K',NULL,NULL,'MALE',1),('N21DCCN084',NULL,NULL,'2000-01-01','n21dccn084@student.ptithcm.edu.vn','Tiến','Phan Văn','$2a$10$PKi5m6yVBrDzcyJhzkOTuOB1K42j7oKyRJIu8LBAWzAO2Y81QLDF.',NULL,NULL,'MALE',1),('N21DCCN085',NULL,NULL,'2000-01-01','n21dccn085@student.ptithcm.edu.vn','Toàn','Dương Thanh','$2a$10$3VeVZc4B2olFz2uxIzoGYeW2om9kTV.NZEWPesi5AruOdxn1OIqfK',NULL,NULL,'MALE',1),('N21DCCN086',NULL,NULL,'2000-01-01','n21dccn086@student.ptithcm.edu.vn','Toàn','Trần Đình','$2a$10$AUwVetVK6A4WpdDHKsDpFuqaOIqebZBftxsQxhBwBHzyNROt.lWjS',NULL,NULL,'MALE',1),('N21DCCN087',NULL,NULL,'2000-01-01','n21dccn087@student.ptithcm.edu.vn','Trung','Nguyễn Thành','$2a$10$M5Jxd88N6YoxMLIo7CG6sudOyFa0XsVHGhCl9RNUjucH0jVWrwYB6',NULL,NULL,'MALE',1),('N21DCCN088',NULL,NULL,'2000-01-01','n21dccn088@student.ptithcm.edu.vn','Trường','Phạm Thanh','$2a$10$CMxZyw6qWHLzEXdyUEIYpuE.erbugqXh4oDewDyK2KfiD9QKWdOOq',NULL,NULL,'MALE',1),('N21DCCN089',NULL,NULL,'2000-01-01','n21dccn089@student.ptithcm.edu.vn','Tuấn','Hồ Anh','$2a$10$d21I6Ex748ioodUS/sFIGekmEkzsOJrVhIayU/6ut5exCO0D.9sm2',NULL,NULL,'MALE',1),('N21DCCN090',NULL,NULL,'2000-01-01','n21dccn090@student.ptithcm.edu.vn','Tuấn','Nguyễn Anh','$2a$10$FrOaPq.BwnQqCe0wqt5Jiu5Jw.eFilfrPpmf7b1BLvX6G4Qb5KadK',NULL,NULL,'MALE',1),('N21DCCN091',NULL,NULL,'2000-01-01','n21dccn091@student.ptithcm.edu.vn','Tuấn','Quách Anh','$2a$10$4O.pLejieAEybMonb7Q2pusI2VfMt5DG.fs6MYxmgtdmQRNCKYG8S',NULL,NULL,'MALE',1),('N21DCCN092',NULL,NULL,'2000-01-01','n21dccn092@student.ptithcm.edu.vn','Tùng','Nguyễn Thanh','$2a$10$xaXXVfbhGKWZhANBspUnO.Tb.9SHGGcou5oHTLqjNa94YN9uY7IQS',NULL,NULL,'MALE',1),('N21DCCN093',NULL,NULL,'2000-01-01','n21dccn093@student.ptithcm.edu.vn','Uy','Nguyễn Phạm Mẫn','$2a$10$aT4Bbxre4gIpAFUmbO1xYu4.jlnf4eKMQF7mJ.OWkYmaWb7b7nXJi',NULL,NULL,'MALE',1),('N21DCCN094',NULL,NULL,'2000-01-01','n21dccn094@student.ptithcm.edu.vn','Vinh','Nguyễn Hữu','$2a$10$zYXE4rGsF8HNxeqEjewFSuib04JiLGhEDLPUNcKnFYlZ0LWgjThru',NULL,NULL,'MALE',1),('N21DCCN095',NULL,NULL,'2000-01-01','n21dccn095@student.ptithcm.edu.vn','Vũ','Nguyễn Văn','$2a$10$ti/HpeD65c5QVFWv5Y6QoeIE26vzmzFnaDR0rbpRYM8VQTKce1p8m',NULL,NULL,'MALE',1),('N21DCCN096',NULL,NULL,'2000-01-01','n21dccn096@student.ptithcm.edu.vn','Ý','Huỳnh Như','$2a$10$Q1E5vGrxk8xZcxcgeju5h.xg6utQ7/B7/ZebrxI6MZWmi3C1PzrPq',NULL,NULL,'MALE',1),('N21DCCN097',NULL,NULL,'2000-01-01','n21dccn097@student.ptithcm.edu.vn','Yến','Đặng Ngọc','$2a$10$RrTH.FkgsrzIjCCwodVCferLVDMtqZTY7sMEuVuE60qH45mJYA1uC',NULL,NULL,'MALE',1),('N21DCCN098',NULL,NULL,'2000-01-01','n21dccn098@student.ptithcm.edu.vn','Anh','Nguyễn Việt','$2a$10$phYeSOmVHxC6BYks4nUjGOcSK/.wL7iOcWxh60FSFrY7Xqj0oE/6C',NULL,NULL,'MALE',1),('N21DCCN099',NULL,NULL,'2000-01-01','n21dccn099@student.ptithcm.edu.vn','Anh','Phan Trọng Ngọc','$2a$10$7JI2mabqfGJRxqXVaQL4pektHjYCBZJqN8kXbftdhgT6dxtzS3lSy',NULL,NULL,'MALE',1),('N21DCCN100',NULL,NULL,'2000-01-01','n21dccn100@student.ptithcm.edu.vn','Anh','Phạm Tiến','$2a$10$6ZbywL2ShSH7y5g4L9T5MuE43efIjxhp0GftqN2kbgY3nzBhuw4SK',NULL,NULL,'MALE',1),('N21DCCN101',NULL,NULL,'2000-01-01','n21dccn101@student.ptithcm.edu.vn','Anh','Vũ Quốc Hoàng','$2a$10$/qy4Tn5mC61b2ZcbUxJd0.nq3PAhQpx7ABJlaHS17qqvFXaJBlyV2',NULL,NULL,'MALE',1),('N21DCCN102',NULL,NULL,'2000-01-01','n21dccn102@student.ptithcm.edu.vn','Bắc','Nguyễn Lê Hoài','$2a$10$dMeQeESWYfGW5pTVRXTTo.mBvLbVt5.3CimbY0CRbXn9LUk3Q1esC',NULL,NULL,'MALE',1),('N21DCCN103',NULL,NULL,'2000-01-01','n21dccn103@student.ptithcm.edu.vn','Bảo','Vũ Quốc','$2a$10$JCRavp7.g4pKTJEBv89SPer6o3DZU7KPdWrYEjdJUlvm2exZY4mN6',NULL,NULL,'MALE',1),('N21DCCN104',NULL,NULL,'2000-01-01','n21dccn104@student.ptithcm.edu.vn','Bình','Nguyễn Thái','$2a$10$8r.9SIfw04mTlQP1lm/xZ.EVc5HyzVguNTh65/FT305TuuHofS41a',NULL,NULL,'MALE',1),('N21DCCN105',NULL,NULL,'2000-01-01','n21dccn105@student.ptithcm.edu.vn','Cường','Phạm Xuân','$2a$10$l0mSdv8mwZmC64LxQ0G84uC2w5DSlQc1ZLzZ1ktxR2EhzSmNAA5eu',NULL,NULL,'MALE',1),('N21DCCN106',NULL,NULL,'2000-01-01','n21dccn106@student.ptithcm.edu.vn','Cường','Trần Phan Trí','$2a$10$L9WcZtxgPrdJca6gWaF93uqaIdE5HGgPrufkxPT0aMr6LRMA9A9aa',NULL,NULL,'MALE',1),('N21DCCN107',NULL,NULL,'2000-01-01','n21dccn107@student.ptithcm.edu.vn','Đăng','Lương Hãi','$2a$10$I3o3fEPB2Ik9DAtej9oANeY8xckUF1LWF4m1wZte.3Eitju33iGq6',NULL,NULL,'MALE',1),('N21DCCN108',NULL,NULL,'2000-01-01','n21dccn108@student.ptithcm.edu.vn','Đạo','Đinh Hoàng','$2a$10$qDhyXAC75X.590DvMyYRyO9x2cYEXqCApqLEm/Op63QgqZkDp.X/W',NULL,NULL,'MALE',1),('N21DCCN109',NULL,NULL,'2000-01-01','n21dccn109@student.ptithcm.edu.vn','Đạt','Nguyễn Thành','$2a$10$Mp43GLT0pzn79GPgWuCXrOMdoQRtd5nLCir.R2xGKFdw1268.w5H2',NULL,NULL,'MALE',1),('N21DCCN110',NULL,NULL,'2000-01-01','n21dccn110@student.ptithcm.edu.vn','Đạt','Trần Quang','$2a$10$03t8uU6uU9LZVMOGGvYXoeChLyhG/oLmgtGCkiCclC1.7VpohRwfy',NULL,NULL,'MALE',1),('N21DCCN111',NULL,NULL,'2000-01-01','n21dccn111@student.ptithcm.edu.vn','Đông','Trà Nhật','$2a$10$VVIupQeAOc/GvedNNUMkeedj1gNzA6phNxlBgEoEUprp0Si/rfMYO',NULL,NULL,'MALE',1),('N21DCCN112',NULL,NULL,'2000-01-01','n21dccn112@student.ptithcm.edu.vn','Dũng','Trần Bá','$2a$10$h9vvcLfKxI0uMGTSZyLdWe5wdbJMSeT/1lG0jgk2XCRMCHELvdeK6',NULL,NULL,'MALE',1),('N21DCCN113',NULL,NULL,'2000-01-01','n21dccn113@student.ptithcm.edu.vn','Dũng','Vũ Đình Minh','$2a$10$9t3fqyFRGq9lAFxkuiW36.14ZU.IEOlBoOfgbL2QxGeomY9iJk68C',NULL,NULL,'MALE',1),('N21DCCN114',NULL,NULL,'2000-01-01','n21dccn114@student.ptithcm.edu.vn','Duy','Võ Khắc Hoàng','$2a$10$Wgd3qNWC3rtEbgW9SvefBusOeJZAoIi4iPe1ONSt10A.ris2a757O',NULL,NULL,'MALE',1),('N21DCCN115',NULL,NULL,'2000-01-01','n21dccn115@student.ptithcm.edu.vn','Duyên','Nguyễn Thị Mỹ','$2a$10$vC2c./uf/hK4ZCQu.tFiA.QMqxkvD4hcZ4rfXGJYPrFdCqqdLJv.y',NULL,NULL,'MALE',1),('N21DCCN117',NULL,NULL,'2000-01-01','n21dccn117@student.ptithcm.edu.vn','Hải','Nguyễn Vũ','$2a$10$j8mpR6QZ0FlXs0LyS3f6zOVy9rUU91SV6GpNxc4akcFeyC1rr1O0m',NULL,NULL,'MALE',1),('N21DCCN118',NULL,NULL,'2000-01-01','n21dccn118@student.ptithcm.edu.vn','Hằng','Đặng Thị Thúy','$2a$10$nutoMVIDEiIZDEB9148T/OUOENa/YUt.r1dNqySxkjPr15cr9Qz2y',NULL,NULL,'MALE',1),('N21DCCN119',NULL,NULL,'2000-01-01','n21dccn119@student.ptithcm.edu.vn','Hiến','Lê Quang','$2a$10$Px19PMl4dphwDeVv1tyGeucCeRj9o57xpZwiZZEM.MSTTjW5qf4J6',NULL,NULL,'MALE',1),('N21DCCN120',NULL,NULL,'2000-01-01','n21dccn120@student.ptithcm.edu.vn','Hiếu','Nguyễn Huy','$2a$10$Sof.EenkVXEU9BghFXF0XuOBjOxKVEMVtRz5s/PLODOzGCcJr1SF2',NULL,NULL,'MALE',1),('N21DCCN121',NULL,NULL,'2000-01-01','n21dccn121@student.ptithcm.edu.vn','Hiếu','Phan Minh','$2a$10$i7vsj2FgjkFabPpp6NMTb.yhUI9Z6F9zh1D3y3pmFHbHKE/ldcoY2',NULL,NULL,'MALE',1),('N21DCCN122',NULL,NULL,'2000-01-01','n21dccn122@student.ptithcm.edu.vn','Hiếu','Trần Huỳnh Trung','$2a$10$mSX0cdEqdglY0hQdMSHZReIc7WU9GmO1MXRdEqzwwRFzBfbyynvQy',NULL,NULL,'MALE',1),('N21DCCN123',NULL,NULL,'2000-01-01','n21dccn123@student.ptithcm.edu.vn','Hoàng','Nguyễn Đức','$2a$10$As1CVcqMv.RtDa59wac7GuCd7QEPuI6L7971R5xWEU6AyQt9bma7m',NULL,NULL,'MALE',1),('N21DCCN124',NULL,NULL,'2000-01-01','n21dccn124@student.ptithcm.edu.vn','Hoàng','Trịnh Huy','$2a$10$YhY1.RlYME9qJsMtLpiHwOWp0f7S5AtxtWkYzBfWgtKvz0V/eZ/WS',NULL,NULL,'MALE',1),('N21DCCN126',NULL,NULL,'2000-01-01','n21dccn126@student.ptithcm.edu.vn','Hùng','Phan Phi','$2a$10$MgYWceB2.ew7I2FUUKZ.oeCkIHw8iajKe2byrORINiWjcREFD9rPC',NULL,NULL,'MALE',1),('N21DCCN127',NULL,NULL,'2000-01-01','n21dccn127@student.ptithcm.edu.vn','Hưng','Đinh Văn','$2a$10$fktn/9vjvlJrfWOAgyYS4uvhTkicPF3MQagvZxsB/OY.XREA1DNi6',NULL,NULL,'MALE',1),('N21DCCN128',NULL,NULL,'2000-01-01','n21dccn128@student.ptithcm.edu.vn','Huy','Lê Nhựt','$2a$10$XAbstRSHAhOz04OQ01mcu.IJRPereLqmhMyO6qWBswfM4zsw5r/Ci',NULL,NULL,'MALE',1),('N21DCCN129',NULL,NULL,'2000-01-01','n21dccn129@student.ptithcm.edu.vn','Huy','Mai Văn','$2a$10$oN8OqSFjcadQfG8DBbICqOPHaH9bt55CTQSRMZw/.OvXCvJYAU9By',NULL,NULL,'MALE',1),('N21DCCN130',NULL,NULL,'2000-01-01','n21dccn130@student.ptithcm.edu.vn','Huyến','Nguyễn Thị Thanh','$2a$10$u2Xh8DxwSJ5AIOs48bvo6OXQpNgebHfL/9nOsvFLQLQOB64aaw72e',NULL,NULL,'MALE',1),('N21DCCN131',NULL,NULL,'2000-01-01','n21dccn131@student.ptithcm.edu.vn','Hy','Nguyễn Khang','$2a$10$dMNKo7HCNmEBAJYlywYeAu0E1YdQnddZgGgKkVWAU/ptgvuVALZ0y',NULL,NULL,'MALE',1),('N21DCCN132',NULL,NULL,'2000-01-01','n21dccn132@student.ptithcm.edu.vn','Khải','Lê Minh','$2a$10$mW2Yv7BPqcUECMPbiKDSV.Au2u/xwYB4NohLiXCMS3KL9I2UVKr.O',NULL,NULL,'MALE',1),('N21DCCN133',NULL,NULL,'2000-01-01','n21dccn133@student.ptithcm.edu.vn','Khang','Nguyễn Phúc Minh','$2a$10$d4/MuthwZK6PMJrylgosG./GC/F2A2ZDqAroXZ3iIp95kJIBnxhhy',NULL,NULL,'MALE',1),('N21DCCN134',NULL,NULL,'2000-01-01','n21dccn134@student.ptithcm.edu.vn','Khánh','Nguyễn Trung','$2a$10$JRDIsXFbtH07kvB0HoSuw.nReOhWxDgiDFNBcW8ZzWcEEotwbU62W',NULL,NULL,'MALE',1),('N21DCCN135',NULL,NULL,'2000-01-01','n21dccn135@student.ptithcm.edu.vn','Khìn','Võ','$2a$10$X3KvMCSMZ7/eYeTJBegspeml./puCpXWB7unAmfzbjBFmcdq4LE.u',NULL,NULL,'MALE',1),('N21DCCN136',NULL,NULL,'2000-01-01','n21dccn136@student.ptithcm.edu.vn','Khoa','Nguyễn Quốc','$2a$10$sMDtBBM46jWfjNhhlhitLOuWrgRxuY6VQkA51dnxPM85MFzN2drnu',NULL,NULL,'MALE',1),('N21DCCN138',NULL,NULL,'2000-01-01','n21dccn138@student.ptithcm.edu.vn','Linh','Đặng Văn Bảo','$2a$10$lr5xcJK6yhikP2IUFfPHTeTq3RH.R7I/pFwKVrV52lxFrmnGCTxrC',NULL,NULL,'MALE',1),('N21DCCN139',NULL,NULL,'2000-01-01','n21dccn139@student.ptithcm.edu.vn','Linh','Phạm Thanh','$2a$10$mQqGcezYuRZ7s.kmpQEiQuI1LYRja59H2.YYnXeF3ne8bpy.4rcja',NULL,NULL,'MALE',1),('N21DCCN140',NULL,NULL,'2000-01-01','n21dccn140@student.ptithcm.edu.vn','Lộc','Nguyễn Phúc Duy','$2a$10$0WpHSUmlPqThKRngbKJkzuW0u4K3QUxjobeF1hOUYPCZW5ZuSIiiq',NULL,NULL,'MALE',1),('N21DCCN142',NULL,NULL,'2000-01-01','n21dccn142@student.ptithcm.edu.vn','Long','Nguyễn Phi','$2a$10$3SEIVyAESZ41srRgwoPPaODUyQt4TQImDhjEJLRE0rsVMCMMV5Ada',NULL,NULL,'MALE',1),('N21DCCN143',NULL,NULL,'2000-01-01','n21dccn143@student.ptithcm.edu.vn','Long','Nguyễn Thành','$2a$10$CG09y4t0iSIDl.GTIlyzVeiuWJItZ6lezA3wcXzPcv1cAqV8NIpG.',NULL,NULL,'MALE',1),('N21DCCN144',NULL,NULL,'2000-01-01','n21dccn144@student.ptithcm.edu.vn','Luân','Lê Ngọc','$2a$10$L3f7Wbrff6tqDDg.hiK84.ou2jjzD5NpBISe4A6gG3BaczqjXWjVO',NULL,NULL,'MALE',1),('N21DCCN145',NULL,NULL,'2000-01-01','n21dccn145@student.ptithcm.edu.vn','Luật','Nguyễn Đình','$2a$10$G.vQyRw0BBlxjz0vkXTEYeX224ilgTuP2bAP4UWOwUoBcl1/Q6gDe',NULL,NULL,'MALE',1),('N21DCCN147',NULL,NULL,'2000-01-01','n21dccn147@student.ptithcm.edu.vn','My','Nguyễn Thị Huyền','$2a$10$guTZy4IRimNCKFK0KOuZvO/WnRZQkavk.T8iHXAQmrCQXaibKJa3e',NULL,NULL,'MALE',1),('N21DCCN148',NULL,NULL,'2000-01-01','n21dccn148@student.ptithcm.edu.vn','Nam','Đặng Xuân','$2a$10$iVllPLWZrSsachUUY6ZSSOUn6PapXnM.uqlN7PfZf2YBqOPTPxwte',NULL,NULL,'MALE',1),('N21DCCN149',NULL,NULL,'2000-01-01','n21dccn149@student.ptithcm.edu.vn','Nam','Nguyễn Hoàng','$2a$10$KTaXklku/KzGD/KKvbLy8.3RjlEhY23UrlLobyLdCzIxnjhgHTBca',NULL,NULL,'MALE',1),('N21DCCN150',NULL,NULL,'2000-01-01','n21dccn150@student.ptithcm.edu.vn','Nam','Nguyễn Thành','$2a$10$mm7wZ.Wb9nFxRGDgs2wOheb1Xlv7sDy3Q4OMsSdsslNK142VtBuAC',NULL,NULL,'MALE',1),('N21DCCN151',NULL,NULL,'2000-01-01','n21dccn151@student.ptithcm.edu.vn','Nam','Trần Vũ Phương','$2a$10$smEosqPc9H3YTX7M4DRnc.sbJJ2LNQ.eLeNOQjwoi8xwQjs2jOJza',NULL,NULL,'MALE',1),('N21DCCN152',NULL,NULL,'2000-01-01','n21dccn152@student.ptithcm.edu.vn','Ngân','Đặng Thị Hiếu','$2a$10$M218iz5Qhxyv13Le6zI4YuyfDr03ckdRJvNe9XjtYJBmRNEioqwpy',NULL,NULL,'MALE',1),('N21DCCN153',NULL,NULL,'2000-01-01','n21dccn153@student.ptithcm.edu.vn','Nghi','Phạm Minh','$2a$10$DwAzRzdcIVnXTLcscUGaKeppW./AQBqjgZg9HaWf1kH2KBKBTZPci',NULL,NULL,'MALE',1),('N21DCCN154',NULL,NULL,'2000-01-01','n21dccn154@student.ptithcm.edu.vn','Nghĩa','Võ Trọng','$2a$10$jzQnhNB.iZxlk.6u45qP9.OAHEimJm57ED47tTw.3E0xAVrroQX4y',NULL,NULL,'MALE',1),('N21DCCN156',NULL,NULL,'2000-01-01','n21dccn156@student.ptithcm.edu.vn','Nguyên','Nguyễn Tấn','$2a$10$5wTxO/qKRyaGe0vSzYJQ9.LKqTXqKxdWg2QQD.nIgd/sFKN5WoYrm',NULL,NULL,'MALE',1),('N21DCCN157',NULL,NULL,'2000-01-01','n21dccn157@student.ptithcm.edu.vn','Nhân','Lưu Hoài','$2a$10$JchLiBuaPJnYdjxqeQqQzuZPhXAk1.Qhfy8serC0OpTXotlaMvVdy',NULL,NULL,'MALE',1),('N21DCCN158',NULL,NULL,'2000-01-01','n21dccn158@student.ptithcm.edu.vn','Nhân','Phan Hoài','$2a$10$t2yphlYO7Isuv1GtptsvJeevUMXu1U6pgOS2VohHcQcGv14Gtg3Yi',NULL,NULL,'MALE',1),('N21DCCN159',NULL,NULL,'2000-01-01','n21dccn159@student.ptithcm.edu.vn','Nhanh','Thạch Thị','$2a$10$FFsQiYJpbnx7nahYbDBc5.vYlbwJ9hieILm1bjaThXQ8UUQg0BksS',NULL,NULL,'MALE',1),('N21DCCN160',NULL,NULL,'2000-01-01','n21dccn160@student.ptithcm.edu.vn','Nhật','Lê Tuấn','$2a$10$IxK8ELJHzuAZ2ioMoBNA7uKBVaJdy93fqSdOaf04DcCqY9IAVwe.q',NULL,NULL,'MALE',1),('N21DCCN161',NULL,NULL,'2000-01-01','n21dccn161@student.ptithcm.edu.vn','Phát','Đàm Tuấn','$2a$10$NFZCG7vbf5HUcN7dopIZgOou5ipwXdq6F5V2RulKRaTQYR8plFeAe',NULL,NULL,'MALE',1),('N21DCCN162',NULL,NULL,'2000-01-01','n21dccn162@student.ptithcm.edu.vn','Phi','Dương Triệu','$2a$10$CQ.RvV530e5dGr.g9r.oAujoUWv6AOZUvJgre9quS7YLQajVZ5tLC',NULL,NULL,'MALE',1),('N21DCCN163',NULL,NULL,'2000-01-01','n21dccn163@student.ptithcm.edu.vn','Phú','Hồ Văn','$2a$10$qx0jUscF6z64qNdCCWFBi.LyCqF7ZlDiYRLZTmczj4ON94pk447.q',NULL,NULL,'MALE',1),('N21DCCN164',NULL,NULL,'2000-01-01','n21dccn164@student.ptithcm.edu.vn','Phúc','Lê Hồng','$2a$10$qIXmni21BrABMcLL.RVYDOutHKFT2I78dEXo3EfmdkYTVFWs.yd6C',NULL,NULL,'MALE',1),('N21DCCN165',NULL,NULL,'2000-01-01','n21dccn165@student.ptithcm.edu.vn','Phước','Lâm Tấn','$2a$10$3xGcr0NCXzxHCDdqDMaBl.gWVwTkJHZlTriGu9Nd/.El3OKheuYOq',NULL,NULL,'MALE',1),('N21DCCN166',NULL,NULL,'2000-01-01','n21dccn166@student.ptithcm.edu.vn','Phương','Đỗ Nguyên','$2a$10$KmqUhGlVnjUVN0UTQIWWpeVW0/GTrLstgpCSkVUElAh.R/GqwlvHm',NULL,NULL,'MALE',1),('N21DCCN167',NULL,NULL,'2000-01-01','n21dccn167@student.ptithcm.edu.vn','Phương','Phạm Bùi Nam','$2a$10$cPlGq.z4W2WqH4TYjVn5/.8FbyYawXI9YNx/iJmeWh50aYL7Xth1e',NULL,NULL,'MALE',1),('N21DCCN169',NULL,NULL,'2000-01-01','n21dccn169@student.ptithcm.edu.vn','Quyền','Nguyễn Tuấn','$2a$10$pQ2fUK8RXbXF9ZF6tjwHa.SSKYz2uHfo6skx0UxqhRhcRznfurVFO',NULL,NULL,'MALE',1),('N21DCCN170',NULL,NULL,'2000-01-01','n21dccn170@student.ptithcm.edu.vn','Sơn','Nguyễn Như Hoàng','$2a$10$XUH6Uh8YHpdjDVtvLBbdbuMjOB3e0KgVsD6RSAhH6XDltKkznscy6',NULL,NULL,'MALE',1),('N21DCCN171',NULL,NULL,'2000-01-01','n21dccn171@student.ptithcm.edu.vn','Tài','Phan Tấn','$2a$10$/sFY5Hh964Lr4KOCloJcZO6UAlYDD//dpq2D3yFhWNtEE0WNdN0JW',NULL,NULL,'MALE',1),('N21DCCN172',NULL,NULL,'2000-01-01','n21dccn172@student.ptithcm.edu.vn','Tâm','Nguyễn Thành','$2a$10$My2HX2j84ddXf5gP1XF4oOLLVNqQum/SAmasMZCGaOrAs2J8nBVMy',NULL,NULL,'MALE',1),('N21DCCN173',NULL,NULL,'2000-01-01','n21dccn173@student.ptithcm.edu.vn','Tân','Nguyễn Duy','$2a$10$BEC45g0AF/DMDtCu/2y2f.VcL6.9PsqKxvYoe1TXiAc4n9ATnIfam',NULL,NULL,'MALE',1),('N21DCCN174',NULL,NULL,'2000-01-01','n21dccn174@student.ptithcm.edu.vn','Thắng','Hà Hữu','$2a$10$nTOl5xrE4PpZCs9tmWZC2.cHbIWY9IReG06XxiL5SHeHC4sdUI5fe',NULL,NULL,'MALE',1),('N21DCCN175',NULL,NULL,'2000-01-01','n21dccn175@student.ptithcm.edu.vn','Thanh','Ngô Duy','$2a$10$vHMdE8.65sxihjEbHFLb/u7t4zTT5NvPs9.FDNjPCq84u6uFll2jW',NULL,NULL,'MALE',1),('N21DCCN176',NULL,NULL,'2000-01-01','n21dccn176@student.ptithcm.edu.vn','Thành','Phạm Trần Tất','$2a$10$1uCHzFu/d.kwhV.ymtrmieRUpKO.JHT41Jp9geVImFiRFpN9Rm3tG',NULL,NULL,'MALE',1),('N21DCCN177',NULL,NULL,'2000-01-01','n21dccn177@student.ptithcm.edu.vn','Thi','Trần Vũ Hoàng','$2a$10$ygMr8Fl2l0Ka/RZyzBia9u9QkKxeqjF.owfa5AzWxYubmPKNuHyr.',NULL,NULL,'MALE',1),('N21DCCN178',NULL,NULL,'2000-01-01','n21dccn178@student.ptithcm.edu.vn','Thiện','Lương Đạt','$2a$10$lTLfs3PPGFnk9a4TrWkhfelk1v/4.UwEHMF/CQiFohHhpb9FqQK8q',NULL,NULL,'MALE',1),('N21DCCN179',NULL,NULL,'2000-01-01','n21dccn179@student.ptithcm.edu.vn','Thịnh','Nguyễn Phát','$2a$10$Og2FvGSEy./dfIBntY9AXeirz013.WXDayNJlxyeRJE3waHi/Sati',NULL,NULL,'MALE',1),('N21DCCN180',NULL,NULL,'2000-01-01','n21dccn180@student.ptithcm.edu.vn','Thịnh','Nguyễn Quốc','$2a$10$E4KuEWCN3FJXod2ZeluTiOF5X4FZA9ZoiPsbT36Sxa.lZyvw8RoNi',NULL,NULL,'MALE',1),('N21DCCN181',NULL,NULL,'2000-01-01','n21dccn181@student.ptithcm.edu.vn','Thọ','Trần Bá','$2a$10$Twgu6uQuYjIt4ZNCtr2o/.SGqPnPRrhR4Z8PzKr0SCdTb81mWcVqG',NULL,NULL,'MALE',1),('N21DCCN182',NULL,NULL,'2000-01-01','n21dccn182@student.ptithcm.edu.vn','Thức','Phan Công','$2a$10$Z2bsfYpLVACfH8N/kAml2uoBOUh9k5RB/488/Nkc.MRCSuKKbY9JK',NULL,NULL,'MALE',1),('N21DCCN183',NULL,NULL,'2000-01-01','n21dccn183@student.ptithcm.edu.vn','Thương','Nguyễn Văn','$2a$10$7MtorbsmYnqMKdU/0pDo4uzMranLYFtMUmLFYvIW0hJNxi99BkgF2',NULL,NULL,'MALE',1),('N21DCCN184',NULL,NULL,'2000-01-01','n21dccn184@student.ptithcm.edu.vn','Thương','Tô Phan Kiều','$2a$10$LKsjdgH8gATc3rRTnZoGL.uFCylIZ5VgRiWAOz0AGjI8akLjNqxBK',NULL,NULL,'MALE',1),('N21DCCN186',NULL,NULL,'2000-01-01','n21dccn186@student.ptithcm.edu.vn','Thùy','Vũ Thị Thanh','$2a$10$00Bfr1Ktu6Yp2w8CUbdz.eYmzEapV/wPjOm7/FKohPNlqCQ.AmlYa',NULL,NULL,'MALE',1),('N21DCCN188',NULL,NULL,'2000-01-01','n21dccn188@student.ptithcm.edu.vn','Tiến','Nguyễn Minh','$2a$10$2ZMEW/ZdIyaPFQZRw3KOEO2hcMrnDkMxkQxv.xNsk.cQeV6hlSkkO',NULL,NULL,'MALE',1),('N21DCCN189',NULL,NULL,'2000-01-01','n21dccn189@student.ptithcm.edu.vn','Tình','Lê Anh','$2a$10$2dVYEuEhN.ObXZtGrnWjweEPGCmtxSYSVLZcVcrQsl/WsyOd9eOZ2',NULL,NULL,'MALE',1),('N21DCCN190',NULL,NULL,'2000-01-01','n21dccn190@student.ptithcm.edu.vn','Trọng','Vũ Đức','$2a$10$S8rXSPngsF9Iz3ibVK5Tj.Pd1HGcZIs2ZWEuxl5K8wAOFp1YU32jC',NULL,NULL,'MALE',1),('N21DCCN191',NULL,NULL,'2000-01-01','n21dccn191@student.ptithcm.edu.vn','Trung','Huỳnh Chí','$2a$10$rc5eWftnXIIE1dz8O6v1je.WcMUFeSXoAiht1vUSVUKmBq/Mfw.52',NULL,NULL,'MALE',1),('N21DCCN192',NULL,NULL,'2000-01-01','n21dccn192@student.ptithcm.edu.vn','Trung','Phan Quang','$2a$10$Szr40623yqQfJshbfm1YAOYPgo1Y.IhgaJ5udR3vAboEn24Tpauty',NULL,NULL,'MALE',1),('N21DCCN193',NULL,NULL,'2000-01-01','n21dccn193@student.ptithcm.edu.vn','Tuấn','Lê Văn','$2a$10$Wq168YNTupRiisf0t9zCROO2AfXjUsN644gLKbJzgZQfpCeg0xNKG',NULL,NULL,'MALE',1),('N21DCCN194',NULL,NULL,'2000-01-01','n21dccn194@student.ptithcm.edu.vn','Tuấn','Nguyễn Hoàng','$2a$10$FCoH9ps8Z5oIEfqx0j8zhOsiQeSQJCcZZvpx9/lKPiKSsggZrea1S',NULL,NULL,'MALE',1),('N21DCDK001',NULL,NULL,'2000-01-01','n21dcdk001@student.ptithcm.edu.vn','Anh','Lê Đình Tuấn','$2a$10$tvvecr/U/C1lxyRCjnhoGusCsA9ioUoqtmerOdn2mo84Z3nLApNHG',NULL,NULL,'MALE',1),('N21DCDK004',NULL,NULL,'2000-01-01','n21dcdk004@student.ptithcm.edu.vn','Cường','Lê Đình','$2a$10$AjobSMjCxYWwuO3yZEdojOmZRbDe7io3z5nG9NvwkPFothB5rQUzG',NULL,NULL,'MALE',1),('N21DCDK005',NULL,NULL,'2000-01-01','n21dcdk005@student.ptithcm.edu.vn','Đông','Đặng Đình','$2a$10$SO5zk1fQMiPu8Elv8xjWQu4j6DUiObvjx7czdBuAZJp7TKOuZq.bG',NULL,NULL,'MALE',1),('N21DCDK006',NULL,NULL,'2000-01-01','n21dcdk006@student.ptithcm.edu.vn','Hào','Nguyễn Đức','$2a$10$X5Vw5hmfu94AZA9aPEBS1O/FpLpLGjzAQ/guTf5GA65OGosePSCgy',NULL,NULL,'MALE',1),('N21DCDK007',NULL,NULL,'2000-01-01','n21dcdk007@student.ptithcm.edu.vn','Hiệp','Phan Vũ','$2a$10$lPwrGhcRosT.oR7M6pkUdezE/of24szqag0dhc53V3g0cylcvQ3cq',NULL,NULL,'MALE',1),('N21DCDK008',NULL,NULL,'2000-01-01','n21dcdk008@student.ptithcm.edu.vn','Hiếu','Ngô Trung','$2a$10$BC4UyCwXYM6eO04aj1CSuuw128jtLKQIRU875bXoORBHC.1hlSZUG',NULL,NULL,'MALE',1),('N21DCDK009',NULL,NULL,'2000-01-01','n21dcdk009@student.ptithcm.edu.vn','Hiếu','Trần Danh','$2a$10$MGa5NtU88N89Fqh8hmeY1.vH1PuDQpGRZHa5KJQ5e2m5Wwl4UGX5y',NULL,NULL,'MALE',1),('N21DCDK010',NULL,NULL,'2000-01-01','n21dcdk010@student.ptithcm.edu.vn','Huy','Đỗ Đức','$2a$10$SHo4tjWFdmgYyCoqlDPcD.4titg/tef6riie0.lgohpH4uBJX8t62',NULL,NULL,'MALE',1),('N21DCDK013',NULL,NULL,'2000-01-01','n21dcdk013@student.ptithcm.edu.vn','Khánh','Dương Đình','$2a$10$Wm.9E6KB1KQMe.auFAeVLuGOxwulUjaHSExCbvi4tZuWqoTQVKnyq',NULL,NULL,'MALE',1),('N21DCDK014',NULL,NULL,'2000-01-01','n21dcdk014@student.ptithcm.edu.vn','Khánh','Nguyễn Lê Duy','$2a$10$5eOnrMoXWtArTCeIrehrbODrtZz50.4cyZMfWP.TJaPlTzMNVQcKi',NULL,NULL,'MALE',1),('N21DCDK015',NULL,NULL,'2000-01-01','n21dcdk015@student.ptithcm.edu.vn','Long','Lê Đình','$2a$10$/Wz96AdbUNkn9qhE8.WFkeyDMwUWkY9OSAJZUF4q4J7XXihvHlz0.',NULL,NULL,'MALE',1),('N21DCDK016',NULL,NULL,'2000-01-01','n21dcdk016@student.ptithcm.edu.vn','Long','Lê Nguyễn Vũ Hoàng','$2a$10$kfET8qdV05Td5YHOQrXW8u6RR6L.PNqoZeNpAHSNWmozhvdV7vSWC',NULL,NULL,'MALE',1),('N21DCDK017',NULL,NULL,'2000-01-01','n21dcdk017@student.ptithcm.edu.vn','Mạnh','Bùi Đức','$2a$10$zZmu3jFzAzHM528bGCUkEuEC58hyPQM7nioNByfV0L6dp9IPF1Cd2',NULL,NULL,'MALE',1),('N21DCDK018',NULL,NULL,'2000-01-01','n21dcdk018@student.ptithcm.edu.vn','Phát','Phạm Tấn','$2a$10$Oac4Q.URSlui8a3IiEoKhuEPFWkx5zZIF.61R0I9ktp9bmBiL5.2m',NULL,NULL,'MALE',1),('N21DCDK019',NULL,NULL,'2000-01-01','n21dcdk019@student.ptithcm.edu.vn','Phú','Nguyễn Văn','$2a$10$RtolL4JJuaqHUMhc4R9Xi.tNMHno2OKAHwd6tvQKZa.UuY/Hlh9nu',NULL,NULL,'MALE',1),('N21DCDK020',NULL,NULL,'2000-01-01','n21dcdk020@student.ptithcm.edu.vn','Phúc','Nguyễn Đình Minh','$2a$10$LE2j6M1xnyDXdFJmpSI6hua95zCedk4Av9VZ4Jw2auFUH27JLsoYy',NULL,NULL,'MALE',1),('N21DCDK022',NULL,NULL,'2000-01-01','n21dcdk022@student.ptithcm.edu.vn','Phúc','Nguyễn Tấn','$2a$10$SHTzzQVI.tJ1819OgoxnyeUJu.jiuWtR3kRh2LxLbJsdq3VwbaDsy',NULL,NULL,'MALE',1),('N21DCDK023',NULL,NULL,'2000-01-01','n21dcdk023@student.ptithcm.edu.vn','Quang','Lê Nguyễn Đắc','$2a$10$ixnKo8KrJ2Xf5cTDZnB2SuyAvORCsMs/DyJ2mdxzEACwFA0i3.lpO',NULL,NULL,'MALE',1),('N21DCDK024',NULL,NULL,'2000-01-01','n21dcdk024@student.ptithcm.edu.vn','Quang','Nguyễn Duy','$2a$10$9o5ESahScXYuAajtMn6TKOywA2qlyefx/KiBSpobEged9qliVG3U2',NULL,NULL,'MALE',1),('N21DCDK025',NULL,NULL,'2000-01-01','n21dcdk025@student.ptithcm.edu.vn','Quang','Trần Đăng','$2a$10$FWdDsYIDl3VTI5LP3F0p9O1cN5iQUEDXFg02hxr7EqEWQGAyxPF.e',NULL,NULL,'MALE',1),('N21DCDK026',NULL,NULL,'2000-01-01','n21dcdk026@student.ptithcm.edu.vn','Quốc','Mai Bảo','$2a$10$3190iWsMVfuFug64OoGsHerl7LGInilWa5VItjkwHhWFYDBoWe2Hq',NULL,NULL,'MALE',1),('N21DCDK027',NULL,NULL,'2000-01-01','n21dcdk027@student.ptithcm.edu.vn','Sang','Nguyễn Phước','$2a$10$SZOjrXpfd3KAfm5NH5wPGuFrlxro/vrJgPh1WdN4ay9AYWGPLmmMG',NULL,NULL,'MALE',1),('N21DCDK028',NULL,NULL,'2000-01-01','n21dcdk028@student.ptithcm.edu.vn','Tân','Đoàn Nhật','$2a$10$doFcF/k6z7yZXkQF/lraq.y/MLGk.W27TE.E8SGS7h6sFkxAI/qnO',NULL,NULL,'MALE',1),('N21DCDK030',NULL,NULL,'2000-01-01','n21dcdk030@student.ptithcm.edu.vn','Thái','Trần Văn','$2a$10$3keLwc0hDXeNweCNsiRPwOf8B5ah9Vw9mwhruufG.lurGCMMKS5R.',NULL,NULL,'MALE',1),('N21DCDK031',NULL,NULL,'2000-01-01','n21dcdk031@student.ptithcm.edu.vn','Thảo','Lê Bá Anh','$2a$10$0VKH.ctLEkVwja/SDl/fZeUoayYQ/Pol6e05B2BRah9dJSBzUFyLG',NULL,NULL,'MALE',1),('N21DCDK034',NULL,NULL,'2000-01-01','n21dcdk034@student.ptithcm.edu.vn','Thịnh','Nguyễn Quang','$2a$10$nVH12RVNtVAoEHbNZoq4A.6EUNvbh1j6OEz8aU628I1nH8GSAsH2K',NULL,NULL,'MALE',1),('N21DCDK036',NULL,NULL,'2000-01-01','n21dcdk036@student.ptithcm.edu.vn','Trí','Võ Minh','$2a$10$SQjEnnPj0lbsKuvZa20f1OA8Z1.xzXE1oNcAWYoFz.TyXD3GPqugu',NULL,NULL,'MALE',1),('N21DCDK039',NULL,NULL,'2000-01-01','n21dcdk039@student.ptithcm.edu.vn','Tú','NguyễN Thanh','$2a$10$dOMbyr7eQf58dG8AxdTv.esR93HvSHv9lRb4.jybIxYpo4U4btPRe',NULL,NULL,'MALE',1),('N21DCPT001',NULL,NULL,'2000-01-01','n21dcpt001@student.ptithcm.edu.vn','An','Nguyễn Thị Kiều','$2a$10$2N3qh3z9BDwhwTRIiOwiHuLqz/BAEAQnQc9UPqW2JG0FbS/3N7UZe',NULL,NULL,'MALE',1),('N21DCPT002',NULL,NULL,'2000-01-01','n21dcpt002@student.ptithcm.edu.vn','Ân','Nguyễn Thiên','$2a$10$hC8F1qFTPgXwAugx4nRdJeAhiWk/Fzl3ZJWog2piJBb1EHB5A1Ey.',NULL,NULL,'MALE',1),('N21DCPT004',NULL,NULL,'2000-01-01','n21dcpt004@student.ptithcm.edu.vn','Anh','Nguyễn Tuyết','$2a$10$2mFCFVzdY72im6GCz8o4leIEnr6rR84Iarffkc1JSE9r3ON6NBDmK',NULL,NULL,'MALE',1),('N21DCPT006',NULL,NULL,'2000-01-01','n21dcpt006@student.ptithcm.edu.vn','Anh','Lê Duy','$2a$10$dWYuAsZequy6rIo.woek3ezodm26sI/7BfpE8IeBIMHx36d/WuEvm',NULL,NULL,'MALE',1),('N21DCPT007',NULL,NULL,'2000-01-01','n21dcpt007@student.ptithcm.edu.vn','Ánh','Phạm Nhật','$2a$10$WysLm20M5pxG9bgLiNTQfu4RVzUAjexEUvS5NJMOHvWSPp/FXmoVy',NULL,NULL,'MALE',1),('N21DCPT008',NULL,NULL,'2000-01-01','n21dcpt008@student.ptithcm.edu.vn','Bảo','Trần Thế','$2a$10$jMVWlSUFyVVFrSdXd1EOM.0kL9JX0FfTR8YEMQZI/dUv3MZ1Dzg9a',NULL,NULL,'MALE',1),('N21DCPT009',NULL,NULL,'2000-01-01','n21dcpt009@student.ptithcm.edu.vn','Chiến','Lê Văn','$2a$10$2fuJ4aoJv4zzfim6K72Jz.cU0mFb/tjeLy65OAnbw/.zfpse5fn/.',NULL,NULL,'MALE',1),('N21DCPT010',NULL,NULL,'2000-01-01','n21dcpt010@student.ptithcm.edu.vn','Diện','Hồ Thị Ngân','$2a$10$SHYQ.jaXTLGbMTTtMn2Cz.RMNxxJhTpJ8rt8L7KJKpEt5Yu/Z.mDa',NULL,NULL,'MALE',1),('N21DCPT011',NULL,NULL,'2000-01-01','n21dcpt011@student.ptithcm.edu.vn','Đông','Lư Diệu','$2a$10$npXgZYqy59IRfaCf1.otguk7KzvoA9j0Ku8U6FXmakIyTbU5exDGC',NULL,NULL,'MALE',1),('N21DCPT012',NULL,NULL,'2000-01-01','n21dcpt012@student.ptithcm.edu.vn','Đồng','Trần Văn','$2a$10$KdJrGpTtZEE/Jt2H8OOYYuWmxdoBOkiAvg2lOB1RHXHc1HFAuLgeS',NULL,NULL,'MALE',1),('N21DCPT013',NULL,NULL,'2000-01-01','n21dcpt013@student.ptithcm.edu.vn','Du','Bùi Thanh','$2a$10$qnRB/Yjbo3iZpkQSgMNUAOcDp1RBJMgCf9F8c2y4QQr5PMFbNIgdK',NULL,NULL,'MALE',1),('N21DCPT014',NULL,NULL,'2000-01-01','n21dcpt014@student.ptithcm.edu.vn','Đức','Phạm Đình','$2a$10$VGam41M8CB/AROq2JibGOus515gEOsRkFJAxCS6esyAzZlOzZ8vVu',NULL,NULL,'MALE',1),('N21DCPT015',NULL,NULL,'2000-01-01','n21dcpt015@student.ptithcm.edu.vn','Dung','Nguyễn Thị Kiều','$2a$10$scP3vjLQSWrokic3emVqXOuujgZwTKl/QgI6IM4ujd/fifHm6K3YC',NULL,NULL,'MALE',1),('N21DCPT016',NULL,NULL,'2000-01-01','n21dcpt016@student.ptithcm.edu.vn','Dung','Nguyễn Thị Ngọc','$2a$10$w2vIb0m6HNmygVvZ.JeiSO1A.lbJTXlrw8xlU/PpUPra1i4N/Fe5e',NULL,NULL,'MALE',1),('N21DCPT017',NULL,NULL,'2000-01-01','n21dcpt017@student.ptithcm.edu.vn','Dương','Trần Phương','$2a$10$SBkkWw0rHkt6ihCrygfbK.Ym8Pli7rNSqrCYltcztx8.dlhZ8vPby',NULL,NULL,'MALE',1),('N21DCPT019',NULL,NULL,'2000-01-01','n21dcpt019@student.ptithcm.edu.vn','Giang','Trần Hồ Tây','$2a$10$2XHeCJ2U8cVvthVH1HjzE.0TXWv0vBEJpp4o46Tq/qmhs363WYWQe',NULL,NULL,'MALE',1),('N21DCPT020',NULL,NULL,'2000-01-01','n21dcpt020@student.ptithcm.edu.vn','Hạ','Từ Thanh Xuân','$2a$10$Wt1q1IHOyPWvDaQ82X5Onu1phlIAATFyCFcRntsV..U0DiQDbxOUa',NULL,NULL,'MALE',1),('N21DCPT021',NULL,NULL,'2000-01-01','n21dcpt021@student.ptithcm.edu.vn','Hải','Nguyễn Duy','$2a$10$q3b/8baaavHByl4b6pUjVeSYz71UKdI8qc6ik3niEx/8nFb/AQiuy',NULL,NULL,'MALE',1),('N21DCPT022',NULL,NULL,'2000-01-01','n21dcpt022@student.ptithcm.edu.vn','Hân','Nguyễn Thị Ngọc','$2a$10$poTApXFWqgfjzhwwfpiME.kDLeuvOSisVA1Wag5eTSOuzurBC9na.',NULL,NULL,'MALE',1),('N21DCPT023',NULL,NULL,'2000-01-01','n21dcpt023@student.ptithcm.edu.vn','Hạnh','Bùi Thị Mỹ','$2a$10$pb9KQRtzirWHegrl3U60qejT2Pa0uC6HAczPzggYR.9qN4vhfvimi',NULL,NULL,'MALE',1),('N21DCPT024',NULL,NULL,'2000-01-01','n21dcpt024@student.ptithcm.edu.vn','Hiếu','Phan Văn','$2a$10$ftBZa4rae9Ju4GVxJRyLzOxGg54ZRsmRZH6A/vJaQtSG1rJ32ElpW',NULL,NULL,'MALE',1),('N21DCPT025',NULL,NULL,'2000-01-01','n21dcpt025@student.ptithcm.edu.vn','Hiếu','Phạm Quách Mỹ','$2a$10$TpU.iUIObraO3VLv3LiTne2s6kSpPv2Xwfr..m9aYKjoDLCGFNnIK',NULL,NULL,'MALE',1),('N21DCPT026',NULL,NULL,'2000-01-01','n21dcpt026@student.ptithcm.edu.vn','Hòa','Lê Thị','$2a$10$/dE39EHgw1gaUeVIFoawL.L2aXCo8i2OFmIqM251Frk9OOrK6Ov4O',NULL,NULL,'MALE',1),('N21DCPT027',NULL,NULL,'2000-01-01','n21dcpt027@student.ptithcm.edu.vn','Hoàng','Lê Huy','$2a$10$MhTWaVo1QlWVErLpCkW.kuZNSfRu5bZIiyyAOrxXm.nNocgDVpziy',NULL,NULL,'MALE',1),('N21DCPT028',NULL,NULL,'2000-01-01','n21dcpt028@student.ptithcm.edu.vn','Hoàng','Nguyễn Việt','$2a$10$5q2nz6euxJrISM93H4wpM..dTcHtzYSSnsu2BERldZkEAyBUW/ZTK',NULL,NULL,'MALE',1),('N21DCPT032',NULL,NULL,'2000-01-01','n21dcpt032@student.ptithcm.edu.vn','Hoàng','Trần Minh','$2a$10$YZmdQ8N9E6Ml6BRaZ3bAhuONiGbP4KyN/dFEQQtuJcsksKgGn6ns2',NULL,NULL,'MALE',1),('N21DCPT033',NULL,NULL,'2000-01-01','n21dcpt033@student.ptithcm.edu.vn','Hoàng','Võ Duy','$2a$10$5limCUKZQOc0JqFWlmiWE.jMiHke2vaBIm9HJlyFy4lw6k7jkPGXq',NULL,NULL,'MALE',1),('N21DCPT035',NULL,NULL,'2000-01-01','n21dcpt035@student.ptithcm.edu.vn','Hương','Nguyễn Thị Thanh','$2a$10$fHWgXuVyhOLbK6OGDDAeCOdOzuNZWlDOiMcKYolywBOgLmJo/zhX6',NULL,NULL,'MALE',1),('N21DCPT037',NULL,NULL,'2000-01-01','n21dcpt037@student.ptithcm.edu.vn','Khanh','Võ Trần Bảo','$2a$10$hyPc7khUj9kRGYQ1RaDOXuYTPUYu8VQCWwW4Ntfq2Y2nL3h1YOhea',NULL,NULL,'MALE',1),('N21DCPT038',NULL,NULL,'2000-01-01','n21dcpt038@student.ptithcm.edu.vn','Khánh','Nguyễn Hoàng','$2a$10$8Aeng8FMfI3XhSpHayoRCOuUBaM92EYFYvgWvqYK8g3NdJK1pJQum',NULL,NULL,'MALE',1),('N21DCPT039',NULL,NULL,'2000-01-01','n21dcpt039@student.ptithcm.edu.vn','Khánh','Phạm Hoàng','$2a$10$.MQK4X7M/mQuO.fTKFdbzO5K/4qKFYcKSfHZOsgBBiLlsFKJXmPUO',NULL,NULL,'MALE',1),('N21DCPT040',NULL,NULL,'2000-01-01','n21dcpt040@student.ptithcm.edu.vn','Khoa','Phạm Anh','$2a$10$NV/kkYqa0ORWaTpjiz8aQuirOa.ofQEs.tj0YtOQKYqAwXjNHnF7u',NULL,NULL,'MALE',1),('N21DCPT041',NULL,NULL,'2000-01-01','n21dcpt041@student.ptithcm.edu.vn','Kiệt','Đinh Tuấn','$2a$10$l9ZLY18xYEbcn.Uqe6O7p.KXI2uyUUftosJtgazbxNJGDzTHXR36y',NULL,NULL,'MALE',1),('N21DCPT044',NULL,NULL,'2000-01-01','n21dcpt044@student.ptithcm.edu.vn','Linh','Dương Gia','$2a$10$Mz29Qp8sshS5WwUEdWzhxukzBYbEhbDA2LFn5beGCIjYiH3fewTD2',NULL,NULL,'MALE',1),('N21DCPT045',NULL,NULL,'2000-01-01','n21dcpt045@student.ptithcm.edu.vn','Linh','Hoàng Thị Kim','$2a$10$0vWhy00FyIXAfGzdvIS9I.rPcLzA7Qu0DMUzdM/oimXgzEhulZZwm',NULL,NULL,'MALE',1),('N21DCPT046',NULL,NULL,'2000-01-01','n21dcpt046@student.ptithcm.edu.vn','Linh','Nguyễn Thị Diệu','$2a$10$.agTudL66Tmm44lsyWLVsudjDnpVdSNLeIxC8/uNZNCo.HmPRPXHS',NULL,NULL,'MALE',1),('N21DCPT048',NULL,NULL,'2000-01-01','n21dcpt048@student.ptithcm.edu.vn','Linh','Thái Yến','$2a$10$JJ0Ivo1vV/w0wKG41qmMC.PqVcg81ysZgYqV0lYa/4R7FJRbn7nDa',NULL,NULL,'MALE',1),('N21DCPT049',NULL,NULL,'2000-01-01','n21dcpt049@student.ptithcm.edu.vn','Mây','Trần Thu','$2a$10$4XK3C6mDzBry4Sb4hAZhIe2EBVsfe7rDfO.I5BKAWQeqNtCIreygm',NULL,NULL,'MALE',1),('N21DCPT050',NULL,NULL,'2000-01-01','n21dcpt050@student.ptithcm.edu.vn','Minh','Phạm Nhật','$2a$10$0etvkgusLy/94xNJ7isgJ.yroFbDCo3EO0szP7muzKsGz6ZLm0E6K',NULL,NULL,'MALE',1),('N21DCPT051',NULL,NULL,'2000-01-01','n21dcpt051@student.ptithcm.edu.vn','My','Trương Diễm','$2a$10$gmSUC8ALeiYEKa/WjwwYrOvOmHnX0svG4Fao0AOJUY3eBmINdw8x.',NULL,NULL,'MALE',1),('N21DCPT052',NULL,NULL,'2000-01-01','n21dcpt052@student.ptithcm.edu.vn','Nam','Nguyễn Bá Bảo','$2a$10$LfoU.Soxkg/.bN.4Z33BYeArT6SNV9u1wYaLFeRIp30a.L7rJI8R6',NULL,NULL,'MALE',1),('N21DCPT053',NULL,NULL,'2000-01-01','n21dcpt053@student.ptithcm.edu.vn','Nga','Trần Phương','$2a$10$4Mo0NdnEJEdqcX5PbI8gSOzaOsNnrkGeoF6UqfoX5wWMRg0z33jX6',NULL,NULL,'MALE',1),('N21DCPT054',NULL,NULL,'2000-01-01','n21dcpt054@student.ptithcm.edu.vn','Ngân','Mạc Thị','$2a$10$UepMLiJw0Z7DldumufT2R.9n4diwfyR1aV3obKEPFQ/u9DfApqVP2',NULL,NULL,'MALE',1),('N21DCPT056',NULL,NULL,'2000-01-01','n21dcpt056@student.ptithcm.edu.vn','Ngân','Võ Thị Ngọc','$2a$10$uryiNg3sPnJEMlVVFo/Q3O7WJPBMeIO7QBLGvmp8pBD/oYQUCRCiu',NULL,NULL,'MALE',1),('N21DCPT057',NULL,NULL,'2000-01-01','n21dcpt057@student.ptithcm.edu.vn','Nghi','Huỳnh Nguyễn Xuân','$2a$10$Ew5WFk87tFRJFjjQEtuDLONM212YNTHCHsCcLaXbDWxLoxekHFDPK',NULL,NULL,'MALE',1),('N21DCPT058',NULL,NULL,'2000-01-01','n21dcpt058@student.ptithcm.edu.vn','Nghi','Phan Xuân','$2a$10$bpxc2PWxdrp42limLYkjj.J9P3fH.kyYBrElxsVeyIfUvJ3f/3i1W',NULL,NULL,'MALE',1),('N21DCPT059',NULL,NULL,'2000-01-01','n21dcpt059@student.ptithcm.edu.vn','Nghi','Dương Mẫn','$2a$10$GB3nye8XQOp/mhisxqo6U.e.xLGcuctSdzliTI5.GHpqRmdLRrf2W',NULL,NULL,'MALE',1),('N21DCPT060',NULL,NULL,'2000-01-01','n21dcpt060@student.ptithcm.edu.vn','Nguyên','Lê Thảo','$2a$10$qEp9jkoXXH3Pztw4AW54KOVzlDjzCSrIXBM6iag4Jx3TsNk.XMRWO',NULL,NULL,'MALE',1),('N21DCPT063',NULL,NULL,'2000-01-01','n21dcpt063@student.ptithcm.edu.vn','Nhân','Trần Trọng','$2a$10$Y.Fzy1/pbu9bldAhZe4S1u2ZvdCGhj0bmJkBWEFQvJ/rjE5WXWV2m',NULL,NULL,'MALE',1),('N21DCPT064',NULL,NULL,'2000-01-01','n21dcpt064@student.ptithcm.edu.vn','Nhẫn','Đặng Thị','$2a$10$.GSrXmKPkzpaHFuIMgQEvulaCnc7IK6gRHtUvpY6O8Dzl9cDlrOqa',NULL,NULL,'MALE',1),('N21DCPT065',NULL,NULL,'2000-01-01','n21dcpt065@student.ptithcm.edu.vn','Nhất','Phan Đặng','$2a$10$C9m1LG5wLDS07QT2lhYszujffBDisTEYP/3bmSUcQWzaT9CAFvDgm',NULL,NULL,'MALE',1),('N21DCPT066',NULL,NULL,'2000-01-01','n21dcpt066@student.ptithcm.edu.vn','Nhật','Nguyễn Hoàng Kha','$2a$10$O/mJLpqepfEualy.37k5O.a7R3hj0zYRK2SsNP.Rs80geXglNntmS',NULL,NULL,'MALE',1),('N21DCPT067',NULL,NULL,'2000-01-01','n21dcpt067@student.ptithcm.edu.vn','Nhi','Hoàng Kiến Tường','$2a$10$bmWTP4o.qdptGS1XUF6d4uQoVhF/4TVUnla5.9zXA5cNZz.MuVZIS',NULL,NULL,'MALE',1),('N21DCPT069',NULL,NULL,'2000-01-01','n21dcpt069@student.ptithcm.edu.vn','Nhi','Nguyễn Xuân Quỳnh','$2a$10$CX6GxIUasvn/9icgfRBe5e7vsjZnV0YVvH8UbsqS8ZleaP2JxQNPa',NULL,NULL,'MALE',1),('N21DCPT070',NULL,NULL,'2000-01-01','n21dcpt070@student.ptithcm.edu.vn','Nữ','Nguyễn Thị Mỹ','$2a$10$9M/r39UCMhawS0C34V143OeMVA4MPxjwNn.rPvujWLcHY0WYZ8Qp2',NULL,NULL,'MALE',1),('N21DCPT072',NULL,NULL,'2000-01-01','n21dcpt072@student.ptithcm.edu.vn','Phú','Lê Trương Hoàng','$2a$10$cegn..yV2a4.349MRye0N.iVSCHoF3gCdSCO2Yi6kNNa3T43K9AEW',NULL,NULL,'MALE',1),('N21DCPT073',NULL,NULL,'2000-01-01','n21dcpt073@student.ptithcm.edu.vn','Phú','Nguyễn Triệu','$2a$10$P8h3XigvWECVmkgceWJxreri8bMXsMf23XJZupB.hTrdk7Nfmglp.',NULL,NULL,'MALE',1),('N21DCPT074',NULL,NULL,'2000-01-01','n21dcpt074@student.ptithcm.edu.vn','Phúc','Nguyễn Trọng','$2a$10$25kvfgwtZftU5EPX61./9.RbxnUfD7.FbzZHvjuruH6n.wKBXXwIa',NULL,NULL,'MALE',1),('N21DCPT075',NULL,NULL,'2000-01-01','n21dcpt075@student.ptithcm.edu.vn','Phúc','Phan Hữu Thiên','$2a$10$hbTLcY/f4GlTrUtNjKnSIOEpXUJFi2.MUertMAi/13ETeSVpYhgs2',NULL,NULL,'MALE',1),('N21DCPT076',NULL,NULL,'2000-01-01','n21dcpt076@student.ptithcm.edu.vn','Phương','Mai Thu','$2a$10$NwgocRzZAzmsGapgEwG1SeQWKCMrbjpIxXpFZV0XXRyLL8pvpdQCe',NULL,NULL,'MALE',1),('N21DCPT080',NULL,NULL,'2000-01-01','n21dcpt080@student.ptithcm.edu.vn','Quỳnh','Mai Nguyễn Xuân','$2a$10$x7BHKpsKo0YL71X0PTzz9.VZ0nwJQhRp3AciACS8pkIlY54LDtVK.',NULL,NULL,'MALE',1),('N21DCPT081',NULL,NULL,'2000-01-01','n21dcpt081@student.ptithcm.edu.vn','Sơn','Nguyễn Ngọc','$2a$10$FwDz5B99lvGccAIbjdFefeRMtRO2wKLe0lccFsf1I8knXrXnJd82W',NULL,NULL,'MALE',1),('N21DCPT082',NULL,NULL,'2000-01-01','n21dcpt082@student.ptithcm.edu.vn','Sỹ','Vũ Văn','$2a$10$r7WpEgbaL6eapDifcT5Qr.Utmesng4ng63K1a2u7RmKzDxYduGcRa',NULL,NULL,'MALE',1),('N21DCPT085',NULL,NULL,'2000-01-01','n21dcpt085@student.ptithcm.edu.vn','Thắng','Trần Xuân','$2a$10$BgWPt9xHTZor/tYVW0Xp/eVYTQK9wZAigcC1KccaFAYIV2dJqztuW',NULL,NULL,'MALE',1),('N21DCPT086',NULL,NULL,'2000-01-01','n21dcpt086@student.ptithcm.edu.vn','Thảo','Nguyễn Phương','$2a$10$LXARfIVF3LD/.aYEHZXD0O3OqRC7d0SGf7/nqow6/zmecTFO5fQg2',NULL,NULL,'MALE',1),('N21DCPT087',NULL,NULL,'2000-01-01','n21dcpt087@student.ptithcm.edu.vn','Thảo','Phạm Thị Phương','$2a$10$BbfAy9CRfxEwEy4mKx6rbeT9IQTneqKyr09bflUbBHdryi1sKsezq',NULL,NULL,'MALE',1),('N21DCPT088',NULL,NULL,'2000-01-01','n21dcpt088@student.ptithcm.edu.vn','Thơ','Nguyễn Anh','$2a$10$HXjvX1D5QXBjiHix9FwNxeBAeGqufGoduHZq4K4qToUOxLgAa2qma',NULL,NULL,'MALE',1),('N21DCPT089',NULL,NULL,'2000-01-01','n21dcpt089@student.ptithcm.edu.vn','Thu','Phạm Thị Thanh','$2a$10$Gj/VgYa.dfIZjVEcj9r79urLqR41r70.SUcPf9YkEMldHIJ3Tr9py',NULL,NULL,'MALE',1),('N21DCPT090',NULL,NULL,'2000-01-01','n21dcpt090@student.ptithcm.edu.vn','Thư','Đào Nữ Quỳnh','$2a$10$kaC7cJ4kFQmY7sFuD6VN0uKzicNrr6qvfDgnqsMtJBc4St5XoSRa.',NULL,NULL,'MALE',1),('N21DCPT091',NULL,NULL,'2000-01-01','n21dcpt091@student.ptithcm.edu.vn','Thủy','Phan Thu','$2a$10$XC0sdLZ2JN927khr2dcL4ulVrg7MJS76Vmg5xhmSbXGateTy5TCl.',NULL,NULL,'MALE',1),('N21DCPT092',NULL,NULL,'2000-01-01','n21dcpt092@student.ptithcm.edu.vn','Trang','Trần Thuỳ','$2a$10$5Pa5A5rbq1nLZpDGHW2y8.ki/Pou1hwRy1prZB2fE2DjBdbUtVesC',NULL,NULL,'MALE',1),('N21DCPT093',NULL,NULL,'2000-01-01','n21dcpt093@student.ptithcm.edu.vn','Trúc','Lâm Thị Cẩm','$2a$10$WD7S35PgiX3EvksNwUDca.Tl.TaTJkJ8mehOqqRIiqQP67GOL.zDG',NULL,NULL,'MALE',1),('N21DCPT094',NULL,NULL,'2000-01-01','n21dcpt094@student.ptithcm.edu.vn','Trúc','Nguyễn Hoàng Thanh','$2a$10$QY2mUrCTzxQSVtHRNyQkZeQYS3h6cavEWz.Bed.3Gb1C.k5H0xCzy',NULL,NULL,'MALE',1),('N21DCPT095',NULL,NULL,'2000-01-01','n21dcpt095@student.ptithcm.edu.vn','Tuyên','Nguyễn Hữu Chính','$2a$10$z6zZ6DW4JsdyZSCN6aebOudOI62Jfq3t19uKlfsCEQ0xljEJLeesK',NULL,NULL,'MALE',1),('N21DCPT096',NULL,NULL,'2000-01-01','n21dcpt096@student.ptithcm.edu.vn','Tuyết','Bùi Đường Như','$2a$10$8y1zIMePTfqTfjH9EY8w3.oya8xteFllDFVkvrPpYpwPl2meXwZnC',NULL,NULL,'MALE',1),('N21DCPT098',NULL,NULL,'2000-01-01','n21dcpt098@student.ptithcm.edu.vn','Vệ','Đàm Đại','$2a$10$Fak1lHuqle6p.uxgwepstuzBSvSJrPjNns.26.OWwMhDvC/PPljqu',NULL,NULL,'MALE',1),('N21DCPT099',NULL,NULL,'2000-01-01','n21dcpt099@student.ptithcm.edu.vn','Viên','Kinh Quang','$2a$10$zqxr7wVaADM9wlQiIO3Lk.nM1VBQ2c50gxeZjgYohQBQuYaSSZMR.',NULL,NULL,'MALE',1),('N21DCPT100',NULL,NULL,'2000-01-01','n21dcpt100@student.ptithcm.edu.vn','Vũ','Lê','$2a$10$U4rOldjGl6Z4pu7M4p0zeuNo7SK8JHQlfaDhQSBFuhHs/.09hohHu',NULL,NULL,'MALE',1),('N21DCPT102',NULL,NULL,'2000-01-01','n21dcpt102@student.ptithcm.edu.vn','Vy','Phạm Thụy Xuân','$2a$10$BstRlbp3TI4PaCS54YNp6OQOmwk/B2iCBYbzIprKMBlJAa.BKIMuS',NULL,NULL,'MALE',1),('N21DCVT015',NULL,NULL,'2000-01-01','n21dcvt015@student.ptithcm.edu.vn','Diệp','Võ Nguyên Hồng','$2a$10$gdIbcpFWJAqmPnHguDGpM.HG3o6DfAA1ZEDSfboKrtpunv6aiWFEu',NULL,NULL,'MALE',1),('N21DCVT054',NULL,NULL,'2000-01-01','n21dcvt054@student.ptithcm.edu.vn','Kỳ','Đặng Hồng','$2a$10$heCJGJIT9OhHsqR9eyvrYOvfd3.yuAS3F4ZvzeSPsXvaTESN10MMa',NULL,NULL,'MALE',1),('N21DCVT059',NULL,NULL,'2000-01-01','n21dcvt059@student.ptithcm.edu.vn','Lộc','Lê Tấn','$2a$10$RkETKrEO9NbIOlk878.VBuvjpJKzmK/dow8CoQ3.FLBeL/RWKUyyC',NULL,NULL,'MALE',1),('N21DCVT073',NULL,NULL,'2000-01-01','n21dcvt073@student.ptithcm.edu.vn','Phú','Hoàng Nguyễn Bảo','$2a$10$OyAhw/6GwdPqdP9LRAd1VekfOPCVuDd8Hr7m5.cyxlQgKcYV1jFlW',NULL,NULL,'MALE',1),('N21DCVT074',NULL,NULL,'2000-01-01','n21dcvt074@student.ptithcm.edu.vn','Phú','Phạm Trịnh Xuân','$2a$10$qbPQf5DU4LQjlL.kgry/WeErkHBSuBqJNhjvUkgAM9qGNXxwxY66K',NULL,NULL,'MALE',1),('N21DCVT075',NULL,NULL,'2000-01-01','n21dcvt075@student.ptithcm.edu.vn','Phúc','Lâm Hồng','$2a$10$Av3OF1t4y5LUEpvigx9d..HLPGdOL2fvE7h4qfrAxsUbFAMqQJgKm',NULL,NULL,'MALE',1),('N21DCVT085',NULL,NULL,'2000-01-01','n21dcvt085@student.ptithcm.edu.vn','Quỳnh','Nguyễn Thúy','$2a$10$LqHnRaKkwVDAhesi6vwBGunmqRU5aXtsI5bDLrXS9KmN6WCTwp/ZC',NULL,NULL,'MALE',1),('N21DCVT104',NULL,NULL,'2000-01-01','n21dcvt104@student.ptithcm.edu.vn','Toàn','Đặng Nguyễn Hữu','$2a$10$GbYwpcNEE8YHKIJZC9W9Vu792pHq7lu7l10Snp.g2v0CnPKIGTDii',NULL,NULL,'MALE',1),('N21DCVT105',NULL,NULL,'2000-01-01','n21dcvt105@student.ptithcm.edu.vn','Toàn','Vũ Đức','$2a$10$KNdrS3FHhXWhmhXp1kiXCeiXkD53kSCjeuL0ZGsGZ2Uz3.M7ThnnC',NULL,NULL,'MALE',1),('N21DCVT128',NULL,NULL,'2000-01-01','n21dcvt128@student.ptithcm.edu.vn','Vỹ','Trần Nguyễn','$2a$10$b7GcibSquvD0mPN8y5LWnucMWAHH8ZHKjzpmBl.LdcpDA.zYtKQEi',NULL,NULL,'MALE',1),('N21DTCN003',NULL,NULL,'2000-01-01','n21dtcn003@student.ptithcm.edu.vn','Chí','Lê Đỗ Đức Trường','$2a$10$RslOilR8BfBFV/nhyUIN4eMEfPwAGgp5wpKeQriVOMwmL2r0NtZEC',NULL,NULL,'MALE',1),('N21DTCN008','Nam Định',NULL,'2001-01-10','n21dtcn008@student.ptithcm.edu.vn','Hoàn','Đinh Viết','$2a$10$agW4PqH6DdXPcKnkKBXheOzDOatpgmQdhGT.VgWYK.CzZ4Ox/Hhwa',NULL,NULL,'MALE',1),('N21DTCN010','Thừa Thiên Huế',NULL,'2000-10-01','n21dtcn010@student.ptithcm.edu.vn','Lực','Hà Ngọc','$2a$10$W3U8829uPF3p1wMqzeCefurJXkIs/fH.BjRR/TjexmBTZ1B3b6UCy',NULL,NULL,'MALE',1),('N21DTCN015',NULL,NULL,'2000-01-01','n21dtcn015@student.ptithcm.edu.vn','Thủy','Nguyễn Minh','$2a$10$Sn.YXoWObQ1wkMZfnua7QumkwQ7FCtyaHGIqjM6C7zxYawGcllXMG',NULL,NULL,'MALE',1),('N21DTCN017','Ninh Bình',NULL,'2000-01-01','n21dtcn017@student.ptithcm.edu.vn','Trực','Nguyễn Hữu','$2a$10$Q404mDq5eyHDgKIL90UbzOtd1oUTY3.sigZak.Y.2vDCG4Hzax.1.',NULL,NULL,'MALE',0);
/*!40000 ALTER TABLE `nguoidung` ENABLE KEYS */;
UNLOCK TABLES;

--
-- Table structure for table `nguoidung_vaitro`
--

DROP TABLE IF EXISTS `nguoidung_vaitro`;
/*!40101 SET @saved_cs_client     = @@character_set_client */;
/*!50503 SET character_set_client = utf8mb4 */;
CREATE TABLE `nguoidung_vaitro` (
  `manguoidung` char(10) CHARACTER SET utf8mb3 COLLATE utf8mb3_general_ci NOT NULL,
  `mavaitro` int NOT NULL,
  PRIMARY KEY (`manguoidung`,`mavaitro`),
  KEY `FKmw421utubwrewgt2hu3vnq7eg` (`mavaitro`),
  CONSTRAINT `FKmw421utubwrewgt2hu3vnq7eg` FOREIGN KEY (`mavaitro`) REFERENCES `vaitro` (`mavaitro`),
  CONSTRAINT `FKr438p0h6cpafav619kji4a2dr` FOREIGN KEY (`manguoidung`) REFERENCES `nguoidung` (`manguoidung`)
) ENGINE=InnoDB DEFAULT CHARSET=utf8mb4 COLLATE=utf8mb4_0900_ai_ci;
/*!40101 SET character_set_client = @saved_cs_client */;

--
-- Dumping data for table `nguoidung_vaitro`
--

LOCK TABLES `nguoidung_vaitro` WRITE;
/*!40000 ALTER TABLE `nguoidung_vaitro` DISABLE KEYS */;
INSERT INTO `nguoidung_vaitro` VALUES ('N15DCAT024',1),('N15DCAT047',1),('N15DCCN164',1),('N16DCCN111',1),('N16DCCN149',1),('N16DCDT026',1),('N16DCPT058',1),('N17DCAT046',1),('N17DCAT057',1),('N17DCAT077',1),('N17DCCN003',1),('N17DCCN060',1),('N17DCCN086',1),('N17DCCN093',1),('N17DCCN122',1),('N17DCCN123',1),('N17DCCN137',1),('N17DCCN149',1),('N17DCCN192',1),('N17DCDT055',1),('N17DCDT056',1),('N17DCDT070',1),('N17DCPT013',1),('N18DCAT011',1),('N18DCAT062',1),('N18DCAT079',1),('N18DCAT083',1),('N18DCAT091',1),('N18DCCN003',1),('N18DCCN008',1),('N18DCCN009',1),('N18DCCN012',1),('N18DCCN050',1),('N18DCCN051',1),('N18DCCN084',1),('N18DCCN094',1),('N18DCCN095',1),('N18DCCN100',1),('N18DCCN107',1),('N18DCCN112',1),('N18DCCN117',1),('N18DCCN127',1),('N18DCCN134',1),('N18DCCN135',1),('N18DCCN152',1),('N18DCCN168',1),('N18DCCN174',1),('N18DCCN185',1),('N18DCCN188',1),('N18DCCN194',1),('N18DCCN250',1),('N18DCCN300',1),('N18DCDT031',1),('N18DCDT057',1),('N18DCPT007',1),('N18DCPT011',1),('N18DCPT012',1),('N18DCPT016',1),('N18DCPT022',1),('N18DCPT030',1),('N18DCPT035',1),('N18DCPT061',1),('N18DCPT064',1),('N18DCPT067',1),('N18DCPT069',1),('N19DCAT003',1),('N19DCAT004',1),('N19DCAT009',1),('N19DCAT010',1),('N19DCAT011',1),('N19DCAT013',1),('N19DCAT014',1),('N19DCAT015',1),('N19DCAT016',1),('N19DCAT017',1),('N19DCAT019',1),('N19DCAT022',1),('N19DCAT023',1),('N19DCAT024',1),('N19DCAT031',1),('N19DCAT037',1),('N19DCAT042',1),('N19DCAT044',1),('N19DCAT047',1),('N19DCAT052',1),('N19DCAT054',1),('N19DCAT058',1),('N19DCAT059',1),('N19DCAT063',1),('N19DCAT066',1),('N19DCAT081',1),('N19DCAT084',1),('N19DCAT090',1),('N19DCAT092',1),('N19DCAT093',1),('N19DCAT095',1),('N19DCAT097',1),('N19DCCN017',1),('N19DCCN018',1),('N19DCCN025',1),('N19DCCN042',1),('N19DCCN058',1),('N19DCCN062',1),('N19DCCN073',1),('N19DCCN083',1),('N19DCCN086',1),('N19DCCN097',1),('N19DCCN102',1),('N19DCCN110',1),('N19DCCN127',1),('N19DCCN139',1),('N19DCCN146',1),('N19DCCN158',1),('N19DCCN164',1),('N19DCCN176',1),('N19DCCN182',1),('N19DCCN187',1),('N19DCCN195',1),('N19DCCN199',1),('N19DCCN206',1),('N19DCCN222',1),('N19DCPT005',1),('N20DCAT001',1),('N20DCAT002',1),('N20DCAT003',1),('N20DCAT004',1),('N20DCAT005',1),('N20DCAT006',1),('N20DCAT007',1),('N20DCAT008',1),('N20DCAT009',1),('N20DCAT010',1),('N20DCAT011',1),('N20DCAT012',1),('N20DCAT013',1),('N20DCAT014',1),('N20DCAT015',1),('N20DCAT017',1),('N20DCAT018',1),('N20DCAT019',1),('N20DCAT020',1),('N20DCAT021',1),('N20DCAT022',1),('N20DCAT023',1),('N20DCAT024',1),('N20DCAT025',1),('N20DCAT026',1),('N20DCAT027',1),('N20DCAT028',1),('N20DCAT029',1),('N20DCAT030',1),('N20DCAT031',1),('N20DCAT032',1),('N20DCAT033',1),('N20DCAT034',1),('N20DCAT035',1),('N20DCAT036',1),('N20DCAT038',1),('N20DCAT040',1),('N20DCAT041',1),('N20DCAT042',1),('N20DCAT043',1),('N20DCAT044',1),('N20DCAT045',1),('N20DCAT046',1),('N20DCAT048',1),('N20DCAT049',1),('N20DCAT051',1),('N20DCAT053',1),('N20DCAT054',1),('N20DCAT055',1),('N20DCAT056',1),('N20DCAT057',1),('N20DCAT060',1),('N20DCAT061',1),('N20DCAT062',1),('N20DCAT063',1),('N20DCAT064',1),('N20DCAT065',1),('N20DCCN001',1),('N20DCCN002',1),('N20DCCN003',1),('N20DCCN004',1),('N20DCCN005',1),('N20DCCN006',1),('N20DCCN007',1),('N20DCCN008',1),('N20DCCN009',1),('N20DCCN010',1),('N20DCCN011',1),('N20DCCN012',1),('N20DCCN013',1),('N20DCCN014',1),('N20DCCN015',1),('N20DCCN016',1),('N20DCCN017',1),('N20DCCN018',1),('N20DCCN019',1),('N20DCCN020',1),('N20DCCN021',1),('N20DCCN022',1),('N20DCCN023',1),('N20DCCN024',1),('N20DCCN025',1),('N20DCCN026',1),('N20DCCN027',1),('N20DCCN028',1),('N20DCCN029',1),('N20DCCN031',1),('N20DCCN032',1),('N20DCCN033',1),('N20DCCN034',1),('N20DCCN035',1),('N20DCCN036',1),('N20DCCN037',1),('N20DCCN038',1),('N20DCCN039',1),('N20DCCN040',1),('N20DCCN041',1),('N20DCCN042',1),('N20DCCN043',1),('N20DCCN045',1),('N20DCCN046',1),('N20DCCN047',1),('N20DCCN048',1),('N20DCCN049',1),('N20DCCN050',1),('N20DCCN051',1),('N20DCCN052',1),('N20DCCN053',1),('N20DCCN054',1),('N20DCCN055',1),('N20DCCN056',1),('N20DCCN057',1),('N20DCCN058',1),('N20DCCN059',1),('N20DCCN060',1),('N20DCCN061',1),('N20DCCN062',1),('N20DCCN063',1),('N20DCCN064',1),('N20DCCN065',1),('N20DCCN066',1),('N20DCCN067',1),('N20DCCN068',1),('N20DCCN069',1),('N20DCCN070',1),('N20DCCN071',1),('N20DCCN072',1),('N20DCCN073',1),('N20DCCN075',1),('N20DCCN076',1),('N20DCCN077',1),('N20DCCN078',1),('N20DCCN079',1),('N20DCCN080',1),('N20DCCN081',1),('N20DCCN082',1),('N20DCCN083',1),('N20DCCN084',1),('N20DCCN085',1),('N20DCCN086',1),('N20DCCN087',1),('N20DCCN088',1),('N20DCCN089',1),('N20DCCN090',1),('N20DCCN091',1),('N20DCCN092',1),('N20DCCN093',1),('N20DCCN094',1),('N20DCCN095',1),('N20DCCN096',1),('N20DCCN097',1),('N20DCCN098',1),('N20DCCN099',1),('N20DCCN100',1),('N20DCCN102',1),('N20DCCN103',1),('N20DCCN104',1),('N20DCCN105',1),('N20DCCN106',1),('N20DCCN107',1),('N20DCCN108',1),('N20DCCN109',1),('N20DCCN110',1),('N20DCCN111',1),('N20DCCN112',1),('N20DCCN113',1),('N20DCCN114',1),('N20DCCN115',1),('N20DCCN117',1),('N20DCCN118',1),('N20DCCN120',1),('N20DCCN121',1),('N20DCCN122',1),('N20DCCN123',1),('N20DCCN125',1),('N20DCCN126',1),('N20DCCN127',1),('N20DCCN128',1),('N20DCCN129',1),('N20DCCN130',1),('N20DCCN131',1),('N20DCCN133',1),('N20DCCN134',1),('N20DCCN135',1),('N20DCCN136',1),('N20DCCN137',1),('N20DCCN138',1),('N20DCCN139',1),('N20DCCN140',1),('N20DCCN141',1),('N20DCCN142',1),('N20DCCN143',1),('N20DCCN144',1),('N20DCCN145',1),('N20DCCN146',1),('N20DCCN147',1),('N20DCCN148',1),('N20DCCN149',1),('N20DCCN150',1),('N20DCCN151',1),('N20DCCN152',1),('N20DCCN153',1),('N20DCCN154',1),('N20DCCN155',1),('N20DCCN156',1),('N20DCCN157',1),('N20DCCN158',1),('N20DCCN159',1),('N20DCCN160',1),('N20DCCN161',1),('N20DCCN162',1),('N20DCCN163',1),('N20DCCN165',1),('N21DCAT001',1),('N21DCAT002',1),('N21DCAT004',1),('N21DCAT005',1),('N21DCAT006',1),('N21DCAT007',1),('N21DCAT008',1),('N21DCAT010',1),('N21DCAT011',1),('N21DCAT013',1),('N21DCAT014',1),('N21DCAT015',1),('N21DCAT017',1),('N21DCAT018',1),('N21DCAT019',1),('N21DCAT020',1),('N21DCAT021',1),('N21DCAT022',1),('N21DCAT024',1),('N21DCAT025',1),('N21DCAT026',1),('N21DCAT027',1),('N21DCAT028',1),('N21DCAT029',1),('N21DCAT030',1),('N21DCAT031',1),('N21DCAT033',1),('N21DCAT034',1),('N21DCAT035',1),('N21DCAT036',1),('N21DCAT037',1),('N21DCAT038',1),('N21DCAT039',1),('N21DCAT041',1),('N21DCAT042',1),('N21DCAT043',1),('N21DCAT044',1),('N21DCAT045',1),('N21DCAT046',1),('N21DCAT047',1),('N21DCAT049',1),('N21DCAT050',1),('N21DCAT051',1),('N21DCAT052',1),('N21DCAT053',1),('N21DCAT054',1),('N21DCAT055',1),('N21DCAT056',1),('N21DCAT057',1),('N21DCAT058',1),('N21DCAT059',1),('N21DCAT060',1),('N21DCAT061',1),('N21DCAT062',1),('N21DCAT063',1),('N21DCAT065',1),('N21DCAT067',1),('N21DCCN002',1),('N21DCCN003',1),('N21DCCN004',1),('N21DCCN005',1),('N21DCCN006',1),('N21DCCN007',1),('N21DCCN008',1),('N21DCCN009',1),('N21DCCN010',1),('N21DCCN012',1),('N21DCCN013',1),('N21DCCN015',1),('N21DCCN017',1),('N21DCCN018',1),('N21DCCN020',1),('N21DCCN021',1),('N21DCCN022',1),('N21DCCN023',1),('N21DCCN025',1),('N21DCCN026',1),('N21DCCN027',1),('N21DCCN028',1),('N21DCCN030',1),('N21DCCN032',1),('N21DCCN033',1),('N21DCCN034',1),('N21DCCN035',1),('N21DCCN036',1),('N21DCCN037',1),('N21DCCN038',1),('N21DCCN039',1),('N21DCCN040',1),('N21DCCN042',1),('N21DCCN043',1),('N21DCCN045',1),('N21DCCN046',1),('N21DCCN047',1),('N21DCCN048',1),('N21DCCN049',1),('N21DCCN050',1),('N21DCCN051',1),('N21DCCN052',1),('N21DCCN053',1),('N21DCCN054',1),('N21DCCN055',1),('N21DCCN057',1),('N21DCCN058',1),('N21DCCN060',1),('N21DCCN062',1),('N21DCCN063',1),('N21DCCN064',1),('N21DCCN065',1),('N21DCCN066',1),('N21DCCN067',1),('N21DCCN068',1),('N21DCCN069',1),('N21DCCN070',1),('N21DCCN071',1),('N21DCCN072',1),('N21DCCN074',1),('N21DCCN075',1),('N21DCCN076',1),('N21DCCN077',1),('N21DCCN078',1),('N21DCCN079',1),('N21DCCN080',1),('N21DCCN081',1),('N21DCCN082',1),('N21DCCN083',1),('N21DCCN084',1),('N21DCCN085',1),('N21DCCN086',1),('N21DCCN087',1),('N21DCCN088',1),('N21DCCN089',1),('N21DCCN090',1),('N21DCCN091',1),('N21DCCN092',1),('N21DCCN093',1),('N21DCCN094',1),('N21DCCN095',1),('N21DCCN096',1),('N21DCCN097',1),('N21DCCN098',1),('N21DCCN099',1),('N21DCCN100',1),('N21DCCN101',1),('N21DCCN102',1),('N21DCCN103',1),('N21DCCN104',1),('N21DCCN105',1),('N21DCCN106',1),('N21DCCN107',1),('N21DCCN108',1),('N21DCCN109',1),('N21DCCN110',1),('N21DCCN111',1),('N21DCCN112',1),('N21DCCN113',1),('N21DCCN114',1),('N21DCCN115',1),('N21DCCN117',1),('N21DCCN118',1),('N21DCCN119',1),('N21DCCN120',1),('N21DCCN121',1),('N21DCCN122',1),('N21DCCN123',1),('N21DCCN124',1),('N21DCCN126',1),('N21DCCN127',1),('N21DCCN128',1),('N21DCCN129',1),('N21DCCN130',1),('N21DCCN131',1),('N21DCCN132',1),('N21DCCN133',1),('N21DCCN134',1),('N21DCCN135',1),('N21DCCN136',1),('N21DCCN138',1),('N21DCCN139',1),('N21DCCN140',1),('N21DCCN142',1),('N21DCCN143',1),('N21DCCN144',1),('N21DCCN145',1),('N21DCCN147',1),('N21DCCN148',1),('N21DCCN149',1),('N21DCCN150',1),('N21DCCN151',1),('N21DCCN152',1),('N21DCCN153',1),('N21DCCN154',1),('N21DCCN156',1),('N21DCCN157',1),('N21DCCN158',1),('N21DCCN159',1),('N21DCCN160',1),('N21DCCN161',1),('N21DCCN162',1),('N21DCCN163',1),('N21DCCN164',1),('N21DCCN165',1),('N21DCCN166',1),('N21DCCN167',1),('N21DCCN169',1),('N21DCCN170',1),('N21DCCN171',1),('N21DCCN172',1),('N21DCCN173',1),('N21DCCN174',1),('N21DCCN175',1),('N21DCCN176',1),('N21DCCN177',1),('N21DCCN178',1),('N21DCCN179',1),('N21DCCN180',1),('N21DCCN181',1),('N21DCCN182',1),('N21DCCN183',1),('N21DCCN184',1),('N21DCCN186',1),('N21DCCN188',1),('N21DCCN189',1),('N21DCCN190',1),('N21DCCN191',1),('N21DCCN192',1),('N21DCCN193',1),('N21DCCN194',1),('N21DCDK001',1),('N21DCDK004',1),('N21DCDK005',1),('N21DCDK006',1),('N21DCDK007',1),('N21DCDK008',1),('N21DCDK009',1),('N21DCDK010',1),('N21DCDK013',1),('N21DCDK014',1),('N21DCDK015',1),('N21DCDK016',1),('N21DCDK017',1),('N21DCDK018',1),('N21DCDK019',1),('N21DCDK020',1),('N21DCDK022',1),('N21DCDK023',1),('N21DCDK024',1),('N21DCDK025',1),('N21DCDK026',1),('N21DCDK027',1),('N21DCDK028',1),('N21DCDK030',1),('N21DCDK031',1),('N21DCDK034',1),('N21DCDK036',1),('N21DCDK039',1),('N21DCPT001',1),('N21DCPT002',1),('N21DCPT004',1),('N21DCPT006',1),('N21DCPT007',1),('N21DCPT008',1),('N21DCPT009',1),('N21DCPT010',1),('N21DCPT011',1),('N21DCPT012',1),('N21DCPT013',1),('N21DCPT014',1),('N21DCPT015',1),('N21DCPT016',1),('N21DCPT017',1),('N21DCPT019',1),('N21DCPT020',1),('N21DCPT021',1),('N21DCPT022',1),('N21DCPT023',1),('N21DCPT024',1),('N21DCPT025',1),('N21DCPT026',1),('N21DCPT027',1),('N21DCPT028',1),('N21DCPT032',1),('N21DCPT033',1),('N21DCPT035',1),('N21DCPT037',1),('N21DCPT038',1),('N21DCPT039',1),('N21DCPT040',1),('N21DCPT041',1),('N21DCPT044',1),('N21DCPT045',1),('N21DCPT046',1),('N21DCPT048',1),('N21DCPT049',1),('N21DCPT050',1),('N21DCPT051',1),('N21DCPT052',1),('N21DCPT053',1),('N21DCPT054',1),('N21DCPT056',1),('N21DCPT057',1),('N21DCPT058',1),('N21DCPT059',1),('N21DCPT060',1),('N21DCPT063',1),('N21DCPT064',1),('N21DCPT065',1),('N21DCPT066',1),('N21DCPT067',1),('N21DCPT069',1),('N21DCPT070',1),('N21DCPT072',1),('N21DCPT073',1),('N21DCPT074',1),('N21DCPT075',1),('N21DCPT076',1),('N21DCPT080',1),('N21DCPT081',1),('N21DCPT082',1),('N21DCPT085',1),('N21DCPT086',1),('N21DCPT087',1),('N21DCPT088',1),('N21DCPT089',1),('N21DCPT090',1),('N21DCPT091',1),('N21DCPT092',1),('N21DCPT093',1),('N21DCPT094',1),('N21DCPT095',1),('N21DCPT096',1),('N21DCPT098',1),('N21DCPT099',1),('N21DCPT100',1),('N21DCPT102',1),('N21DCVT015',1),('N21DCVT054',1),('N21DCVT059',1),('N21DCVT073',1),('N21DCVT074',1),('N21DCVT075',1),('N21DCVT085',1),('N21DCVT104',1),('N21DCVT105',1),('N21DCVT128',1),('N21DTCN003',1),('N21DTCN008',1),('N21DTCN010',1),('N21DTCN015',1),('N21DTCN017',1),('211,017',2),('211,120',2),('GV-20214',2),('GV-20228',2),('GV-20237',2),('GV-20238',2),('GV-20282',2),('N18DCCN301',2),('211,017',3),('N18DCCN220',3);
/*!40000 ALTER TABLE `nguoidung_vaitro` ENABLE KEYS */;
UNLOCK TABLES;

--
-- Table structure for table `thi`
--

DROP TABLE IF EXISTS `thi`;
/*!40101 SET @saved_cs_client     = @@character_set_client */;
/*!50503 SET character_set_client = utf8mb4 */;
CREATE TABLE `thi` (
  `lanthi` smallint NOT NULL,
  `diem` float DEFAULT NULL,
  `macathi` int NOT NULL,
  `maltc` int NOT NULL,
  `masv` char(10) CHARACTER SET utf8mb3 COLLATE utf8mb3_general_ci NOT NULL,
  `madethi` int DEFAULT NULL,
  `dathi` tinyint(1) DEFAULT '0',
  PRIMARY KEY (`macathi`,`maltc`,`masv`,`lanthi`),
  KEY `FK560gut6o69cfoh15uargmrsla` (`maltc`,`masv`),
  KEY `FKihvcu43u9b8xtse44v8xlcqyb` (`madethi`),
  CONSTRAINT `FK560gut6o69cfoh15uargmrsla` FOREIGN KEY (`maltc`, `masv`) REFERENCES `dangky` (`maltc`, `masv`),
  CONSTRAINT `FKihvcu43u9b8xtse44v8xlcqyb` FOREIGN KEY (`madethi`) REFERENCES `dethi` (`madethi`),
  CONSTRAINT `FKkoeay0ww0v8ce3l47lcejk4fp` FOREIGN KEY (`macathi`) REFERENCES `cathi` (`macathi`)
) ENGINE=InnoDB DEFAULT CHARSET=utf8mb4 COLLATE=utf8mb4_0900_ai_ci;
/*!40101 SET character_set_client = @saved_cs_client */;

--
-- Dumping data for table `thi`
--

LOCK TABLES `thi` WRITE;
/*!40000 ALTER TABLE `thi` DISABLE KEYS */;
INSERT INTO `thi` VALUES (1,NULL,1,13,'N19DCCN176',1,0),(1,NULL,1,13,'N20DCCN094',1,0),(1,0.5,1,13,'N20DCCN105',1,1),(1,3,1,13,'N20DCCN110',1,0),(1,NULL,1,13,'N20DCCN115',1,0),(1,NULL,1,13,'N20DCCN121',1,0),(1,NULL,1,13,'N20DCCN139',1,0),(1,NULL,1,13,'N20DCCN141',1,0),(1,NULL,1,13,'N20DCCN149',1,0),(1,NULL,1,13,'N20DCCN156',1,0),(1,NULL,2,12,'N18DCCN117',1,0),(1,0,2,12,'N19DCCN158',1,0),(1,NULL,2,12,'N20DCCN002',1,0),(1,NULL,2,12,'N20DCCN003',1,0),(1,NULL,2,12,'N20DCCN010',1,0),(1,NULL,2,12,'N20DCCN014',1,0),(1,NULL,2,12,'N20DCCN016',1,0),(1,NULL,2,12,'N20DCCN018',1,0),(1,NULL,2,12,'N20DCCN024',1,0),(1,NULL,2,12,'N20DCCN028',1,0),(1,NULL,2,12,'N20DCCN038',1,0),(1,NULL,2,12,'N20DCCN047',1,0),(1,NULL,2,12,'N20DCCN049',1,0),(1,NULL,2,12,'N20DCCN055',1,0),(1,NULL,2,12,'N20DCCN058',1,0),(1,NULL,2,12,'N20DCCN063',1,0),(1,NULL,2,12,'N20DCCN064',1,0),(1,NULL,2,12,'N20DCCN068',1,0),(1,NULL,2,12,'N20DCCN069',1,0),(1,NULL,2,12,'N20DCCN081',1,0),(1,NULL,3,13,'N19DCAT009',9,0),(1,NULL,3,13,'N19DCAT022',9,0),(1,NULL,3,13,'N19DCCN062',9,0),(1,NULL,3,13,'N19DCCN086',9,0),(1,NULL,3,13,'N19DCCN110',9,0),(1,NULL,3,13,'N19DCCN164',9,0),(1,NULL,3,13,'N19DCCN182',9,0),(1,NULL,3,13,'N19DCCN195',9,0),(1,NULL,3,13,'N19DCCN206',9,0),(1,NULL,3,13,'N19DCCN222',9,0),(1,NULL,3,13,'N20DCCN059',9,0),(1,NULL,3,13,'N20DCCN088',9,0),(1,NULL,3,13,'N20DCCN089',9,0),(1,NULL,3,13,'N20DCCN090',9,0),(1,NULL,3,13,'N20DCCN091',9,0),(1,NULL,3,13,'N20DCCN092',9,0),(1,NULL,3,13,'N20DCCN093',9,0),(1,NULL,3,13,'N20DCCN095',9,0),(1,NULL,3,13,'N20DCCN096',9,0),(1,NULL,3,13,'N20DCCN097',9,0),(1,NULL,3,13,'N20DCCN098',9,0),(1,NULL,3,13,'N20DCCN099',9,0),(1,NULL,3,13,'N20DCCN100',9,0),(1,NULL,3,13,'N20DCCN104',9,0),(1,NULL,3,13,'N20DCCN106',9,0),(1,NULL,3,13,'N20DCCN107',9,0),(1,NULL,3,13,'N20DCCN108',9,0),(1,NULL,3,13,'N20DCCN109',9,0),(1,NULL,3,13,'N20DCCN111',9,0),(1,NULL,3,13,'N20DCCN112',9,0),(1,NULL,3,13,'N20DCCN113',9,0),(1,NULL,3,13,'N20DCCN114',9,0),(1,NULL,3,13,'N20DCCN117',9,0),(1,NULL,3,13,'N20DCCN118',9,0),(1,NULL,3,13,'N20DCCN120',9,0),(1,NULL,3,13,'N20DCCN122',9,0),(1,NULL,3,13,'N20DCCN123',9,0),(1,NULL,3,13,'N20DCCN126',9,0),(1,NULL,3,13,'N20DCCN127',9,0),(1,NULL,3,13,'N20DCCN128',9,0),(1,NULL,3,13,'N20DCCN129',9,0),(1,NULL,3,13,'N20DCCN130',9,0),(1,NULL,3,13,'N20DCCN131',9,0),(1,NULL,3,13,'N20DCCN133',9,0),(1,NULL,3,13,'N20DCCN134',9,0),(1,NULL,3,13,'N20DCCN135',9,0),(1,NULL,3,13,'N20DCCN136',9,0),(1,NULL,3,13,'N20DCCN137',9,0),(1,NULL,3,13,'N20DCCN138',9,0),(1,NULL,3,13,'N20DCCN140',9,0),(1,NULL,3,13,'N20DCCN142',9,0),(1,NULL,3,13,'N20DCCN143',9,0),(1,NULL,3,13,'N20DCCN144',9,0),(1,NULL,3,13,'N20DCCN146',9,0),(1,NULL,3,13,'N20DCCN147',9,0),(1,NULL,3,13,'N20DCCN148',9,0),(1,NULL,3,13,'N20DCCN150',9,0),(1,NULL,3,13,'N20DCCN151',9,0),(1,NULL,3,13,'N20DCCN152',9,0),(1,NULL,3,13,'N20DCCN153',9,0),(1,NULL,3,13,'N20DCCN154',9,0),(1,NULL,3,13,'N20DCCN155',9,0),(1,NULL,3,13,'N20DCCN157',9,0),(1,NULL,3,13,'N20DCCN158',9,0),(1,NULL,3,13,'N20DCCN159',9,0),(1,NULL,3,13,'N20DCCN160',9,0),(1,NULL,3,13,'N20DCCN161',9,0),(1,NULL,3,13,'N20DCCN162',9,0),(1,NULL,3,13,'N20DCCN163',9,0),(1,NULL,3,13,'N20DCCN165',9,0),(1,NULL,5,4,'N17DCDT055',11,0),(1,NULL,6,4,'N17DCCN093',12,0),(1,NULL,7,12,'N20DCCN012',13,0),(1,NULL,7,12,'N20DCCN056',13,0),(1,NULL,7,12,'N20DCCN085',13,0),(1,NULL,7,12,'N20DCCN102',13,0),(1,NULL,7,12,'N20DCCN125',13,0),(2,0,8,12,'N19DCCN158',14,0),(2,NULL,8,12,'N20DCCN002',14,0),(2,NULL,8,12,'N20DCCN003',14,0),(2,NULL,8,12,'N20DCCN010',14,0),(2,NULL,8,12,'N20DCCN014',14,0),(2,NULL,8,12,'N20DCCN016',14,0),(2,NULL,8,12,'N20DCCN018',14,0),(2,NULL,8,12,'N20DCCN024',14,0),(2,NULL,8,12,'N20DCCN063',14,0),(2,NULL,8,12,'N20DCCN068',14,0),(2,NULL,9,13,'N19DCCN176',16,0),(2,NULL,9,13,'N19DCCN195',16,0),(2,2,9,13,'N20DCCN090',16,0),(2,NULL,9,13,'N20DCCN094',16,0),(2,NULL,9,13,'N20DCCN097',16,0),(2,NULL,9,13,'N20DCCN098',16,0),(2,1.6,9,13,'N20DCCN105',16,1),(2,NULL,9,13,'N20DCCN110',16,0),(2,NULL,9,13,'N20DCCN114',16,0),(2,NULL,9,13,'N20DCCN115',16,0),(2,NULL,9,13,'N20DCCN121',16,0),(2,NULL,9,13,'N20DCCN128',16,0),(2,NULL,9,13,'N20DCCN139',16,0),(2,NULL,9,13,'N20DCCN141',16,0),(2,NULL,9,13,'N20DCCN143',16,0),(2,NULL,9,13,'N20DCCN149',16,0),(2,NULL,9,13,'N20DCCN156',16,0),(2,NULL,9,13,'N20DCCN157',16,0),(2,NULL,9,13,'N20DCCN162',16,0),(2,NULL,9,13,'N20DCCN163',16,0),(2,NULL,10,13,'N19DCAT009',17,0),(2,NULL,10,13,'N19DCAT022',17,0),(2,NULL,10,13,'N19DCCN062',17,0),(2,NULL,10,13,'N19DCCN086',17,0),(2,NULL,10,13,'N19DCCN110',17,0),(2,NULL,10,13,'N19DCCN164',17,0),(2,NULL,10,13,'N19DCCN182',17,0),(2,NULL,10,13,'N19DCCN206',17,0),(2,NULL,10,13,'N19DCCN222',17,0),(2,NULL,10,13,'N20DCCN059',17,0),(2,NULL,10,13,'N20DCCN088',17,0),(2,NULL,10,13,'N20DCCN089',17,0),(2,NULL,10,13,'N20DCCN091',17,0),(2,NULL,10,13,'N20DCCN092',17,0),(2,NULL,10,13,'N20DCCN093',17,0),(2,NULL,10,13,'N20DCCN095',17,0),(2,NULL,10,13,'N20DCCN096',17,0),(2,NULL,10,13,'N20DCCN099',17,0),(2,NULL,10,13,'N20DCCN100',17,0),(2,NULL,10,13,'N20DCCN104',17,0),(2,NULL,10,13,'N20DCCN106',17,0),(2,NULL,10,13,'N20DCCN107',17,0),(2,NULL,10,13,'N20DCCN108',17,0),(2,NULL,10,13,'N20DCCN109',17,0),(2,NULL,10,13,'N20DCCN111',17,0),(2,NULL,10,13,'N20DCCN112',17,0),(2,NULL,10,13,'N20DCCN113',17,0),(2,NULL,10,13,'N20DCCN117',17,0),(2,NULL,10,13,'N20DCCN118',17,0),(2,NULL,10,13,'N20DCCN120',17,0),(2,NULL,10,13,'N20DCCN122',17,0),(2,NULL,10,13,'N20DCCN123',17,0),(2,NULL,10,13,'N20DCCN126',17,0),(2,NULL,10,13,'N20DCCN127',17,0),(2,NULL,10,13,'N20DCCN129',17,0),(2,NULL,10,13,'N20DCCN130',17,0),(2,NULL,10,13,'N20DCCN131',17,0),(2,NULL,10,13,'N20DCCN133',17,0),(2,NULL,10,13,'N20DCCN134',17,0),(2,NULL,10,13,'N20DCCN135',17,0),(2,NULL,10,13,'N20DCCN136',17,0),(2,NULL,10,13,'N20DCCN137',17,0),(2,NULL,10,13,'N20DCCN138',17,0),(2,NULL,10,13,'N20DCCN140',17,0),(2,NULL,10,13,'N20DCCN142',17,0),(2,NULL,10,13,'N20DCCN144',17,0),(2,NULL,10,13,'N20DCCN146',17,0),(2,NULL,10,13,'N20DCCN147',17,0),(2,NULL,10,13,'N20DCCN148',17,0),(2,NULL,10,13,'N20DCCN150',17,0),(2,NULL,10,13,'N20DCCN151',17,0),(2,NULL,10,13,'N20DCCN152',17,0),(2,NULL,10,13,'N20DCCN153',17,0),(2,NULL,10,13,'N20DCCN154',17,0),(2,NULL,10,13,'N20DCCN155',17,0),(2,NULL,10,13,'N20DCCN158',17,0),(2,NULL,10,13,'N20DCCN159',17,0),(2,NULL,10,13,'N20DCCN160',17,0),(2,NULL,10,13,'N20DCCN161',17,0),(2,NULL,10,13,'N20DCCN165',17,0),(2,NULL,11,12,'N18DCCN117',18,0),(2,NULL,11,12,'N20DCCN028',18,0),(2,NULL,11,12,'N20DCCN038',18,0),(2,NULL,11,12,'N20DCCN047',18,0),(2,NULL,11,12,'N20DCCN049',18,0),(2,NULL,11,12,'N20DCCN055',18,0),(2,NULL,11,12,'N20DCCN056',18,0),(2,NULL,11,12,'N20DCCN058',18,0),(2,NULL,11,12,'N20DCCN064',18,0),(2,NULL,11,12,'N20DCCN069',18,0),(2,NULL,11,12,'N20DCCN081',18,0),(2,NULL,11,12,'N20DCCN085',18,0);
/*!40000 ALTER TABLE `thi` ENABLE KEYS */;
UNLOCK TABLES;

--
-- Table structure for table `vaitro`
--

DROP TABLE IF EXISTS `vaitro`;
/*!40101 SET @saved_cs_client     = @@character_set_client */;
/*!50503 SET character_set_client = utf8mb4 */;
CREATE TABLE `vaitro` (
  `mavaitro` int NOT NULL AUTO_INCREMENT,
  `tenvaitro` varchar(40) NOT NULL,
  PRIMARY KEY (`mavaitro`),
  UNIQUE KEY `UK_90akmj7x6di5l22dpyy52uyfa` (`tenvaitro`)
) ENGINE=InnoDB AUTO_INCREMENT=5 DEFAULT CHARSET=utf8mb4 COLLATE=utf8mb4_0900_ai_ci;
/*!40101 SET character_set_client = @saved_cs_client */;

--
-- Dumping data for table `vaitro`
--

LOCK TABLES `vaitro` WRITE;
/*!40000 ALTER TABLE `vaitro` DISABLE KEYS */;
INSERT INTO `vaitro` VALUES (2,'Giảng viên'),(3,'Quản trị viên'),(1,'Sinh viên');
/*!40000 ALTER TABLE `vaitro` ENABLE KEYS */;
UNLOCK TABLES;
/*!40103 SET TIME_ZONE=@OLD_TIME_ZONE */;

/*!40101 SET SQL_MODE=@OLD_SQL_MODE */;
/*!40014 SET FOREIGN_KEY_CHECKS=@OLD_FOREIGN_KEY_CHECKS */;
/*!40014 SET UNIQUE_CHECKS=@OLD_UNIQUE_CHECKS */;
/*!40101 SET CHARACTER_SET_CLIENT=@OLD_CHARACTER_SET_CLIENT */;
/*!40101 SET CHARACTER_SET_RESULTS=@OLD_CHARACTER_SET_RESULTS */;
/*!40101 SET COLLATION_CONNECTION=@OLD_COLLATION_CONNECTION */;
/*!40111 SET SQL_NOTES=@OLD_SQL_NOTES */;

-- Dump completed on 2022-12-13  7:59:02
